"university_code","name","slug","country","name_zh","name_en","city_zh","city_en","country_code","description_zh","description_en","popular","status"
"GB_IMPERIAL_COLLEGE_LONDON","帝国理工学院","imperial-college-london","United Kingdom","帝国理工学院","Imperial College London","伦敦","London","GB","","","False","DRAFT"
"GB_UNIVERSITY_OF_OXFORD","牛津大学","university-of-oxford","United Kingdom","牛津大学","University of Oxford","牛津","Oxford","GB","","The University of Oxford is a collegiate research university in Oxford, England. There is evidence of teaching as early as 1096, making it the oldest university in the English-speaking world and the world’s second-oldest university in continuous operation. It grew rapidly from 1167, when Henry II prohibited English students from attending the University of Paris. After escalating conflict between students and the Oxford townspeople, some Oxford academics fled northeast to Cambridge, where they established the University of Cambridge in 1209. The two universities share many common features and are jointly referred to as Oxbridge.","False","DRAFT"
"GB_UNIVERSITY_OF_CAMBRIDGE","剑桥大学","university-of-cambridge","United Kingdom","剑桥大学","University of Cambridge","剑桥","Cambridge","GB","","The University of Cambridge is one of the world’s leading universities, with a rich history of radical thinking dating back to 1209.","False","DRAFT"
"GB_UNIVERSITY_COLLEGE_LONDON","伦敦大学学院（UCL）","university-college-london","United Kingdom","伦敦大学学院（UCL）","UCL","伦敦","London","GB","","University College London, which operates as UCL, is a public research university in London, England. It is a member institution of the federal University of London, and is the second-largest university in the United Kingdom by total enrolment and the largest by postgraduate enrolment.","False","DRAFT"
"GB_UNIVERSITY_OF_EDINBURGH","爱丁堡大学","university-of-edinburgh","United Kingdom","爱丁堡大学","The University of Edinburgh","爱丁堡","Edinburgh","GB","","","False","DRAFT"
"GB_KINGS_COLLEGE_LONDON","伦敦国王学院","kings-college-london","United Kingdom","伦敦国王学院","King’s College London","伦敦","London","GB","","","False","DRAFT"
"GB_UNIVERSITY_OF_MANCHESTER","曼彻斯特大学","university-of-manchester","United Kingdom","曼彻斯特大学","The University of Manchester","曼彻斯特","Manchester","GB","","","False","DRAFT"
"GB_UNIVERSITY_OF_BRISTOL","布里斯托大学","university-of-bristol","United Kingdom","布里斯托大学","University of Bristol","布里斯托","Bristol","GB","","The University of Bristol is a public research university in Bristol, England. It received its royal charter in 1909, although it can trace its roots to University College, Bristol, established in 1876. Bristol Medical School, founded in 1833, was merged with the university college in 1893, and later became the university's school of medicine.","False","DRAFT"
"GB_LONDON_SCHOOL_OF_ECONOMICS","伦敦政治经济学院（LSE）","london-school-of-economics","United Kingdom","伦敦政治经济学院（LSE）","The London School of Economics and Political Science","伦敦","London","GB","","","False","DRAFT"
"GB_UNIVERSITY_OF_WARWICK","华威大学","university-of-warwick","United Kingdom","华威大学","University of Warwick","考文垂","Coventry","GB","","A leading UK university offering undergraduate and postgraduate programmes across arts, sciences, engineering and social sciences.","False","DRAFT"
"GB_UNIVERSITY_OF_BIRMINGHAM","伯明翰大学","university-of-birmingham","United Kingdom","伯明翰大学","University of Birmingham","伯明翰","Birmingham","GB","","","False","DRAFT"
"GB_UNIVERSITY_OF_GLASGOW","格拉斯哥大学","university-of-glasgow","United Kingdom","格拉斯哥大学","University of Glasgow","格拉斯哥","Glasgow","GB","","","False","DRAFT"
"GB_UNIVERSITY_OF_SOUTHAMPTON","南安普顿大学","university-of-southampton","United Kingdom","南安普顿大学","University of Southampton","南安普顿","Southampton","GB","","","False","DRAFT"
"GB_UNIVERSITY_OF_LEEDS","利兹大学","university-of-leeds","United Kingdom","利兹大学","University of Leeds","利兹","Leeds","GB","","","False","DRAFT"
"GB_UNIVERSITY_OF_SHEFFIELD","谢菲尔德大学","university-of-sheffield","United Kingdom","谢菲尔德大学","The University of Sheffield","谢菲尔德","Sheffield","GB","","","False","DRAFT"
"GB_DURHAM_UNIVERSITY","杜伦大学","durham-university","United Kingdom","杜伦大学","Durham University","杜伦","Durham","GB","","The University of Durham, which operates under the trading name of Durham University, is a collegiate public research university in Durham, England, founded by an Act of Parliament in 1832 and incorporated by royal charter in 1837. It was the first recognised university to open in England for more than 600 years, after Oxford and Cambridge, and is thus identified by historians as the third-oldest university in England. As a collegiate university, its main functions are divided between the academic departments of the university and its 17 colleges. In general, the departments perform research and provide teaching to students, while the colleges are responsible for their domestic arrangements and welfare.","False","DRAFT"
"GB_UNIVERSITY_OF_NOTTINGHAM","诺丁汉大学","university-of-nottingham","United Kingdom","诺丁汉大学","University of Nottingham","诺丁汉","Nottingham","GB","","","False","DRAFT"
"GB_UNIVERSITY_OF_ST_ANDREWS","圣安德鲁斯大学","university-of-st-andrews","United Kingdom","圣安德鲁斯大学","University of St Andrews","圣安德鲁斯","St Andrews","GB","","","False","DRAFT"
"GB_QUEEN_MARY_UNIVERSITY_OF_LONDON","伦敦玛丽女王大学","queen-mary-university-of-london","United Kingdom","伦敦玛丽女王大学","Queen Mary University of London","伦敦","London","GB","","Queen Mary University of London is a public research university in Mile End, East London, England. It is a member institution of the federal University of London. Queen Mary is a member of the Russell Group of research-intensive British universities, the Association of Commonwealth Universities and Universities UK.","False","DRAFT"
"GB_UNIVERSITY_OF_BATH","巴斯大学","university-of-bath","United Kingdom","巴斯大学","University of Bath","巴斯","Bath","GB","","","False","DRAFT"
"US_MASSACHUSETTS_INSTITUTE_OF_TECHNOLOGY","麻省理工学院（MIT）","massachusetts-institute-of-technology","United States","麻省理工学院（MIT）","Massachusetts Institute of Technology","马萨诸塞州剑桥","Cambridge, Massachusetts","US","","","False","DRAFT"
"US_STANFORD_UNIVERSITY","斯坦福大学","stanford-university","United States","斯坦福大学","Stanford University","加利福尼亚州斯坦福","Stanford, California","US","","","False","DRAFT"
"US_HARVARD_UNIVERSITY","哈佛大学","harvard-university","United States","哈佛大学","Harvard University","马萨诸塞州剑桥","Cambridge, Massachusetts","US","","","False","DRAFT"
"US_CALIFORNIA_INSTITUTE_OF_TECHNOLOGY","加州理工学院（Caltech）","california-institute-of-technology","United States","加州理工学院（Caltech）","California Institute of Technology","加利福尼亚州帕萨迪纳","Pasadena, California","US","","","False","DRAFT"
"US_UNIVERSITY_OF_PENNSYLVANIA","宾夕法尼亚大学","university-of-pennsylvania","United States","宾夕法尼亚大学","University of Pennsylvania","宾夕法尼亚州费城","Philadelphia, Pennsylvania","US","","","False","DRAFT"
"US_CORNELL_UNIVERSITY","康奈尔大学","cornell-university","United States","康奈尔大学","Cornell University","纽约州伊萨卡","Ithaca, New York","US","","","False","DRAFT"
"US_YALE_UNIVERSITY","耶鲁大学","yale-university","United States","耶鲁大学","Yale University","康涅狄格州纽黑文","New Haven, Connecticut","US","","","False","DRAFT"
"US_JOHNS_HOPKINS_UNIVERSITY","约翰斯·霍普金斯大学","johns-hopkins-university","United States","约翰斯·霍普金斯大学","Johns Hopkins University","马里兰州巴尔的摩","Baltimore, Maryland","US","","Johns Hopkins University (JHU), often abbreviated as Hopkins, is a private research university in Baltimore, Maryland, United States. Incorporated in 1867 and opened in 1876 based on the European research institution model, Johns Hopkins is considered to be the first research university in the U.S.","False","DRAFT"
"US_UNIVERSITY_OF_CALIFORNIA_BERKELEY","加州大学伯克利分校（UC Berkeley）","university-of-california-berkeley","United States","加州大学伯克利分校（UC Berkeley）","University of California, Berkeley","加利福尼亚州伯克利","Berkeley, California","US","","","False","DRAFT"
"US_UNIVERSITY_OF_CHICAGO","芝加哥大学","university-of-chicago","United States","芝加哥大学","University of Chicago","伊利诺伊州芝加哥","Chicago, Illinois","US","","","False","DRAFT"
"US_PRINCETON_UNIVERSITY","普林斯顿大学","princeton-university","United States","普林斯顿大学","Princeton University","新泽西州普林斯顿","Princeton, New Jersey","US","","Princeton University is a private Ivy League research university in Princeton, New Jersey, United States. Founded in 1746 in Elizabeth as the College of New Jersey, Princeton is the fourth-oldest institution of higher education in the United States and one of the nine colonial colleges chartered before the American Revolution. The institution moved to Newark in 1747 and then to its Mercer County campus in Princeton nine years later. It officially became a university in 1896 and was subsequently renamed Princeton University.","False","DRAFT"
"US_COLUMBIA_UNIVERSITY","哥伦比亚大学","columbia-university","United States","哥伦比亚大学","Columbia University","纽约州纽约市","New York City, New York","US","","Columbia University in the City of New York, commonly referred to as Columbia University, is a private Ivy League research university in New York City, United States. Established in 1754 as King's College by royal charter under George II of Great Britain on the grounds of Trinity Church in Manhattan, it is the oldest institution of higher education in New York and the fifth-oldest in the United States.","False","DRAFT"
"US_NORTHWESTERN_UNIVERSITY","西北大学","northwestern-university","United States","西北大学","Northwestern University","伊利诺伊州埃文斯顿","Evanston, Illinois","US","","","False","DRAFT"
"US_UNIVERSITY_OF_CALIFORNIA_LOS_ANGELES","加州大学洛杉矶分校（UCLA）","university-of-california-los-angeles","United States","加州大学洛杉矶分校（UCLA）","University of California, Los Angeles","加利福尼亚州洛杉矶","Los Angeles, California","US","","","False","DRAFT"
"US_UNIVERSITY_OF_MICHIGAN_ANN_ARBOR","密歇根大学安娜堡分校","university-of-michigan-ann-arbor","United States","密歇根大学安娜堡分校","University of Michigan-Ann Arbor","密歇根州安娜堡","Ann Arbor, Michigan","US","","The University of Michigan is a public research university in Ann Arbor, Michigan, United States. It was founded in 1817 and is the oldest institution of higher education in the state. It is also one of the earliest American research universities and is a founding member of the Association of American Universities.","False","DRAFT"
"US_CARNEGIE_MELLON_UNIVERSITY","卡内基梅隆大学","carnegie-mellon-university","United States","卡内基梅隆大学","Carnegie Mellon University","宾夕法尼亚州匹兹堡","Pittsburgh, Pennsylvania","US","","Carnegie Mellon University","False","DRAFT"
"US_NEW_YORK_UNIVERSITY","纽约大学（NYU）","new-york-university","United States","纽约大学（NYU）","New York University","纽约州纽约市","New York City, New York","US","","","False","DRAFT"
"US_BROWN_UNIVERSITY","布朗大学","brown-university","United States","布朗大学","Brown University","罗得岛州普罗维登斯","Providence, Rhode Island","US","","","False","DRAFT"
"US_DUKE_UNIVERSITY","杜克大学","duke-university","United States","杜克大学","Duke University","北卡罗来纳州达勒姆","Durham, North Carolina","US","","","False","DRAFT"
"US_UNIVERSITY_OF_TEXAS_AT_AUSTIN","得克萨斯大学奥斯汀分校","university-of-texas-at-austin","United States","得克萨斯大学奥斯汀分校","The University of Texas at Austin","得克萨斯州奥斯汀","Austin, Texas","US","","","False","DRAFT"
"AU_UNSW_SYDNEY","新南威尔士大学（UNSW Sydney）","unsw-sydney","Australia","新南威尔士大学（UNSW Sydney）","UNSW Sydney","悉尼","Sydney","AU","","","False","DRAFT"
"AU_UNIVERSITY_OF_MELBOURNE","墨尔本大学","university-of-melbourne","Australia","墨尔本大学","The University of Melbourne","墨尔本","Melbourne","AU","","The University of Melbourne is a public research university located in Melbourne, Australia. Founded in 1853, it is Australia's second oldest university and the oldest in the state of Victoria. Its main campus is located in Parkville, an inner suburb north of Melbourne's central business district, with several other campuses located across the state of Victoria.","False","DRAFT"
"AU_UNIVERSITY_OF_SYDNEY","悉尼大学","university-of-sydney","Australia","悉尼大学","The University of Sydney","悉尼","Sydney","AU","","","False","DRAFT"
"AU_AUSTRALIAN_NATIONAL_UNIVERSITY","澳大利亚国立大学（ANU）","australian-national-university","Australia","澳大利亚国立大学（ANU）","The Australian National University","堪培拉","Canberra","AU","","","False","DRAFT"
"AU_MONASH_UNIVERSITY","莫纳什大学","monash-university","Australia","莫纳什大学","Monash University","墨尔本","Melbourne","AU","","Monash University is a public research university based in Melbourne, Victoria, Australia. Named after World War I general Sir John Monash, it was founded in 1958. The university has a number of campuses, four of which are in Victoria, one in Malaysia and another one in Indonesia. Monash has a research and teaching centre in Prato, Italy, a graduate research school in Mumbai, India, and graduate schools in Suzhou, China, and Tangerang, Indonesia.","False","DRAFT"
"AU_UNIVERSITY_OF_QUEENSLAND","昆士兰大学","university-of-queensland","Australia","昆士兰大学","The University of Queensland","布里斯班","Brisbane","AU","","","False","DRAFT"
"AU_UNIVERSITY_OF_WESTERN_AUSTRALIA","西澳大学","university-of-western-australia","Australia","西澳大学","The University of Western Australia","珀斯","Perth","AU","","","False","DRAFT"
"AU_ADELAIDE_UNIVERSITY","阿德莱德大学","adelaide-university","Australia","阿德莱德大学","Adelaide University","阿德莱德","Adelaide","AU","","Adelaide University is a public Australian university established in 2026 through the merger of the University of Adelaide and the University of South Australia.","False","DRAFT"
"AU_UNIVERSITY_OF_TECHNOLOGY_SYDNEY","悉尼科技大学（UTS）","university-of-technology-sydney","Australia","悉尼科技大学（UTS）","University of Technology Sydney","悉尼","Sydney","AU","","","False","DRAFT"
"AU_RMIT_UNIVERSITY","皇家墨尔本理工大学（RMIT）","rmit-university","Australia","皇家墨尔本理工大学（RMIT）","RMIT University","墨尔本","Melbourne","AU","","RMIT University is an international university of technology, design and enterprise.","False","DRAFT"
"AU_MACQUARIE_UNIVERSITY","麦考瑞大学","macquarie-university","Australia","麦考瑞大学","Macquarie University","悉尼","Sydney","AU","","Macquarie University is a public research university in Sydney, New South Wales, Australia. Founded in 1964 by the New South Wales Government, it was the third university to be established in the Sydney metropolitan area.","False","DRAFT"
"AU_CURTIN_UNIVERSITY","科廷大学","curtin-university","Australia","科廷大学","Curtin University","珀斯","Perth","AU","","","False","DRAFT"
"AU_UNIVERSITY_OF_WOLLONGONG","伍伦贡大学","university-of-wollongong","Australia","伍伦贡大学","University of Wollongong","伍伦贡","Wollongong","AU","","","False","DRAFT"
"AU_DEAKIN_UNIVERSITY","迪肯大学","deakin-university","Australia","迪肯大学","Deakin University","墨尔本","Melbourne","AU","","Deakin University is a public research university in the state of Victoria, Australia. Its largest campus is in Victoria's state capital Melbourne, with regional campuses in Geelong and Warrnambool. The university was named after Alfred Deakin, the early Prime Minister of Australia and a founding father of Australian Federation.","False","DRAFT"
"AU_GRIFFITH_UNIVERSITY","格里菲斯大学","griffith-university","Australia","格里菲斯大学","Griffith University","布里斯班","Brisbane","AU","","Griffith University is a public research university in South East Queensland, Australia. The university was founded in 1971 and officially opened in 1975. The university has five campuses, at Gold Coast, Nathan, Logan, South Bank, and Mount Gravatt. A sixth campus, to be located at the Treasury Building in the Brisbane CBD, will open in 2027. The university was named in honour of Sir Samuel Walker Griffith, who was twice Premier of Queensland and the first Chief Justice of the High Court of Australia.","False","DRAFT"
"AU_QUEENSLAND_UNIVERSITY_OF_TECHNOLOGY","昆士兰科技大学（QUT）","queensland-university-of-technology","Australia","昆士兰科技大学（QUT）","Queensland University of Technology","布里斯班","Brisbane","AU","","The Queensland University of Technology (QUT) is a public research university located in the city of Brisbane in Queensland, Australia. It has two major campuses, a city campus in Gardens Point and a campus in Kelvin Grove. The university offers courses in fields including architecture, engineering, information technology, healthcare, teaching, law, arts and design, science and mathematics.","False","DRAFT"
"AU_LA_TROBE_UNIVERSITY","拉筹伯大学","la-trobe-university","Australia","拉筹伯大学","La Trobe University","墨尔本","Melbourne","AU","","La Trobe University is a public research university based in Melbourne, Victoria, Australia. Its main campus is located in the suburb of Bundoora. The university was established in 1964, becoming the third university in the state of Victoria and the twelfth university in Australia. La Trobe is one of the Australian verdant universities and also part of the Innovative Research Universities group.","False","DRAFT"
"AU_UNIVERSITY_OF_NEWCASTLE","纽卡斯尔大学","university-of-newcastle","Australia","纽卡斯尔大学","The University of Newcastle","纽卡斯尔","Newcastle","AU","","The University of Newcastle is a public university in Newcastle, New South Wales, Australia. Established in 1965, it has a primary campus in the Newcastle suburb of Callaghan. The university also operates campuses in Central Coast, Singapore, the Newcastle CBD and Sydney.","False","DRAFT"
"AU_SWINBURNE_UNIVERSITY_OF_TECHNOLOGY","斯威本科技大学","swinburne-university-of-technology","Australia","斯威本科技大学","Swinburne University of Technology","墨尔本","Melbourne","AU","","","False","DRAFT"
"AU_UNIVERSITY_OF_TASMANIA","塔斯马尼亚大学","university-of-tasmania","Australia","塔斯马尼亚大学","University of Tasmania","霍巴特","Hobart","AU","","The University of Tasmania (UTAS) is a public research university, primarily located in Tasmania, Australia. Founded in 1890, it is Australia's fourth oldest university. Christ College, one of the university's residential colleges, first proposed in 1840 in Lieutenant-Governor Sir John Franklin's Legislative Council, was modelled on the Oxford and Cambridge colleges, and was founded in 1846, making it the oldest tertiary institution in the country. The university is a sandstone university, a member of the international Association of Commonwealth Universities, and the Association of Southeast Asian Institutions of Higher Learning.","False","DRAFT"
"SG_NATIONAL_UNIVERSITY_OF_SINGAPORE","新加坡国立大学（NUS）","national-university-of-singapore","Singapore","新加坡国立大学（NUS）","National University of Singapore","新加坡","Singapore","SG","","The National University of Singapore (NUS) is a national public research university in Singapore. It was officially established in 1980 through the government-directed merger of the public University of Singapore and the private Nanyang University.","False","DRAFT"
"SG_NANYANG_TECHNOLOGICAL_UNIVERSITY","南洋理工大学（NTU）","nanyang-technological-university","Singapore","南洋理工大学（NTU）","Nanyang Technological University, Singapore","新加坡","Singapore","SG","","","False","DRAFT"
"SG_SINGAPORE_UNIVERSITY_OF_TECHNOLOGY_AND_DESIGN","新加坡科技设计大学（SUTD）","singapore-university-of-technology-and-design","Singapore","新加坡科技设计大学（SUTD）","Singapore University of Technology and Design","新加坡","Singapore","SG","","","False","DRAFT"
"SG_SINGAPORE_MANAGEMENT_UNIVERSITY","新加坡管理大学（SMU）","singapore-management-university","Singapore","新加坡管理大学（SMU）","Singapore Management University","新加坡","Singapore","SG","","","False","DRAFT"
"SG_SINGAPORE_INSTITUTE_OF_TECHNOLOGY","新加坡理工大学（SIT）","singapore-institute-of-technology","Singapore","新加坡理工大学（SIT）","Singapore Institute of Technology","新加坡","Singapore","SG","","","False","DRAFT"
"SG_SINGAPORE_UNIVERSITY_OF_SOCIAL_SCIENCES","新跃社科大学（SUSS）","singapore-university-of-social-sciences","Singapore","新跃社科大学（SUSS）","Singapore University of Social Sciences","新加坡","Singapore","SG","","The Singapore University of Social Sciences (SUSS) is a public autonomous university in Singapore. Established in 2017 through the restructuring of SIM University, SUSS focuses on applied degree programmes primarily in the social sciences.","False","DRAFT"
"SG_UNIVERSITY_OF_THE_ARTS_SINGAPORE","新加坡艺术大学（UAS）","university-of-the-arts-singapore","Singapore","新加坡艺术大学（UAS）","University of the Arts Singapore","新加坡","Singapore","SG","","","False","DRAFT"
"SG_INSEAD_ASIA_CAMPUS","欧洲工商管理学院亚洲校区（INSEAD）","insead-asia-campus","Singapore","欧洲工商管理学院亚洲校区（INSEAD）","INSEAD Asia Campus","新加坡","Singapore","SG","","INSEAD is a non-profit business school with locations in France (Fontainebleau), Singapore, the United Arab Emirates, and the United States.","False","DRAFT"
"SG_ESSEC_ASIA_PACIFIC","埃塞克商学院亚太校区（ESSEC）","essec-asia-pacific","Singapore","埃塞克商学院亚太校区（ESSEC）","ESSEC Asia-Pacific","新加坡","Singapore","SG","","ESSEC Business School is a French business school and Grande école. Its main campus is located in Cergy, with additional campuses in Paris, Rabat, and Singapore.","False","DRAFT"
"SG_TUM_ASIA","慕尼黑工业大学亚洲校区（TUM Asia）","tum-asia","Singapore","慕尼黑工业大学亚洲校区（TUM Asia）","Technical University of Munich Asia (TUM Asia)","新加坡","Singapore","SG","","","False","DRAFT"
"SG_SP_JAIN_SINGAPORE","SP Jain全球管理学院新加坡校区","sp-jain-singapore","Singapore","SP Jain全球管理学院新加坡校区","SP Jain School of Global Management Singapore","新加坡","Singapore","SG","","","False","DRAFT"
"SG_DIGIPEN_SINGAPORE","迪吉彭理工学院新加坡校区（DigiPen）","digipen-singapore","Singapore","迪吉彭理工学院新加坡校区（DigiPen）","DigiPen Institute of Technology Singapore","新加坡","Singapore","SG","","","False","DRAFT"
"SG_SORBONNE_ASSAS_ASIA","索邦—阿萨斯国际法学院亚洲校区","sorbonne-assas-asia","Singapore","索邦—阿萨斯国际法学院亚洲校区","Sorbonne-Assas International Law School – Asia","新加坡","Singapore","SG","","Paris-Panthéon-Assas University, abbreviated as Assas University and commonly known as Assas or Paris 2, is a public research university in Paris, France.","False","DRAFT"
"SG_EHL_CAMPUS_SINGAPORE","洛桑酒店管理学院新加坡校区（EHL）","ehl-campus-singapore","Singapore","洛桑酒店管理学院新加坡校区（EHL）","EHL Campus Singapore","新加坡","Singapore","SG","","EHL Hospitality Business School, formerly known as École hôtelière de Lausanne, is a hospitality management school in Switzerland. The school is often seen as one of the best of its kind in the world, training its students to obtain managerial careers in the hotel and hospitality industries.","False","DRAFT"
"SG_DUKE_NUS_MEDICAL_SCHOOL","杜克—新加坡国立大学医学院（Duke-NUS）","duke-nus-medical-school","Singapore","杜克—新加坡国立大学医学院（Duke-NUS）","Duke-NUS Medical School","新加坡","Singapore","SG","","","False","DRAFT"
"SG_JAMES_COOK_UNIVERSITY_SINGAPORE","詹姆斯库克大学新加坡校区（JCU）","james-cook-university-singapore","Singapore","詹姆斯库克大学新加坡校区（JCU）","James Cook University Singapore","新加坡","Singapore","SG","","James Cook University in Singapore is a branch campus of James Cook University, a public research university based in Australia. Established in 2003, it is currently the only overseas institution with university status in Singapore. It is located between Kallang and Geylang in the Central Region on the former site of the Manjusri Secondary School.","False","DRAFT"
"SG_CURTIN_SINGAPORE","科廷大学新加坡校区","curtin-singapore","Singapore","科廷大学新加坡校区","Curtin Singapore","新加坡","Singapore","SG","","","False","DRAFT"
"SG_SIM_GLOBAL_EDUCATION","新加坡管理学院（SIM）","sim-global-education","Singapore","新加坡管理学院（SIM）","Singapore Institute of Management","新加坡","Singapore","SG","","","False","DRAFT"
"SG_KAPLAN_SINGAPORE","新加坡楷博高等教育学院（Kaplan）","kaplan-singapore","Singapore","新加坡楷博高等教育学院（Kaplan）","Kaplan Singapore","新加坡","Singapore","SG","","Kaplan provides a future-ready curriculum, giving students access to renowned universities around the world. From on-campus to online degrees in Singapore, we help you become the best version of yourself.","False","DRAFT"
"SG_PSB_ACADEMY","新加坡PSB学院（PSB Academy）","psb-academy","Singapore","新加坡PSB学院（PSB Academy）","PSB Academy Singapore","新加坡","Singapore","SG","","PSB Academy is a leading private education institution in Singapore, offering a wide range of diploma, degree, and postgraduate programmes in disciplines such as business, engineering, IT, and life sciences. With modern facilities, industry-relevant curricula, and experienced faculty, we provide quality education that prepares students for global careers. As one of Singapore’s trusted learning institutions, PSB Academy is committed to shaping future-ready graduates through innovative teaching and holistic learning experiences.","False","DRAFT"
