programme_code,language_code
UM_BACHELOR_001,ENGLISH
UM_BACHELOR_002,ENGLISH
UM_BACHELOR_003,ENGLISH
UM_BACHELOR_004,ENGLISH
UM_BACHELOR_005,ENGLISH
UM_BACHELOR_006,ENGLISH
UM_BACHELOR_007,ENGLISH
UM_BACHELOR_008,ENGLISH
UM_BACHELOR_009,ENGLISH
UM_BACHELOR_010,ENGLISH
UM_BACHELOR_011,ENGLISH
UM_BACHELOR_012,ENGLISH
UM_BACHELOR_013,ENGLISH
UM_BACHELOR_014,ENGLISH
UM_BACHELOR_015,ENGLISH
UM_BACHELOR_016,ENGLISH
UM_BACHELOR_017,ENGLISH
UM_BACHELOR_018,ENGLISH
UM_BACHELOR_019,ENGLISH
UM_BACHELOR_020,ENGLISH
UM_BACHELOR_021,ENGLISH
UM_BACHELOR_022,ENGLISH
UM_BACHELOR_023,ENGLISH
UM_BACHELOR_024,ENGLISH
UM_BACHELOR_025,ENGLISH
UM_BACHELOR_026,ENGLISH
UM_BACHELOR_027,ENGLISH
UM_BACHELOR_028,ENGLISH
UM_BACHELOR_029,ENGLISH
UM_BACHELOR_030,ENGLISH
UM_BACHELOR_031,ENGLISH
UM_BACHELOR_032,ENGLISH
UM_BACHELOR_033,ENGLISH
UM_BACHELOR_034,ENGLISH
UM_BACHELOR_035,ENGLISH
UM_BACHELOR_036,ENGLISH
UM_BACHELOR_037,ENGLISH
UM_BACHELOR_038,ENGLISH
UM_BACHELOR_039,ENGLISH
UM_BACHELOR_040,ENGLISH
UM_BACHELOR_041,ENGLISH
UM_BACHELOR_042,ENGLISH
UM_BACHELOR_043,ENGLISH
UM_BACHELOR_044,ENGLISH
UM_BACHELOR_045,ENGLISH
UM_BACHELOR_046,ENGLISH
UM_BACHELOR_047,ENGLISH
UM_BACHELOR_048,ENGLISH
UM_BACHELOR_049,ENGLISH
UM_BACHELOR_050,ENGLISH
UM_BACHELOR_051,ENGLISH
UM_BACHELOR_052,ENGLISH
UM_BACHELOR_053,ENGLISH
UM_BACHELOR_054,ENGLISH
UM_BACHELOR_055,ENGLISH
UM_BACHELOR_056,ENGLISH
UM_BACHELOR_057,ENGLISH
UM_BACHELOR_058,ENGLISH
UM_BACHELOR_059,ENGLISH
UM_BACHELOR_060,ENGLISH
UM_BACHELOR_061,ENGLISH
UM_BACHELOR_062,ENGLISH
UM_BACHELOR_063,ENGLISH
UM_BACHELOR_064,ENGLISH
UM_BACHELOR_065,ENGLISH
UM_BACHELOR_066,ENGLISH
UM_BACHELOR_067,ENGLISH
UM_BACHELOR_068,ENGLISH
UM_BACHELOR_069,ENGLISH
UM_BACHELOR_070,ENGLISH
UM_BACHELOR_071,ENGLISH
UM_BACHELOR_072,ENGLISH
UM_BACHELOR_073,ENGLISH
UM_BACHELOR_074,ENGLISH
UM_BACHELOR_075,ENGLISH
UM_BACHELOR_076,ENGLISH
UM_BACHELOR_077,ENGLISH
UM_BACHELOR_078,ENGLISH
UM_BACHELOR_079,ENGLISH
UM_BACHELOR_080,ENGLISH
UKM_BACHELOR_001,ENGLISH
UKM_BACHELOR_002,ENGLISH
UKM_BACHELOR_003,ENGLISH
UKM_BACHELOR_004,ENGLISH
UKM_BACHELOR_005,ENGLISH
UKM_BACHELOR_006,ENGLISH
UKM_BACHELOR_007,ENGLISH
UKM_BACHELOR_008,ENGLISH
UKM_BACHELOR_009,ENGLISH
UKM_BACHELOR_010,ENGLISH
UKM_BACHELOR_011,ENGLISH
UKM_BACHELOR_012,ENGLISH
UKM_BACHELOR_013,ENGLISH
UKM_BACHELOR_014,ENGLISH
UKM_BACHELOR_015,ENGLISH
UKM_BACHELOR_016,ENGLISH
UKM_BACHELOR_017,ENGLISH
UKM_BACHELOR_018,ENGLISH
UKM_BACHELOR_019,ENGLISH
UKM_BACHELOR_020,ENGLISH
UKM_BACHELOR_021,ENGLISH
UKM_BACHELOR_022,ENGLISH
UKM_BACHELOR_023,ENGLISH
UKM_BACHELOR_024,ENGLISH
UKM_BACHELOR_025,ENGLISH
UKM_BACHELOR_026,ENGLISH
UKM_BACHELOR_027,ENGLISH
UKM_BACHELOR_028,ENGLISH
UKM_BACHELOR_029,ENGLISH
UKM_BACHELOR_030,ENGLISH
UKM_BACHELOR_031,ENGLISH
UKM_BACHELOR_032,ENGLISH
UKM_BACHELOR_033,ENGLISH
UKM_BACHELOR_034,ENGLISH
UKM_BACHELOR_035,ENGLISH
UKM_BACHELOR_036,ENGLISH
UKM_BACHELOR_037,ENGLISH
UKM_BACHELOR_038,ENGLISH
UKM_BACHELOR_039,ENGLISH
UKM_BACHELOR_040,ENGLISH
UKM_BACHELOR_041,ENGLISH
UKM_BACHELOR_042,ENGLISH
UKM_BACHELOR_043,ENGLISH
UKM_BACHELOR_044,ENGLISH
UKM_BACHELOR_045,ENGLISH
UKM_BACHELOR_046,ENGLISH
UKM_BACHELOR_047,ENGLISH
UKM_BACHELOR_048,ENGLISH
UKM_BACHELOR_049,ENGLISH
UKM_BACHELOR_050,ENGLISH
UKM_BACHELOR_051,ENGLISH
UKM_BACHELOR_052,ENGLISH
UKM_BACHELOR_053,ENGLISH
UKM_BACHELOR_054,ENGLISH
UKM_BACHELOR_055,ENGLISH
UKM_BACHELOR_056,ENGLISH
UKM_BACHELOR_057,ENGLISH
UKM_BACHELOR_058,ENGLISH
UKM_BACHELOR_059,ENGLISH
UKM_BACHELOR_060,ENGLISH
UKM_BACHELOR_061,ENGLISH
UKM_BACHELOR_062,ENGLISH
UKM_BACHELOR_063,ENGLISH
UKM_BACHELOR_064,ENGLISH
UKM_BACHELOR_065,ENGLISH
UKM_BACHELOR_066,ENGLISH
UKM_BACHELOR_067,ENGLISH
UKM_BACHELOR_068,ENGLISH
UKM_BACHELOR_069,ENGLISH
UKM_BACHELOR_070,ENGLISH
UKM_BACHELOR_071,ENGLISH
UKM_BACHELOR_072,ENGLISH
UKM_BACHELOR_073,ENGLISH
UKM_BACHELOR_074,ENGLISH
UKM_BACHELOR_075,ENGLISH
UKM_BACHELOR_076,ENGLISH
UTM_BACHELOR_001,ENGLISH
UTM_BACHELOR_002,ENGLISH
UTM_BACHELOR_003,ENGLISH
UTM_BACHELOR_004,ENGLISH
UTM_BACHELOR_005,ENGLISH
UTM_BACHELOR_006,ENGLISH
UTM_BACHELOR_007,ENGLISH
UTM_BACHELOR_008,ENGLISH
UTM_BACHELOR_009,ENGLISH
UTM_BACHELOR_010,ENGLISH
UTM_BACHELOR_011,ENGLISH
UTM_BACHELOR_012,ENGLISH
UTM_BACHELOR_013,ENGLISH
UTM_BACHELOR_014,ENGLISH
UTM_BACHELOR_015,ENGLISH
UTM_BACHELOR_016,ENGLISH
UTM_BACHELOR_017,ENGLISH
UTM_BACHELOR_018,ENGLISH
UTM_BACHELOR_019,ENGLISH
UTM_BACHELOR_020,ENGLISH
UTM_BACHELOR_021,ENGLISH
UTM_BACHELOR_022,ENGLISH
UTM_BACHELOR_023,ENGLISH
UTM_BACHELOR_024,ENGLISH
UTM_BACHELOR_025,ENGLISH
UTM_BACHELOR_026,ENGLISH
UTM_BACHELOR_027,ENGLISH
UTM_BACHELOR_028,ENGLISH
UTM_BACHELOR_029,ENGLISH
UTM_BACHELOR_030,ENGLISH
UTM_BACHELOR_031,ENGLISH
UTM_BACHELOR_032,ENGLISH
UTM_BACHELOR_033,ENGLISH
UTM_BACHELOR_034,ENGLISH
UTM_BACHELOR_035,ENGLISH
UTM_BACHELOR_036,ENGLISH
UTM_BACHELOR_037,ENGLISH
UTM_BACHELOR_038,ENGLISH
UTM_BACHELOR_039,ENGLISH
UTM_BACHELOR_040,ENGLISH
UTM_BACHELOR_041,ENGLISH
UTM_BACHELOR_042,ENGLISH
UTM_BACHELOR_043,ENGLISH
UTM_BACHELOR_044,ENGLISH
UTM_BACHELOR_045,ENGLISH
UTM_BACHELOR_046,ENGLISH
UTM_BACHELOR_047,ENGLISH
UTM_BACHELOR_048,ENGLISH
UPM_BACHELOR_001,ENGLISH
UPM_BACHELOR_002,ENGLISH
UPM_BACHELOR_003,ENGLISH
UPM_BACHELOR_004,ENGLISH
UPM_BACHELOR_005,ENGLISH
UPM_BACHELOR_006,ENGLISH
UPM_BACHELOR_007,ENGLISH
UPM_BACHELOR_008,ENGLISH
UPM_BACHELOR_009,ENGLISH
UPM_BACHELOR_010,ENGLISH
UPM_BACHELOR_011,ENGLISH
UPM_BACHELOR_012,ENGLISH
UPM_BACHELOR_013,ENGLISH
UPM_BACHELOR_014,ENGLISH
UPM_BACHELOR_015,ENGLISH
UPM_BACHELOR_016,ENGLISH
UPM_BACHELOR_017,ENGLISH
UPM_BACHELOR_018,ENGLISH
UPM_BACHELOR_019,ENGLISH
UPM_BACHELOR_020,ENGLISH
UPM_BACHELOR_021,ENGLISH
UPM_BACHELOR_022,ENGLISH
UPM_BACHELOR_023,ENGLISH
UPM_BACHELOR_024,ENGLISH
UPM_BACHELOR_025,ENGLISH
UPM_BACHELOR_026,ENGLISH
UPM_BACHELOR_027,ENGLISH
UPM_BACHELOR_028,ENGLISH
UPM_BACHELOR_029,ENGLISH
UPM_BACHELOR_030,ENGLISH
UPM_BACHELOR_031,ENGLISH
UPM_BACHELOR_032,ENGLISH
UPM_BACHELOR_033,ENGLISH
UPM_BACHELOR_034,ENGLISH
UPM_BACHELOR_035,ENGLISH
UPM_BACHELOR_036,ENGLISH
UPM_BACHELOR_037,ENGLISH
UPM_BACHELOR_038,ENGLISH
UPM_BACHELOR_039,ENGLISH
UPM_BACHELOR_040,ENGLISH
UPM_BACHELOR_041,ENGLISH
UPM_BACHELOR_042,ENGLISH
UPM_BACHELOR_043,ENGLISH
UPM_BACHELOR_044,ENGLISH
UPM_BACHELOR_045,ENGLISH
UPM_BACHELOR_046,ENGLISH
UPM_BACHELOR_047,ENGLISH
UPM_BACHELOR_048,ENGLISH
UPM_BACHELOR_049,ENGLISH
UPM_BACHELOR_050,ENGLISH
UPM_BACHELOR_051,ENGLISH
UPM_BACHELOR_052,ENGLISH
UPM_BACHELOR_053,ENGLISH
UPM_BACHELOR_054,ENGLISH
UPM_BACHELOR_055,ENGLISH
UPM_BACHELOR_056,ENGLISH
UPM_BACHELOR_057,ENGLISH
UPM_BACHELOR_058,ENGLISH
UPM_BACHELOR_059,ENGLISH
UPM_BACHELOR_060,ENGLISH
UPM_BACHELOR_061,ENGLISH
UPM_BACHELOR_062,ENGLISH
UPM_BACHELOR_063,ENGLISH
UPM_BACHELOR_064,ENGLISH
UPM_BACHELOR_065,ENGLISH
UPM_BACHELOR_066,ENGLISH
UPM_BACHELOR_067,ENGLISH
UPM_BACHELOR_068,ENGLISH
UPM_BACHELOR_069,ENGLISH
UPM_BACHELOR_070,ENGLISH
UPM_BACHELOR_071,ENGLISH
UPM_BACHELOR_072,ENGLISH
UPM_BACHELOR_073,ENGLISH
UPM_BACHELOR_074,ENGLISH
UPM_BACHELOR_075,ENGLISH
UPM_BACHELOR_076,ENGLISH
UPM_BACHELOR_077,ENGLISH
UPM_BACHELOR_078,ENGLISH
UPM_BACHELOR_079,ENGLISH
UPM_BACHELOR_080,ENGLISH
UPM_BACHELOR_081,ENGLISH
UPM_BACHELOR_082,ENGLISH
UPM_BACHELOR_083,ENGLISH
UPM_BACHELOR_084,ENGLISH
USM_BACHELOR_001,ENGLISH
USM_BACHELOR_002,ENGLISH
USM_BACHELOR_003,ENGLISH
USM_BACHELOR_004,ENGLISH
USM_BACHELOR_005,ENGLISH
USM_BACHELOR_006,ENGLISH
USM_BACHELOR_007,ENGLISH
USM_BACHELOR_008,ENGLISH
USM_BACHELOR_009,ENGLISH
USM_BACHELOR_010,ENGLISH
USM_BACHELOR_011,ENGLISH
USM_BACHELOR_012,ENGLISH
USM_BACHELOR_013,ENGLISH
USM_BACHELOR_014,ENGLISH
USM_BACHELOR_015,ENGLISH
USM_BACHELOR_016,ENGLISH
USM_BACHELOR_017,ENGLISH
USM_BACHELOR_018,ENGLISH
USM_BACHELOR_019,ENGLISH
USM_BACHELOR_020,ENGLISH
USM_BACHELOR_021,ENGLISH
USM_BACHELOR_022,ENGLISH
USM_BACHELOR_023,ENGLISH
USM_BACHELOR_024,ENGLISH
USM_BACHELOR_025,ENGLISH
USM_BACHELOR_026,ENGLISH
USM_BACHELOR_027,ENGLISH
USM_BACHELOR_028,ENGLISH
USM_BACHELOR_029,ENGLISH
USM_BACHELOR_030,ENGLISH
USM_BACHELOR_031,ENGLISH
USM_BACHELOR_032,ENGLISH
USM_BACHELOR_033,ENGLISH
USM_BACHELOR_034,ENGLISH
USM_BACHELOR_035,ENGLISH
USM_BACHELOR_036,ENGLISH
USM_BACHELOR_037,ENGLISH
USM_BACHELOR_038,ENGLISH
USM_BACHELOR_039,ENGLISH
USM_BACHELOR_040,ENGLISH
USM_BACHELOR_041,ENGLISH
USM_BACHELOR_042,ENGLISH
USM_BACHELOR_043,ENGLISH
USM_BACHELOR_044,ENGLISH
USM_BACHELOR_045,ENGLISH
USM_BACHELOR_046,ENGLISH
USM_BACHELOR_047,ENGLISH
USM_BACHELOR_048,ENGLISH
USM_BACHELOR_049,ENGLISH
USM_BACHELOR_050,ENGLISH
USM_BACHELOR_051,ENGLISH
USM_BACHELOR_052,ENGLISH
USM_BACHELOR_053,ENGLISH
USM_BACHELOR_054,ENGLISH
USM_BACHELOR_055,ENGLISH
USM_BACHELOR_056,ENGLISH
USM_BACHELOR_057,ENGLISH
USM_BACHELOR_058,ENGLISH
USM_BACHELOR_059,ENGLISH
USM_BACHELOR_060,ENGLISH
USM_BACHELOR_061,ENGLISH
USM_BACHELOR_062,ENGLISH
USM_BACHELOR_063,ENGLISH
USM_BACHELOR_064,ENGLISH
USM_BACHELOR_065,ENGLISH
USM_BACHELOR_066,ENGLISH
USM_BACHELOR_067,ENGLISH
USM_BACHELOR_068,ENGLISH
USM_BACHELOR_069,ENGLISH
UUM_BACHELOR_001,ENGLISH
UUM_BACHELOR_002,ENGLISH
UUM_BACHELOR_003,ENGLISH
UUM_BACHELOR_004,ENGLISH
UUM_BACHELOR_005,ENGLISH
UUM_BACHELOR_006,ENGLISH
UUM_BACHELOR_007,ENGLISH
UUM_BACHELOR_008,ENGLISH
UUM_BACHELOR_009,ENGLISH
UUM_BACHELOR_010,ENGLISH
UUM_BACHELOR_011,ENGLISH
UUM_BACHELOR_012,ENGLISH
UUM_BACHELOR_013,ENGLISH
UUM_BACHELOR_014,ENGLISH
UUM_BACHELOR_015,ENGLISH
UUM_BACHELOR_016,ENGLISH
UUM_BACHELOR_017,ENGLISH
UUM_BACHELOR_018,ENGLISH
UUM_BACHELOR_019,ENGLISH
UUM_BACHELOR_020,ENGLISH
UUM_BACHELOR_021,ENGLISH
UUM_BACHELOR_022,ENGLISH
UUM_BACHELOR_023,ENGLISH
UUM_BACHELOR_024,ENGLISH
UUM_BACHELOR_025,ENGLISH
UUM_BACHELOR_026,ENGLISH
UUM_BACHELOR_027,ENGLISH
UUM_BACHELOR_028,ENGLISH
UUM_BACHELOR_029,ENGLISH
UUM_BACHELOR_030,ENGLISH
UUM_BACHELOR_031,ENGLISH
UUM_BACHELOR_032,ENGLISH
UUM_BACHELOR_033,ENGLISH
UUM_BACHELOR_034,ENGLISH
UUM_BACHELOR_035,ENGLISH
TAYLOR_BACHELOR_001,ENGLISH
TAYLOR_BACHELOR_002,ENGLISH
TAYLOR_BACHELOR_003,ENGLISH
TAYLOR_BACHELOR_004,ENGLISH
TAYLOR_BACHELOR_005,ENGLISH
TAYLOR_BACHELOR_006,ENGLISH
TAYLOR_BACHELOR_007,ENGLISH
TAYLOR_BACHELOR_008,ENGLISH
TAYLOR_BACHELOR_009,ENGLISH
TAYLOR_BACHELOR_010,ENGLISH
TAYLOR_BACHELOR_011,ENGLISH
TAYLOR_BACHELOR_012,ENGLISH
TAYLOR_BACHELOR_013,ENGLISH
TAYLOR_BACHELOR_014,ENGLISH
TAYLOR_BACHELOR_015,ENGLISH
TAYLOR_BACHELOR_016,ENGLISH
TAYLOR_BACHELOR_017,ENGLISH
TAYLOR_BACHELOR_018,ENGLISH
TAYLOR_BACHELOR_019,ENGLISH
TAYLOR_BACHELOR_020,ENGLISH
TAYLOR_BACHELOR_021,ENGLISH
TAYLOR_BACHELOR_022,ENGLISH
TAYLOR_BACHELOR_023,ENGLISH
TAYLOR_BACHELOR_024,ENGLISH
TAYLOR_BACHELOR_025,ENGLISH
TAYLOR_BACHELOR_026,ENGLISH
TAYLOR_BACHELOR_027,ENGLISH
TAYLOR_BACHELOR_028,ENGLISH
TAYLOR_BACHELOR_029,ENGLISH
TAYLOR_BACHELOR_030,ENGLISH
TAYLOR_BACHELOR_031,ENGLISH
TAYLOR_BACHELOR_032,ENGLISH
TAYLOR_BACHELOR_033,ENGLISH
TAYLOR_BACHELOR_034,ENGLISH
TAYLOR_BACHELOR_035,ENGLISH
TAYLOR_BACHELOR_036,ENGLISH
TAYLOR_BACHELOR_037,ENGLISH
TAYLOR_BACHELOR_038,ENGLISH
TAYLOR_BACHELOR_039,ENGLISH
TAYLOR_BACHELOR_040,ENGLISH
TAYLOR_BACHELOR_041,ENGLISH
TAYLOR_BACHELOR_042,ENGLISH
TAYLOR_BACHELOR_043,ENGLISH
TAYLOR_BACHELOR_045,ENGLISH
TAYLOR_BACHELOR_047,ENGLISH
UCSI_BACHELOR_001,ENGLISH
UCSI_BACHELOR_002,ENGLISH
UCSI_BACHELOR_003,ENGLISH
UCSI_BACHELOR_004,ENGLISH
UCSI_BACHELOR_005,ENGLISH
UCSI_BACHELOR_006,ENGLISH
UCSI_BACHELOR_007,ENGLISH
UCSI_BACHELOR_008,ENGLISH
UCSI_BACHELOR_009,ENGLISH
UCSI_BACHELOR_010,ENGLISH
UCSI_BACHELOR_011,ENGLISH
UCSI_BACHELOR_012,ENGLISH
UCSI_BACHELOR_013,ENGLISH
UCSI_BACHELOR_014,ENGLISH
UCSI_BACHELOR_015,ENGLISH
UCSI_BACHELOR_016,ENGLISH
UCSI_BACHELOR_017,ENGLISH
UCSI_BACHELOR_018,ENGLISH
UCSI_BACHELOR_019,ENGLISH
UCSI_BACHELOR_020,ENGLISH
UCSI_BACHELOR_021,ENGLISH
UCSI_BACHELOR_022,ENGLISH
UCSI_BACHELOR_023,ENGLISH
UCSI_BACHELOR_024,ENGLISH
UCSI_BACHELOR_025,ENGLISH
UCSI_BACHELOR_026,ENGLISH
UCSI_BACHELOR_027,ENGLISH
UCSI_BACHELOR_028,ENGLISH
UCSI_BACHELOR_029,ENGLISH
UCSI_BACHELOR_030,ENGLISH
UCSI_BACHELOR_031,ENGLISH
UCSI_BACHELOR_032,ENGLISH
UCSI_BACHELOR_033,ENGLISH
UCSI_BACHELOR_034,ENGLISH
UCSI_BACHELOR_035,ENGLISH
UCSI_BACHELOR_036,ENGLISH
UCSI_BACHELOR_037,ENGLISH
UCSI_BACHELOR_038,ENGLISH
UCSI_BACHELOR_039,ENGLISH
UCSI_BACHELOR_040,ENGLISH
UCSI_BACHELOR_041,ENGLISH
UCSI_BACHELOR_042,ENGLISH
UCSI_BACHELOR_043,ENGLISH
UCSI_BACHELOR_044,ENGLISH
UCSI_BACHELOR_045,ENGLISH
UCSI_BACHELOR_046,ENGLISH
UCSI_BACHELOR_047,ENGLISH
UCSI_BACHELOR_048,ENGLISH
UCSI_BACHELOR_049,ENGLISH
UCSI_BACHELOR_050,ENGLISH
UCSI_BACHELOR_051,ENGLISH
UCSI_BACHELOR_052,ENGLISH
UCSI_BACHELOR_053,ENGLISH
UCSI_BACHELOR_054,ENGLISH
UCSI_BACHELOR_055,ENGLISH
UCSI_BACHELOR_056,ENGLISH
UCSI_BACHELOR_057,ENGLISH
UCSI_BACHELOR_058,ENGLISH
UCSI_BACHELOR_059,ENGLISH
UCSI_BACHELOR_060,ENGLISH
UCSI_BACHELOR_061,ENGLISH
UCSI_BACHELOR_062,ENGLISH
UCSI_BACHELOR_063,ENGLISH
INTI_BACHELOR_001,ENGLISH
INTI_BACHELOR_002,ENGLISH
INTI_BACHELOR_003,ENGLISH
INTI_BACHELOR_004,ENGLISH
INTI_BACHELOR_005,ENGLISH
INTI_BACHELOR_006,ENGLISH
INTI_BACHELOR_007,ENGLISH
INTI_BACHELOR_008,ENGLISH
INTI_BACHELOR_009,ENGLISH
INTI_BACHELOR_010,ENGLISH
INTI_BACHELOR_011,ENGLISH
INTI_BACHELOR_012,ENGLISH
INTI_BACHELOR_013,ENGLISH
INTI_BACHELOR_014,ENGLISH
INTI_BACHELOR_015,ENGLISH
INTI_BACHELOR_016,ENGLISH
INTI_BACHELOR_017,ENGLISH
INTI_BACHELOR_018,ENGLISH
INTI_BACHELOR_019,ENGLISH
INTI_BACHELOR_020,ENGLISH
INTI_BACHELOR_021,ENGLISH
INTI_BACHELOR_022,ENGLISH
INTI_BACHELOR_023,ENGLISH
INTI_BACHELOR_024,ENGLISH
INTI_BACHELOR_025,ENGLISH
INTI_BACHELOR_026,ENGLISH
INTI_BACHELOR_027,ENGLISH
INTI_BACHELOR_028,ENGLISH
INTI_BACHELOR_029,ENGLISH
INTI_BACHELOR_030,ENGLISH
INTI_BACHELOR_031,ENGLISH
INTI_BACHELOR_032,ENGLISH
INTI_BACHELOR_033,ENGLISH
INTI_BACHELOR_034,ENGLISH
INTI_BACHELOR_035,ENGLISH
INTI_BACHELOR_036,ENGLISH
INTI_BACHELOR_037,ENGLISH
INTI_BACHELOR_038,ENGLISH
INTI_BACHELOR_039,ENGLISH
INTI_BACHELOR_040,ENGLISH
INTI_BACHELOR_041,ENGLISH
INTI_BACHELOR_042,ENGLISH
INTI_BACHELOR_043,ENGLISH
INTI_BACHELOR_044,ENGLISH
SUNWAY_BACHELOR_001,ENGLISH
SUNWAY_BACHELOR_002,ENGLISH
SUNWAY_BACHELOR_003,ENGLISH
SUNWAY_BACHELOR_004,ENGLISH
SUNWAY_BACHELOR_005,ENGLISH
SUNWAY_BACHELOR_006,ENGLISH
SUNWAY_BACHELOR_007,ENGLISH
SUNWAY_BACHELOR_008,ENGLISH
SUNWAY_BACHELOR_009,ENGLISH
SUNWAY_BACHELOR_010,ENGLISH
SUNWAY_BACHELOR_011,ENGLISH
SUNWAY_BACHELOR_012,ENGLISH
SUNWAY_BACHELOR_013,ENGLISH
SUNWAY_BACHELOR_014,ENGLISH
SUNWAY_BACHELOR_015,ENGLISH
SUNWAY_BACHELOR_017,ENGLISH
SUNWAY_BACHELOR_018,ENGLISH
SUNWAY_BACHELOR_019,ENGLISH
SUNWAY_BACHELOR_020,ENGLISH
SUNWAY_BACHELOR_021,ENGLISH
SUNWAY_BACHELOR_022,ENGLISH
SUNWAY_BACHELOR_023,ENGLISH
SUNWAY_BACHELOR_024,ENGLISH
SUNWAY_BACHELOR_025,ENGLISH
SUNWAY_BACHELOR_026,ENGLISH
SUNWAY_BACHELOR_027,ENGLISH
SUNWAY_BACHELOR_028,ENGLISH
SUNWAY_BACHELOR_029,ENGLISH
SUNWAY_BACHELOR_030,ENGLISH
SUNWAY_BACHELOR_031,ENGLISH
SUNWAY_BACHELOR_032,ENGLISH
SUNWAY_BACHELOR_033,ENGLISH
SUNWAY_BACHELOR_034,ENGLISH
SUNWAY_BACHELOR_035,ENGLISH
SUNWAY_BACHELOR_036,ENGLISH
MAHSA_BACHELOR_001,ENGLISH
MAHSA_BACHELOR_002,ENGLISH
MAHSA_BACHELOR_003,ENGLISH
MAHSA_BACHELOR_004,ENGLISH
SEGI_BACHELOR_001,ENGLISH
CITY_BACHELOR_001,ENGLISH
CITY_BACHELOR_002,ENGLISH
CITY_BACHELOR_003,ENGLISH
CITY_BACHELOR_004,ENGLISH
CITY_BACHELOR_005,ENGLISH
CITY_BACHELOR_006,ENGLISH
CITY_BACHELOR_007,ENGLISH
CITY_BACHELOR_008,ENGLISH
CITY_BACHELOR_009,ENGLISH
CITY_BACHELOR_010,ENGLISH
CITY_BACHELOR_011,ENGLISH
CITY_BACHELOR_012,ENGLISH
CITY_BACHELOR_013,ENGLISH
CITY_BACHELOR_014,ENGLISH
CITY_BACHELOR_015,ENGLISH
CITY_BACHELOR_016,ENGLISH
CITY_BACHELOR_017,ENGLISH
CITY_BACHELOR_018,ENGLISH
CITY_BACHELOR_019,ENGLISH
CITY_BACHELOR_020,ENGLISH
CITY_BACHELOR_021,ENGLISH
CITY_BACHELOR_022,ENGLISH
CITY_BACHELOR_023,ENGLISH
CITY_BACHELOR_024,ENGLISH
UTAR_BACHELOR_001,ENGLISH
UTAR_BACHELOR_002,ENGLISH
UTAR_BACHELOR_003,ENGLISH
UTAR_BACHELOR_004,ENGLISH
UTAR_BACHELOR_005,ENGLISH
UTAR_BACHELOR_006,ENGLISH
UTAR_BACHELOR_007,ENGLISH
UTAR_BACHELOR_008,ENGLISH
UTAR_BACHELOR_009,ENGLISH
UTAR_BACHELOR_010,ENGLISH
UTAR_BACHELOR_011,ENGLISH
UTAR_BACHELOR_012,ENGLISH
UTAR_BACHELOR_013,ENGLISH
UTAR_BACHELOR_014,ENGLISH
UTAR_BACHELOR_015,ENGLISH
UTAR_BACHELOR_016,ENGLISH
UTAR_BACHELOR_017,ENGLISH
UTAR_BACHELOR_018,ENGLISH
UTAR_BACHELOR_019,ENGLISH
UTAR_BACHELOR_020,ENGLISH
UTAR_BACHELOR_021,ENGLISH
UTAR_BACHELOR_022,ENGLISH
UTAR_BACHELOR_023,ENGLISH
UTAR_BACHELOR_024,ENGLISH
UTAR_BACHELOR_025,ENGLISH
UTAR_BACHELOR_026,ENGLISH
UTAR_BACHELOR_027,ENGLISH
UTAR_BACHELOR_028,ENGLISH
UTAR_BACHELOR_029,ENGLISH
UTAR_BACHELOR_030,ENGLISH
UTAR_BACHELOR_031,ENGLISH
UTAR_BACHELOR_032,ENGLISH
UTAR_BACHELOR_033,ENGLISH
UTAR_BACHELOR_034,ENGLISH
UTAR_BACHELOR_035,ENGLISH
UTAR_BACHELOR_036,ENGLISH
UTAR_BACHELOR_037,ENGLISH
UTAR_BACHELOR_038,ENGLISH
UTAR_BACHELOR_039,ENGLISH
UTAR_BACHELOR_040,ENGLISH
UTAR_BACHELOR_041,ENGLISH
UTAR_BACHELOR_042,ENGLISH
UTAR_BACHELOR_043,ENGLISH
UTAR_BACHELOR_044,ENGLISH
UTAR_BACHELOR_045,ENGLISH
UTAR_BACHELOR_046,ENGLISH
UTAR_BACHELOR_047,ENGLISH
UTAR_BACHELOR_048,ENGLISH
UTAR_BACHELOR_049,ENGLISH
UTAR_BACHELOR_050,ENGLISH
UTAR_BACHELOR_051,ENGLISH
UTAR_BACHELOR_052,ENGLISH
UTAR_BACHELOR_053,ENGLISH
UTAR_BACHELOR_054,ENGLISH
UTAR_BACHELOR_055,ENGLISH
UTAR_BACHELOR_056,ENGLISH
UTAR_BACHELOR_057,ENGLISH
UTAR_BACHELOR_058,ENGLISH
UTAR_BACHELOR_059,ENGLISH
UTAR_BACHELOR_060,ENGLISH
UTAR_BACHELOR_061,ENGLISH
UTAR_BACHELOR_062,ENGLISH
UTAR_BACHELOR_063,ENGLISH
UTAR_BACHELOR_064,ENGLISH
UTAR_BACHELOR_065,ENGLISH
UTAR_BACHELOR_066,ENGLISH
UTAR_BACHELOR_067,ENGLISH
UTAR_BACHELOR_068,ENGLISH
UTAR_BACHELOR_069,ENGLISH
UTAR_BACHELOR_070,ENGLISH
UTAR_BACHELOR_071,ENGLISH
UTAR_BACHELOR_072,ENGLISH
UTAR_BACHELOR_073,ENGLISH
UTAR_BACHELOR_074,ENGLISH
UTAR_BACHELOR_075,ENGLISH
UTAR_BACHELOR_076,ENGLISH
UTAR_BACHELOR_077,ENGLISH
UTAR_BACHELOR_078,ENGLISH
UTAR_BACHELOR_079,ENGLISH
MONASH_BACHELOR_001,ENGLISH
MONASH_BACHELOR_002,ENGLISH
MONASH_BACHELOR_003,ENGLISH
MONASH_BACHELOR_005,ENGLISH
MONASH_BACHELOR_006,ENGLISH
MONASH_BACHELOR_007,ENGLISH
MONASH_BACHELOR_008,ENGLISH
MONASH_BACHELOR_009,ENGLISH
MONASH_BACHELOR_010,ENGLISH
MONASH_BACHELOR_011,ENGLISH
MONASH_BACHELOR_012,ENGLISH
MONASH_BACHELOR_013,ENGLISH
MONASH_BACHELOR_014,ENGLISH
MONASH_BACHELOR_015,ENGLISH
MONASH_BACHELOR_016,ENGLISH
MONASH_BACHELOR_017,ENGLISH
MONASH_BACHELOR_018,ENGLISH
MONASH_BACHELOR_019,ENGLISH
MONASH_BACHELOR_020,ENGLISH
MONASH_BACHELOR_022,ENGLISH
MONASH_BACHELOR_023,ENGLISH
MONASH_BACHELOR_024,ENGLISH
MONASH_BACHELOR_025,ENGLISH
MONASH_BACHELOR_026,ENGLISH
MONASH_BACHELOR_027,ENGLISH
MONASH_BACHELOR_028,ENGLISH
MONASH_BACHELOR_029,ENGLISH
MONASH_BACHELOR_030,ENGLISH
MONASH_BACHELOR_031,ENGLISH
MONASH_BACHELOR_032,ENGLISH
MONASH_BACHELOR_033,ENGLISH
MONASH_BACHELOR_034,ENGLISH
MONASH_BACHELOR_035,ENGLISH
MONASH_BACHELOR_036,ENGLISH
NOTTINGHAM_BACHELOR_001,ENGLISH
NOTTINGHAM_BACHELOR_002,ENGLISH
NOTTINGHAM_BACHELOR_003,ENGLISH
NOTTINGHAM_BACHELOR_004,ENGLISH
NOTTINGHAM_BACHELOR_005,ENGLISH
NOTTINGHAM_BACHELOR_006,ENGLISH
NOTTINGHAM_BACHELOR_007,ENGLISH
NOTTINGHAM_BACHELOR_008,ENGLISH
NOTTINGHAM_BACHELOR_009,ENGLISH
NOTTINGHAM_BACHELOR_010,ENGLISH
NOTTINGHAM_BACHELOR_011,ENGLISH
NOTTINGHAM_BACHELOR_012,ENGLISH
NOTTINGHAM_BACHELOR_013,ENGLISH
NOTTINGHAM_BACHELOR_014,ENGLISH
NOTTINGHAM_BACHELOR_015,ENGLISH
NOTTINGHAM_BACHELOR_016,ENGLISH
NOTTINGHAM_BACHELOR_017,ENGLISH
NOTTINGHAM_BACHELOR_018,ENGLISH
NOTTINGHAM_BACHELOR_019,ENGLISH
NOTTINGHAM_BACHELOR_020,ENGLISH
NOTTINGHAM_BACHELOR_021,ENGLISH
NOTTINGHAM_BACHELOR_022,ENGLISH
NOTTINGHAM_BACHELOR_023,ENGLISH
NOTTINGHAM_BACHELOR_024,ENGLISH
NOTTINGHAM_BACHELOR_025,ENGLISH
NOTTINGHAM_BACHELOR_026,ENGLISH
NOTTINGHAM_BACHELOR_027,ENGLISH
NOTTINGHAM_BACHELOR_028,ENGLISH
NOTTINGHAM_BACHELOR_029,ENGLISH
NOTTINGHAM_BACHELOR_030,ENGLISH
NOTTINGHAM_BACHELOR_031,ENGLISH
NOTTINGHAM_BACHELOR_032,ENGLISH
NOTTINGHAM_BACHELOR_033,ENGLISH
NOTTINGHAM_BACHELOR_034,ENGLISH
NOTTINGHAM_BACHELOR_035,ENGLISH
NOTTINGHAM_BACHELOR_036,ENGLISH
NOTTINGHAM_BACHELOR_037,ENGLISH
NOTTINGHAM_BACHELOR_038,ENGLISH
NOTTINGHAM_BACHELOR_039,ENGLISH
UM_MASTER_001,ENGLISH
UM_MASTER_002,ENGLISH
UM_MASTER_003,ENGLISH
UM_MASTER_004,ENGLISH
UM_MASTER_005,ENGLISH
UM_MASTER_006,ENGLISH
UM_MASTER_007,ENGLISH
UM_MASTER_008,ENGLISH
UM_MASTER_009,ENGLISH
UM_MASTER_010,ENGLISH
UM_MASTER_011,ENGLISH
UM_MASTER_012,ENGLISH
UM_MASTER_013,ENGLISH
UM_MASTER_014,ENGLISH
UM_MASTER_015,ENGLISH
UM_MASTER_016,ENGLISH
UM_MASTER_017,ENGLISH
UM_MASTER_018,ENGLISH
UM_MASTER_019,ENGLISH
UM_MASTER_020,ENGLISH
UM_MASTER_021,ENGLISH
UM_MASTER_022,ENGLISH
UM_MASTER_023,ENGLISH
UM_MASTER_024,ENGLISH
UM_MASTER_025,ENGLISH
UM_MASTER_026,ENGLISH
UM_MASTER_027,ENGLISH
UM_MASTER_028,ENGLISH
UM_MASTER_029,ENGLISH
UM_MASTER_030,ENGLISH
UM_MASTER_031,ENGLISH
UM_MASTER_032,ENGLISH
UM_MASTER_033,ENGLISH
UM_MASTER_034,ENGLISH
UM_MASTER_035,ENGLISH
UM_MASTER_036,ENGLISH
UM_MASTER_037,ENGLISH
UM_MASTER_038,ENGLISH
UM_MASTER_039,ENGLISH
UM_MASTER_040,ENGLISH
UM_MASTER_041,ENGLISH
UM_MASTER_042,ENGLISH
UM_MASTER_043,ENGLISH
UM_MASTER_044,ENGLISH
UM_MASTER_045,ENGLISH
UM_MASTER_046,ENGLISH
UM_MASTER_047,ENGLISH
UM_MASTER_048,ENGLISH
UM_MASTER_049,ENGLISH
UM_MASTER_050,ENGLISH
UM_MASTER_051,ENGLISH
UM_MASTER_052,ENGLISH
UM_MASTER_053,ENGLISH
UM_MASTER_054,ENGLISH
UM_MASTER_055,ENGLISH
UM_MASTER_056,ENGLISH
UM_MASTER_057,ENGLISH
UM_MASTER_058,ENGLISH
UM_MASTER_059,ENGLISH
UM_MASTER_060,ENGLISH
UM_MASTER_061,ENGLISH
UM_MASTER_062,ENGLISH
UM_MASTER_063,ENGLISH
UM_MASTER_064,ENGLISH
UM_MASTER_065,ENGLISH
UM_MASTER_066,ENGLISH
UM_MASTER_067,ENGLISH
UM_MASTER_068,ENGLISH
UM_MASTER_069,ENGLISH
UM_MASTER_070,ENGLISH
UM_MASTER_071,ENGLISH
UM_MASTER_072,ENGLISH
UM_MASTER_073,ENGLISH
UM_MASTER_074,ENGLISH
UM_MASTER_075,ENGLISH
UM_MASTER_076,ENGLISH
UM_MASTER_077,ENGLISH
UM_MASTER_078,ENGLISH
UM_MASTER_079,ENGLISH
UM_MASTER_080,ENGLISH
UM_MASTER_081,ENGLISH
UM_MASTER_082,ENGLISH
UM_MASTER_083,ENGLISH
UM_MASTER_084,ENGLISH
UM_MASTER_085,ENGLISH
UM_MASTER_086,ENGLISH
UM_MASTER_087,ENGLISH
UM_MASTER_088,ENGLISH
UM_MASTER_089,ENGLISH
UM_MASTER_090,ENGLISH
UM_MASTER_091,ENGLISH
UM_MASTER_092,ENGLISH
UM_MASTER_093,ENGLISH
UM_MASTER_094,ENGLISH
UM_MASTER_095,ENGLISH
UM_MASTER_096,ENGLISH
UM_MASTER_097,ENGLISH
UM_MASTER_098,ENGLISH
UM_MASTER_099,ENGLISH
UM_MASTER_100,ENGLISH
UM_MASTER_101,ENGLISH
UM_MASTER_102,ENGLISH
UM_MASTER_103,ENGLISH
UM_MASTER_104,ENGLISH
UM_MASTER_105,ENGLISH
UM_MASTER_106,ENGLISH
UM_MASTER_107,ENGLISH
UM_MASTER_108,ENGLISH
UM_MASTER_109,ENGLISH
UM_MASTER_110,ENGLISH
UM_MASTER_111,ENGLISH
UM_MASTER_112,ENGLISH
UM_MASTER_113,ENGLISH
UM_MASTER_114,ENGLISH
UM_MASTER_115,ENGLISH
UM_MASTER_116,ENGLISH
UM_MASTER_117,ENGLISH
UM_MASTER_118,ENGLISH
UM_MASTER_119,ENGLISH
UM_MASTER_120,ENGLISH
UM_MASTER_121,ENGLISH
UM_MASTER_124,ENGLISH
UM_MASTER_126,ENGLISH
UM_MASTER_127,ENGLISH
UM_MASTER_128,ENGLISH
UM_MASTER_129,ENGLISH
UM_MASTER_130,ENGLISH
UM_MASTER_131,ENGLISH
UM_MASTER_132,ENGLISH
UM_MASTER_133,ENGLISH
UM_MASTER_134,ENGLISH
UM_MASTER_135,ENGLISH
UM_MASTER_136,ENGLISH
UM_MASTER_137,ENGLISH
UM_MASTER_138,ENGLISH
UM_MASTER_139,ENGLISH
UM_MASTER_140,ENGLISH
UM_MASTER_141,ENGLISH
UM_MASTER_142,ENGLISH
UM_MASTER_143,ENGLISH
UM_MASTER_144,ENGLISH
UM_MASTER_145,ENGLISH
UM_MASTER_146,ENGLISH
UM_MASTER_147,ENGLISH
UM_MASTER_148,ENGLISH
UM_MASTER_149,ENGLISH
UM_MASTER_150,ENGLISH
UM_MASTER_151,ENGLISH
UM_MASTER_152,ENGLISH
UM_MASTER_153,ENGLISH
UM_MASTER_154,ENGLISH
UKM_MASTER_001,ENGLISH
UKM_MASTER_002,ENGLISH
UKM_MASTER_003,ENGLISH
UKM_MASTER_004,ENGLISH
UKM_MASTER_005,ENGLISH
UKM_MASTER_006,ENGLISH
UKM_MASTER_007,ENGLISH
UKM_MASTER_008,ENGLISH
UKM_MASTER_009,ENGLISH
UKM_MASTER_010,ENGLISH
UKM_MASTER_011,ENGLISH
UKM_MASTER_012,ENGLISH
UKM_MASTER_013,ENGLISH
UKM_MASTER_014,ENGLISH
UKM_MASTER_015,ENGLISH
UKM_MASTER_016,ENGLISH
UKM_MASTER_017,ENGLISH
UKM_MASTER_018,ENGLISH
UKM_MASTER_019,ENGLISH
UKM_MASTER_020,ENGLISH
UKM_MASTER_021,ENGLISH
UKM_MASTER_022,ENGLISH
UKM_MASTER_023,ENGLISH
UKM_MASTER_024,ENGLISH
UKM_MASTER_025,ENGLISH
UKM_MASTER_026,ENGLISH
UKM_MASTER_027,ENGLISH
UKM_MASTER_028,ENGLISH
UKM_MASTER_029,ENGLISH
UKM_MASTER_030,ENGLISH
UKM_MASTER_031,ENGLISH
UKM_MASTER_032,ENGLISH
UKM_MASTER_033,ENGLISH
UKM_MASTER_034,ENGLISH
UKM_MASTER_035,ENGLISH
UKM_MASTER_036,ENGLISH
UKM_MASTER_037,ENGLISH
UKM_MASTER_038,ENGLISH
UKM_MASTER_039,ENGLISH
UKM_MASTER_040,ENGLISH
UKM_MASTER_041,ENGLISH
UKM_MASTER_042,ENGLISH
UKM_MASTER_043,ENGLISH
UKM_MASTER_044,ENGLISH
UKM_MASTER_045,ENGLISH
UKM_MASTER_046,ENGLISH
UKM_MASTER_047,ENGLISH
UKM_MASTER_048,ENGLISH
UKM_MASTER_049,ENGLISH
UKM_MASTER_050,ENGLISH
UKM_MASTER_051,ENGLISH
UKM_MASTER_052,ENGLISH
UKM_MASTER_053,ENGLISH
UKM_MASTER_054,ENGLISH
UKM_MASTER_055,ENGLISH
UKM_MASTER_056,ENGLISH
UKM_MASTER_057,ENGLISH
UKM_MASTER_058,ENGLISH
UKM_MASTER_059,ENGLISH
UKM_MASTER_060,ENGLISH
UKM_MASTER_061,ENGLISH
UKM_MASTER_062,ENGLISH
UKM_MASTER_063,ENGLISH
UKM_MASTER_064,ENGLISH
UKM_MASTER_065,ENGLISH
UKM_MASTER_066,ENGLISH
UKM_MASTER_067,ENGLISH
UKM_MASTER_068,ENGLISH
UKM_MASTER_069,ENGLISH
UKM_MASTER_070,ENGLISH
UKM_MASTER_071,ENGLISH
UKM_MASTER_072,ENGLISH
UKM_MASTER_073,ENGLISH
UKM_MASTER_074,ENGLISH
UKM_MASTER_075,ENGLISH
UKM_MASTER_076,ENGLISH
UKM_MASTER_077,ENGLISH
UKM_MASTER_078,ENGLISH
UKM_MASTER_079,ENGLISH
UKM_MASTER_080,ENGLISH
UKM_MASTER_081,ENGLISH
UKM_MASTER_082,ENGLISH
UKM_MASTER_083,ENGLISH
UKM_MASTER_084,ENGLISH
UKM_MASTER_085,ENGLISH
UKM_MASTER_086,ENGLISH
UKM_MASTER_087,ENGLISH
UKM_MASTER_088,ENGLISH
UKM_MASTER_089,ENGLISH
UKM_MASTER_090,ENGLISH
UKM_MASTER_091,ENGLISH
UKM_MASTER_092,ENGLISH
UKM_MASTER_093,ENGLISH
UKM_MASTER_094,ENGLISH
UKM_MASTER_095,ENGLISH
UKM_MASTER_096,ENGLISH
UKM_MASTER_097,ENGLISH
UKM_MASTER_098,ENGLISH
UKM_MASTER_099,ENGLISH
UKM_MASTER_100,ENGLISH
UKM_MASTER_101,ENGLISH
UKM_MASTER_102,ENGLISH
UKM_MASTER_103,ENGLISH
UKM_MASTER_104,ENGLISH
UKM_MASTER_105,ENGLISH
UKM_MASTER_106,ENGLISH
UKM_MASTER_107,ENGLISH
UKM_MASTER_108,ENGLISH
UKM_MASTER_109,ENGLISH
UKM_MASTER_110,ENGLISH
UKM_MASTER_111,ENGLISH
UKM_MASTER_112,ENGLISH
UKM_MASTER_113,ENGLISH
UKM_MASTER_114,ENGLISH
UKM_MASTER_115,ENGLISH
UKM_MASTER_116,ENGLISH
UKM_MASTER_117,ENGLISH
UKM_MASTER_118,ENGLISH
UKM_MASTER_119,ENGLISH
UKM_MASTER_120,ENGLISH
UKM_MASTER_121,ENGLISH
UKM_MASTER_122,ENGLISH
UKM_MASTER_123,ENGLISH
UKM_MASTER_124,ENGLISH
UKM_MASTER_125,ENGLISH
UKM_MASTER_126,ENGLISH
UKM_MASTER_127,ENGLISH
UKM_MASTER_128,ENGLISH
UKM_MASTER_129,ENGLISH
UKM_MASTER_130,ENGLISH
UKM_MASTER_131,ENGLISH
UKM_MASTER_132,ENGLISH
UKM_MASTER_133,ENGLISH
UKM_MASTER_134,ENGLISH
UKM_MASTER_135,ENGLISH
UKM_MASTER_136,ENGLISH
UKM_MASTER_137,ENGLISH
UKM_MASTER_138,ENGLISH
UKM_MASTER_139,ENGLISH
UKM_MASTER_140,ENGLISH
UKM_MASTER_141,ENGLISH
UKM_MASTER_142,ENGLISH
UKM_MASTER_143,ENGLISH
UKM_MASTER_144,ENGLISH
UKM_MASTER_145,ENGLISH
UKM_MASTER_146,ENGLISH
UKM_MASTER_147,ENGLISH
UKM_MASTER_148,ENGLISH
UKM_MASTER_149,ENGLISH
UKM_MASTER_150,ENGLISH
UKM_MASTER_151,ENGLISH
UKM_MASTER_152,ENGLISH
UKM_MASTER_153,ENGLISH
UKM_MASTER_154,ENGLISH
UKM_MASTER_155,ENGLISH
UKM_MASTER_156,ENGLISH
UKM_MASTER_157,ENGLISH
UKM_MASTER_158,ENGLISH
UKM_MASTER_159,ENGLISH
USM_MASTER_001,ENGLISH
USM_MASTER_002,ENGLISH
USM_MASTER_003,ENGLISH
USM_MASTER_004,ENGLISH
USM_MASTER_005,ENGLISH
USM_MASTER_006,ENGLISH
USM_MASTER_007,ENGLISH
USM_MASTER_008,ENGLISH
USM_MASTER_009,ENGLISH
USM_MASTER_010,ENGLISH
USM_MASTER_011,ENGLISH
USM_MASTER_012,ENGLISH
USM_MASTER_013,ENGLISH
USM_MASTER_014,ENGLISH
USM_MASTER_015,ENGLISH
USM_MASTER_016,ENGLISH
USM_MASTER_017,ENGLISH
USM_MASTER_018,ENGLISH
USM_MASTER_019,ENGLISH
USM_MASTER_020,ENGLISH
USM_MASTER_021,ENGLISH
USM_MASTER_022,ENGLISH
USM_MASTER_023,ENGLISH
USM_MASTER_024,ENGLISH
USM_MASTER_025,ENGLISH
USM_MASTER_026,ENGLISH
USM_MASTER_027,ENGLISH
USM_MASTER_028,ENGLISH
USM_MASTER_029,ENGLISH
USM_MASTER_030,ENGLISH
USM_MASTER_031,ENGLISH
USM_MASTER_032,ENGLISH
USM_MASTER_033,ENGLISH
USM_MASTER_034,ENGLISH
USM_MASTER_035,ENGLISH
USM_MASTER_036,ENGLISH
USM_MASTER_037,ENGLISH
USM_MASTER_038,ENGLISH
USM_MASTER_039,ENGLISH
USM_MASTER_040,ENGLISH
USM_MASTER_041,ENGLISH
USM_MASTER_042,ENGLISH
USM_MASTER_043,ENGLISH
USM_MASTER_044,ENGLISH
USM_MASTER_045,ENGLISH
USM_MASTER_046,ENGLISH
USM_MASTER_047,ENGLISH
USM_MASTER_048,ENGLISH
USM_MASTER_049,ENGLISH
USM_MASTER_050,ENGLISH
USM_MASTER_051,ENGLISH
USM_MASTER_052,ENGLISH
USM_MASTER_053,ENGLISH
USM_MASTER_054,ENGLISH
USM_MASTER_055,ENGLISH
USM_MASTER_056,ENGLISH
USM_MASTER_057,ENGLISH
USM_MASTER_058,ENGLISH
USM_MASTER_059,ENGLISH
USM_MASTER_060,ENGLISH
USM_MASTER_061,ENGLISH
USM_MASTER_062,ENGLISH
USM_MASTER_063,ENGLISH
USM_MASTER_064,ENGLISH
USM_MASTER_065,ENGLISH
USM_MASTER_066,ENGLISH
USM_MASTER_067,ENGLISH
USM_MASTER_068,ENGLISH
USM_MASTER_069,ENGLISH
USM_MASTER_070,ENGLISH
USM_MASTER_071,ENGLISH
USM_MASTER_072,ENGLISH
USM_MASTER_073,ENGLISH
USM_MASTER_074,ENGLISH
USM_MASTER_075,ENGLISH
USM_MASTER_076,ENGLISH
USM_MASTER_077,ENGLISH
USM_MASTER_078,ENGLISH
USM_MASTER_079,ENGLISH
USM_MASTER_080,ENGLISH
USM_MASTER_081,ENGLISH
USM_MASTER_082,ENGLISH
USM_MASTER_083,ENGLISH
USM_MASTER_084,ENGLISH
USM_MASTER_085,ENGLISH
USM_MASTER_086,ENGLISH
USM_MASTER_087,ENGLISH
USM_MASTER_088,ENGLISH
USM_MASTER_089,ENGLISH
USM_MASTER_090,ENGLISH
USM_MASTER_091,ENGLISH
USM_MASTER_092,ENGLISH
USM_MASTER_093,ENGLISH
USM_MASTER_094,ENGLISH
USM_MASTER_095,ENGLISH
USM_MASTER_096,ENGLISH
USM_MASTER_097,ENGLISH
USM_MASTER_098,ENGLISH
USM_MASTER_099,ENGLISH
USM_MASTER_100,ENGLISH
USM_MASTER_101,ENGLISH
USM_MASTER_102,ENGLISH
USM_MASTER_103,ENGLISH
USM_MASTER_104,ENGLISH
USM_MASTER_105,ENGLISH
USM_MASTER_106,ENGLISH
USM_MASTER_107,ENGLISH
USM_MASTER_108,ENGLISH
USM_MASTER_109,ENGLISH
USM_MASTER_110,ENGLISH
USM_MASTER_111,ENGLISH
USM_MASTER_112,ENGLISH
USM_MASTER_113,ENGLISH
USM_MASTER_114,ENGLISH
USM_MASTER_115,ENGLISH
USM_MASTER_116,ENGLISH
USM_MASTER_117,ENGLISH
USM_MASTER_118,ENGLISH
USM_MASTER_119,ENGLISH
USM_MASTER_120,ENGLISH
USM_MASTER_121,ENGLISH
USM_MASTER_122,ENGLISH
USM_MASTER_123,ENGLISH
USM_MASTER_124,ENGLISH
USM_MASTER_125,ENGLISH
USM_MASTER_126,ENGLISH
USM_MASTER_127,ENGLISH
USM_MASTER_128,ENGLISH
USM_MASTER_129,ENGLISH
USM_MASTER_130,ENGLISH
USM_MASTER_131,ENGLISH
USM_MASTER_132,ENGLISH
USM_MASTER_133,ENGLISH
USM_MASTER_134,ENGLISH
USM_MASTER_135,ENGLISH
USM_MASTER_136,ENGLISH
USM_MASTER_137,ENGLISH
USM_MASTER_138,ENGLISH
USM_MASTER_139,ENGLISH
USM_MASTER_140,ENGLISH
USM_MASTER_141,ENGLISH
USM_MASTER_142,ENGLISH
USM_MASTER_143,ENGLISH
USM_MASTER_144,ENGLISH
USM_MASTER_145,ENGLISH
USM_MASTER_146,ENGLISH
USM_MASTER_147,ENGLISH
USM_MASTER_148,ENGLISH
USM_MASTER_149,ENGLISH
USM_MASTER_150,ENGLISH
USM_MASTER_151,ENGLISH
USM_MASTER_152,ENGLISH
USM_MASTER_153,ENGLISH
USM_MASTER_154,ENGLISH
USM_MASTER_155,ENGLISH
USM_MASTER_156,ENGLISH
USM_MASTER_157,ENGLISH
USM_MASTER_158,ENGLISH
USM_MASTER_159,ENGLISH
USM_MASTER_160,ENGLISH
USM_MASTER_161,ENGLISH
USM_MASTER_162,ENGLISH
USM_MASTER_163,ENGLISH
USM_MASTER_164,ENGLISH
USM_MASTER_165,ENGLISH
USM_MASTER_166,ENGLISH
USM_MASTER_167,ENGLISH
USM_MASTER_168,ENGLISH
USM_MASTER_169,ENGLISH
USM_MASTER_170,ENGLISH
USM_MASTER_171,ENGLISH
USM_MASTER_172,ENGLISH
USM_MASTER_173,ENGLISH
USM_MASTER_174,ENGLISH
USM_MASTER_175,ENGLISH
USM_MASTER_176,ENGLISH
USM_MASTER_177,ENGLISH
USM_MASTER_178,ENGLISH
USM_MASTER_179,ENGLISH
USM_MASTER_180,ENGLISH
USM_MASTER_181,ENGLISH
USM_MASTER_182,ENGLISH
USM_MASTER_183,ENGLISH
USM_MASTER_184,ENGLISH
USM_MASTER_185,ENGLISH
USM_MASTER_186,ENGLISH
USM_MASTER_187,ENGLISH
USM_MASTER_188,ENGLISH
USM_MASTER_189,ENGLISH
USM_MASTER_190,ENGLISH
USM_MASTER_191,ENGLISH
USM_MASTER_192,ENGLISH
USM_MASTER_193,ENGLISH
USM_MASTER_194,ENGLISH
USM_MASTER_195,ENGLISH
USM_MASTER_196,ENGLISH
USM_MASTER_197,ENGLISH
USM_MASTER_198,ENGLISH
USM_MASTER_199,ENGLISH
USM_MASTER_200,ENGLISH
USM_MASTER_201,ENGLISH
USM_MASTER_202,ENGLISH
USM_MASTER_204,ENGLISH
USM_MASTER_205,ENGLISH
USM_MASTER_206,ENGLISH
USM_MASTER_207,ENGLISH
USM_MASTER_208,ENGLISH
USM_MASTER_209,ENGLISH
USM_MASTER_210,ENGLISH
USM_MASTER_211,ENGLISH
USM_MASTER_212,ENGLISH
USM_MASTER_213,ENGLISH
USM_MASTER_214,ENGLISH
USM_MASTER_215,ENGLISH
USM_MASTER_216,ENGLISH
USM_MASTER_217,ENGLISH
USM_MASTER_218,ENGLISH
USM_MASTER_219,ENGLISH
USM_MASTER_220,ENGLISH
USM_MASTER_221,ENGLISH
USM_MASTER_222,ENGLISH
USM_MASTER_223,ENGLISH
USM_MASTER_224,ENGLISH
USM_MASTER_225,ENGLISH
USM_MASTER_226,ENGLISH
USM_MASTER_227,ENGLISH
USM_MASTER_228,ENGLISH
USM_MASTER_229,ENGLISH
USM_MASTER_230,ENGLISH
USM_MASTER_231,ENGLISH
USM_MASTER_232,ENGLISH
USM_MASTER_233,ENGLISH
USM_MASTER_234,ENGLISH
USM_MASTER_235,ENGLISH
USM_MASTER_236,ENGLISH
USM_MASTER_237,ENGLISH
USM_MASTER_238,ENGLISH
USM_MASTER_239,ENGLISH
USM_MASTER_240,ENGLISH
USM_MASTER_241,ENGLISH
USM_MASTER_242,ENGLISH
USM_MASTER_243,ENGLISH
UPM_MASTER_001,ENGLISH
UPM_MASTER_002,ENGLISH
UPM_MASTER_003,ENGLISH
UPM_MASTER_004,ENGLISH
UPM_MASTER_005,ENGLISH
UPM_MASTER_006,ENGLISH
UPM_MASTER_007,ENGLISH
UPM_MASTER_008,ENGLISH
UPM_MASTER_009,ENGLISH
UPM_MASTER_010,ENGLISH
UPM_MASTER_011,ENGLISH
UPM_MASTER_012,ENGLISH
UPM_MASTER_013,ENGLISH
UPM_MASTER_014,ENGLISH
UPM_MASTER_015,ENGLISH
UPM_MASTER_016,ENGLISH
UPM_MASTER_017,ENGLISH
UPM_MASTER_018,ENGLISH
UPM_MASTER_019,ENGLISH
UPM_MASTER_020,ENGLISH
UPM_MASTER_021,ENGLISH
UPM_MASTER_022,ENGLISH
UPM_MASTER_023,ENGLISH
UPM_MASTER_024,ENGLISH
UPM_MASTER_025,ENGLISH
UPM_MASTER_026,ENGLISH
UPM_MASTER_027,ENGLISH
UPM_MASTER_028,ENGLISH
UPM_MASTER_029,ENGLISH
UPM_MASTER_030,ENGLISH
UPM_MASTER_031,ENGLISH
UPM_MASTER_032,ENGLISH
UPM_MASTER_033,ENGLISH
UPM_MASTER_034,ENGLISH
UPM_MASTER_035,ENGLISH
UPM_MASTER_036,ENGLISH
UPM_MASTER_037,ENGLISH
UPM_MASTER_038,ENGLISH
UPM_MASTER_039,ENGLISH
UPM_MASTER_040,ENGLISH
UPM_MASTER_041,ENGLISH
UPM_MASTER_042,ENGLISH
UPM_MASTER_043,ENGLISH
UPM_MASTER_044,ENGLISH
UPM_MASTER_045,ENGLISH
UPM_MASTER_046,ENGLISH
UPM_MASTER_047,ENGLISH
UPM_MASTER_048,ENGLISH
UPM_MASTER_049,ENGLISH
UPM_MASTER_050,ENGLISH
UPM_MASTER_051,ENGLISH
UPM_MASTER_052,ENGLISH
UPM_MASTER_053,ENGLISH
UPM_MASTER_054,ENGLISH
UPM_MASTER_055,ENGLISH
UPM_MASTER_056,ENGLISH
UPM_MASTER_057,ENGLISH
UPM_MASTER_058,ENGLISH
UPM_MASTER_059,ENGLISH
UPM_MASTER_060,ENGLISH
UPM_MASTER_061,ENGLISH
UPM_MASTER_062,ENGLISH
UPM_MASTER_063,ENGLISH
UPM_MASTER_064,ENGLISH
UPM_MASTER_065,ENGLISH
UPM_MASTER_066,ENGLISH
UPM_MASTER_067,ENGLISH
UPM_MASTER_068,ENGLISH
UPM_MASTER_069,ENGLISH
UPM_MASTER_070,ENGLISH
UPM_MASTER_071,ENGLISH
UPM_MASTER_072,ENGLISH
UPM_MASTER_073,ENGLISH
UTM_MASTER_001,ENGLISH
UTM_MASTER_002,ENGLISH
UTM_MASTER_003,ENGLISH
UTM_MASTER_004,ENGLISH
UTM_MASTER_005,ENGLISH
UTM_MASTER_006,ENGLISH
UTM_MASTER_007,ENGLISH
UTM_MASTER_008,ENGLISH
UTM_MASTER_009,ENGLISH
UTM_MASTER_011,ENGLISH
UTM_MASTER_012,ENGLISH
UTM_MASTER_013,ENGLISH
UTM_MASTER_014,ENGLISH
UTM_MASTER_015,ENGLISH
UTM_MASTER_016,ENGLISH
UTM_MASTER_017,ENGLISH
UTM_MASTER_018,ENGLISH
UTM_MASTER_019,ENGLISH
UTM_MASTER_020,ENGLISH
UTM_MASTER_021,ENGLISH
UTM_MASTER_022,ENGLISH
UTM_MASTER_023,ENGLISH
UTM_MASTER_024,ENGLISH
UTM_MASTER_025,ENGLISH
UTM_MASTER_026,ENGLISH
UTM_MASTER_027,ENGLISH
UTM_MASTER_028,ENGLISH
UTM_MASTER_029,ENGLISH
UTM_MASTER_030,ENGLISH
UTM_MASTER_031,ENGLISH
UTM_MASTER_032,ENGLISH
UTM_MASTER_033,ENGLISH
UTM_MASTER_034,ENGLISH
UTM_MASTER_035,ENGLISH
UTM_MASTER_036,ENGLISH
UTM_MASTER_037,ENGLISH
UTM_MASTER_038,ENGLISH
UTM_MASTER_039,ENGLISH
UTM_MASTER_040,ENGLISH
UTM_MASTER_041,ENGLISH
UTM_MASTER_042,ENGLISH
UTM_MASTER_043,ENGLISH
UTM_MASTER_044,ENGLISH
UTM_MASTER_045,ENGLISH
UTM_MASTER_046,ENGLISH
UTM_MASTER_047,ENGLISH
UTM_MASTER_048,ENGLISH
UTM_MASTER_049,ENGLISH
UTM_MASTER_050,ENGLISH
UTM_MASTER_051,ENGLISH
UTM_MASTER_052,ENGLISH
UTM_MASTER_053,ENGLISH
UTM_MASTER_054,ENGLISH
UTM_MASTER_055,ENGLISH
UTM_MASTER_056,ENGLISH
UTM_MASTER_057,ENGLISH
UTM_MASTER_058,ENGLISH
UTM_MASTER_059,ENGLISH
UTM_MASTER_060,ENGLISH
UTM_MASTER_061,ENGLISH
UTM_MASTER_062,ENGLISH
UTM_MASTER_063,ENGLISH
UTM_MASTER_064,ENGLISH
UTM_MASTER_065,ENGLISH
UTM_MASTER_066,ENGLISH
UTM_MASTER_067,ENGLISH
UTM_MASTER_068,ENGLISH
UTM_MASTER_069,ENGLISH
UTM_MASTER_070,ENGLISH
UTM_MASTER_071,ENGLISH
UTM_MASTER_072,ENGLISH
UTM_MASTER_073,ENGLISH
UTM_MASTER_074,ENGLISH
UTM_MASTER_075,ENGLISH
UTM_MASTER_076,ENGLISH
UTM_MASTER_077,ENGLISH
UTM_MASTER_078,ENGLISH
UTM_MASTER_079,ENGLISH
UTM_MASTER_080,ENGLISH
UTM_MASTER_081,ENGLISH
UTM_MASTER_082,ENGLISH
UTM_MASTER_083,ENGLISH
UTM_MASTER_084,ENGLISH
UTM_MASTER_085,ENGLISH
UTM_MASTER_086,ENGLISH
UTM_MASTER_087,ENGLISH
UTM_MASTER_088,ENGLISH
UTM_MASTER_089,ENGLISH
UTM_MASTER_090,ENGLISH
UTM_MASTER_091,ENGLISH
UTM_MASTER_092,ENGLISH
UTM_MASTER_093,ENGLISH
UTM_MASTER_094,ENGLISH
UTM_MASTER_095,ENGLISH
UTM_MASTER_096,ENGLISH
UTM_MASTER_097,ENGLISH
UTM_MASTER_098,ENGLISH
UTM_MASTER_099,ENGLISH
UTM_MASTER_100,ENGLISH
UTM_MASTER_101,ENGLISH
UTM_MASTER_102,ENGLISH
UTM_MASTER_103,ENGLISH
UTM_MASTER_104,ENGLISH
UTM_MASTER_105,ENGLISH
UTM_MASTER_106,ENGLISH
UTM_MASTER_107,ENGLISH
UTM_MASTER_108,ENGLISH
UTM_MASTER_109,ENGLISH
UTM_MASTER_110,ENGLISH
UTM_MASTER_111,ENGLISH
UTM_MASTER_112,ENGLISH
UTM_MASTER_113,ENGLISH
UTM_MASTER_114,ENGLISH
UTM_MASTER_115,ENGLISH
UTM_MASTER_116,ENGLISH
UTM_MASTER_117,ENGLISH
UTM_MASTER_118,ENGLISH
UTM_MASTER_119,ENGLISH
UTM_MASTER_120,ENGLISH
UTM_MASTER_121,ENGLISH
UTM_MASTER_122,ENGLISH
UTM_MASTER_123,ENGLISH
UTM_MASTER_124,ENGLISH
UTM_MASTER_125,ENGLISH
UTM_MASTER_126,ENGLISH
UTM_MASTER_127,ENGLISH
UTM_MASTER_128,ENGLISH
UTM_MASTER_129,ENGLISH
UTM_MASTER_130,ENGLISH
UTM_MASTER_131,ENGLISH
UTM_MASTER_132,ENGLISH
UTM_MASTER_133,ENGLISH
UTM_MASTER_134,ENGLISH
UTM_MASTER_135,ENGLISH
UTM_MASTER_136,ENGLISH
UTM_MASTER_137,ENGLISH
UTM_MASTER_138,ENGLISH
UTM_MASTER_139,ENGLISH
UTM_MASTER_140,ENGLISH
UTM_MASTER_141,ENGLISH
UTM_MASTER_142,ENGLISH
UTM_MASTER_143,ENGLISH
UTM_MASTER_144,ENGLISH
UTM_MASTER_145,ENGLISH
UTM_MASTER_146,ENGLISH
UTM_MASTER_147,ENGLISH
UTM_MASTER_148,ENGLISH
UTM_MASTER_149,ENGLISH
UTM_MASTER_150,ENGLISH
UTM_MASTER_151,ENGLISH
UTM_MASTER_152,ENGLISH
UTM_MASTER_153,ENGLISH
UTM_MASTER_154,ENGLISH
UTM_MASTER_155,ENGLISH
UTM_MASTER_156,ENGLISH
UTM_MASTER_157,ENGLISH
UTM_MASTER_158,ENGLISH
UTM_MASTER_159,ENGLISH
UTM_MASTER_160,ENGLISH
UTM_MASTER_161,ENGLISH
UTM_MASTER_162,ENGLISH
UTM_MASTER_163,ENGLISH
UTM_MASTER_164,ENGLISH
UTM_MASTER_165,ENGLISH
UTM_MASTER_166,ENGLISH
UTM_MASTER_167,ENGLISH
UTM_MASTER_168,ENGLISH
UTM_MASTER_169,ENGLISH
UTM_MASTER_170,ENGLISH
UTM_MASTER_171,ENGLISH
UTM_MASTER_172,ENGLISH
UTM_MASTER_173,ENGLISH
UTM_MASTER_174,ENGLISH
UTM_MASTER_175,ENGLISH
UTM_MASTER_176,ENGLISH
UTM_MASTER_177,ENGLISH
UTM_MASTER_178,ENGLISH
UTM_MASTER_179,ENGLISH
UTM_MASTER_180,ENGLISH
UTM_MASTER_181,ENGLISH
UTM_MASTER_182,ENGLISH
UTM_MASTER_183,ENGLISH
UTM_MASTER_184,ENGLISH
MONASH_MASTER_002,ENGLISH
MONASH_MASTER_004,ENGLISH
MONASH_MASTER_005,ENGLISH
MONASH_MASTER_006,ENGLISH
MONASH_MASTER_007,ENGLISH
MONASH_MASTER_008,ENGLISH
MONASH_MASTER_010,ENGLISH
MONASH_MASTER_011,ENGLISH
MONASH_MASTER_012,ENGLISH
MONASH_MASTER_014,ENGLISH
MONASH_MASTER_015,ENGLISH
MONASH_MASTER_016,ENGLISH
MONASH_MASTER_017,ENGLISH
MONASH_MASTER_018,ENGLISH
MONASH_MASTER_019,ENGLISH
MONASH_MASTER_020,ENGLISH
MONASH_MASTER_021,ENGLISH
MONASH_MASTER_022,ENGLISH
MONASH_MASTER_023,ENGLISH
NOTTINGHAM_MASTER_001,ENGLISH
NOTTINGHAM_MASTER_002,ENGLISH
NOTTINGHAM_MASTER_003,ENGLISH
NOTTINGHAM_MASTER_004,ENGLISH
NOTTINGHAM_MASTER_005,ENGLISH
NOTTINGHAM_MASTER_006,ENGLISH
NOTTINGHAM_MASTER_007,ENGLISH
NOTTINGHAM_MASTER_008,ENGLISH
NOTTINGHAM_MASTER_009,ENGLISH
NOTTINGHAM_MASTER_010,ENGLISH
NOTTINGHAM_MASTER_011,ENGLISH
NOTTINGHAM_MASTER_012,ENGLISH
NOTTINGHAM_MASTER_013,ENGLISH
NOTTINGHAM_MASTER_014,ENGLISH
NOTTINGHAM_MASTER_015,ENGLISH
NOTTINGHAM_MASTER_016,ENGLISH
NOTTINGHAM_MASTER_017,ENGLISH
NOTTINGHAM_MASTER_018,ENGLISH
NOTTINGHAM_MASTER_019,ENGLISH
NOTTINGHAM_MASTER_020,ENGLISH
NOTTINGHAM_MASTER_021,ENGLISH
NOTTINGHAM_MASTER_022,ENGLISH
NOTTINGHAM_MASTER_023,ENGLISH
NOTTINGHAM_MASTER_024,ENGLISH
NOTTINGHAM_MASTER_025,ENGLISH
NOTTINGHAM_MASTER_026,ENGLISH
NOTTINGHAM_MASTER_027,ENGLISH
NOTTINGHAM_MASTER_028,ENGLISH
NOTTINGHAM_MASTER_029,ENGLISH
NOTTINGHAM_MASTER_030,ENGLISH
NOTTINGHAM_MASTER_031,ENGLISH
NOTTINGHAM_MASTER_032,ENGLISH
NOTTINGHAM_MASTER_033,ENGLISH
SEGI_MASTER_001,ENGLISH
SEGI_MASTER_002,ENGLISH
CITY_MASTER_001,ENGLISH
CITY_MASTER_002,ENGLISH
CITY_MASTER_003,ENGLISH
CITY_MASTER_004,ENGLISH
CITY_MASTER_005,ENGLISH
CITY_MASTER_006,ENGLISH
CITY_MASTER_007,ENGLISH
CITY_MASTER_008,ENGLISH
CITY_MASTER_009,ENGLISH
CITY_MASTER_010,ENGLISH
UM_DOCTOR_001,ENGLISH
UM_DOCTOR_002,ENGLISH
UM_DOCTOR_003,ENGLISH
UM_DOCTOR_004,ENGLISH
UM_DOCTOR_005,ENGLISH
UM_DOCTOR_006,ENGLISH
UM_DOCTOR_007,ENGLISH
UM_DOCTOR_008,ENGLISH
UM_DOCTOR_009,ENGLISH
UM_DOCTOR_010,ENGLISH
UM_DOCTOR_011,ENGLISH
UM_DOCTOR_012,ENGLISH
UM_DOCTOR_013,ENGLISH
UM_DOCTOR_014,ENGLISH
UM_DOCTOR_015,ENGLISH
UM_DOCTOR_016,ENGLISH
UM_DOCTOR_017,ENGLISH
UM_DOCTOR_018,ENGLISH
UM_DOCTOR_019,ENGLISH
UM_DOCTOR_020,ENGLISH
UM_DOCTOR_023,ENGLISH
UM_DOCTOR_024,ENGLISH
UM_DOCTOR_026,ENGLISH
UM_DOCTOR_027,ENGLISH
UM_DOCTOR_028,ENGLISH
UM_DOCTOR_029,ENGLISH
UM_DOCTOR_030,ENGLISH
UKM_DOCTOR_001,ENGLISH
UKM_DOCTOR_002,ENGLISH
UKM_DOCTOR_003,ENGLISH
UKM_DOCTOR_004,ENGLISH
UKM_DOCTOR_005,ENGLISH
UKM_DOCTOR_006,ENGLISH
UKM_DOCTOR_007,ENGLISH
UKM_DOCTOR_008,ENGLISH
UKM_DOCTOR_009,ENGLISH
UKM_DOCTOR_010,ENGLISH
UKM_DOCTOR_011,ENGLISH
UKM_DOCTOR_012,ENGLISH
UKM_DOCTOR_013,ENGLISH
UKM_DOCTOR_014,ENGLISH
USM_DOCTOR_001,ENGLISH
USM_DOCTOR_002,ENGLISH
USM_DOCTOR_003,ENGLISH
USM_DOCTOR_004,ENGLISH
USM_DOCTOR_005,ENGLISH
USM_DOCTOR_006,ENGLISH
USM_DOCTOR_007,ENGLISH
USM_DOCTOR_008,ENGLISH
USM_DOCTOR_009,ENGLISH
USM_DOCTOR_010,ENGLISH
USM_DOCTOR_011,ENGLISH
USM_DOCTOR_012,ENGLISH
USM_DOCTOR_013,ENGLISH
USM_DOCTOR_014,ENGLISH
USM_DOCTOR_015,ENGLISH
USM_DOCTOR_016,ENGLISH
USM_DOCTOR_017,ENGLISH
USM_DOCTOR_018,ENGLISH
USM_DOCTOR_019,ENGLISH
USM_DOCTOR_020,ENGLISH
USM_DOCTOR_021,ENGLISH
USM_DOCTOR_022,ENGLISH
USM_DOCTOR_023,ENGLISH
USM_DOCTOR_024,ENGLISH
USM_DOCTOR_025,ENGLISH
USM_DOCTOR_026,ENGLISH
USM_DOCTOR_027,ENGLISH
USM_DOCTOR_028,ENGLISH
USM_DOCTOR_029,ENGLISH
USM_DOCTOR_030,ENGLISH
USM_DOCTOR_031,ENGLISH
USM_DOCTOR_032,ENGLISH
USM_DOCTOR_033,ENGLISH
USM_DOCTOR_034,ENGLISH
USM_DOCTOR_035,ENGLISH
USM_DOCTOR_036,ENGLISH
USM_DOCTOR_037,ENGLISH
USM_DOCTOR_038,ENGLISH
USM_DOCTOR_039,ENGLISH
USM_DOCTOR_040,ENGLISH
USM_DOCTOR_041,ENGLISH
USM_DOCTOR_042,ENGLISH
USM_DOCTOR_043,ENGLISH
USM_DOCTOR_044,ENGLISH
USM_DOCTOR_045,ENGLISH
USM_DOCTOR_046,ENGLISH
USM_DOCTOR_047,ENGLISH
USM_DOCTOR_048,ENGLISH
USM_DOCTOR_049,ENGLISH
USM_DOCTOR_050,ENGLISH
USM_DOCTOR_051,ENGLISH
USM_DOCTOR_052,ENGLISH
USM_DOCTOR_053,ENGLISH
USM_DOCTOR_054,ENGLISH
USM_DOCTOR_055,ENGLISH
USM_DOCTOR_056,ENGLISH
USM_DOCTOR_057,ENGLISH
USM_DOCTOR_058,ENGLISH
USM_DOCTOR_059,ENGLISH
USM_DOCTOR_060,ENGLISH
USM_DOCTOR_061,ENGLISH
USM_DOCTOR_062,ENGLISH
USM_DOCTOR_063,ENGLISH
USM_DOCTOR_064,ENGLISH
USM_DOCTOR_065,ENGLISH
USM_DOCTOR_066,ENGLISH
USM_DOCTOR_067,ENGLISH
USM_DOCTOR_068,ENGLISH
USM_DOCTOR_069,ENGLISH
USM_DOCTOR_070,ENGLISH
USM_DOCTOR_071,ENGLISH
USM_DOCTOR_072,ENGLISH
USM_DOCTOR_073,ENGLISH
USM_DOCTOR_074,ENGLISH
USM_DOCTOR_075,ENGLISH
USM_DOCTOR_076,ENGLISH
USM_DOCTOR_077,ENGLISH
USM_DOCTOR_078,ENGLISH
USM_DOCTOR_079,ENGLISH
USM_DOCTOR_080,ENGLISH
USM_DOCTOR_081,ENGLISH
USM_DOCTOR_082,ENGLISH
USM_DOCTOR_083,ENGLISH
USM_DOCTOR_084,ENGLISH
USM_DOCTOR_085,ENGLISH
USM_DOCTOR_086,ENGLISH
USM_DOCTOR_087,ENGLISH
USM_DOCTOR_088,ENGLISH
USM_DOCTOR_089,ENGLISH
USM_DOCTOR_090,ENGLISH
USM_DOCTOR_091,ENGLISH
USM_DOCTOR_092,ENGLISH
USM_DOCTOR_093,ENGLISH
USM_DOCTOR_094,ENGLISH
USM_DOCTOR_095,ENGLISH
USM_DOCTOR_096,ENGLISH
USM_DOCTOR_097,ENGLISH
USM_DOCTOR_098,ENGLISH
USM_DOCTOR_099,ENGLISH
USM_DOCTOR_100,ENGLISH
USM_DOCTOR_101,ENGLISH
USM_DOCTOR_102,ENGLISH
USM_DOCTOR_103,ENGLISH
USM_DOCTOR_104,ENGLISH
USM_DOCTOR_105,ENGLISH
USM_DOCTOR_106,ENGLISH
USM_DOCTOR_107,ENGLISH
USM_DOCTOR_108,ENGLISH
USM_DOCTOR_109,ENGLISH
USM_DOCTOR_110,ENGLISH
USM_DOCTOR_111,ENGLISH
USM_DOCTOR_112,ENGLISH
USM_DOCTOR_113,ENGLISH
USM_DOCTOR_114,ENGLISH
USM_DOCTOR_115,ENGLISH
USM_DOCTOR_116,ENGLISH
USM_DOCTOR_117,ENGLISH
USM_DOCTOR_118,ENGLISH
USM_DOCTOR_119,ENGLISH
USM_DOCTOR_120,ENGLISH
USM_DOCTOR_121,ENGLISH
USM_DOCTOR_122,ENGLISH
USM_DOCTOR_123,ENGLISH
USM_DOCTOR_124,ENGLISH
USM_DOCTOR_125,ENGLISH
USM_DOCTOR_126,ENGLISH
USM_DOCTOR_127,ENGLISH
USM_DOCTOR_128,ENGLISH
USM_DOCTOR_129,ENGLISH
USM_DOCTOR_130,ENGLISH
USM_DOCTOR_131,ENGLISH
USM_DOCTOR_132,ENGLISH
USM_DOCTOR_133,ENGLISH
USM_DOCTOR_134,ENGLISH
USM_DOCTOR_135,ENGLISH
USM_DOCTOR_136,ENGLISH
USM_DOCTOR_137,ENGLISH
USM_DOCTOR_138,ENGLISH
USM_DOCTOR_139,ENGLISH
USM_DOCTOR_140,ENGLISH
UPM_DOCTOR_001,ENGLISH
UPM_DOCTOR_002,ENGLISH
UPM_DOCTOR_003,ENGLISH
UPM_DOCTOR_004,ENGLISH
UPM_DOCTOR_005,ENGLISH
UPM_DOCTOR_006,ENGLISH
UPM_DOCTOR_007,ENGLISH
UPM_DOCTOR_008,ENGLISH
UPM_DOCTOR_009,ENGLISH
UPM_DOCTOR_010,ENGLISH
UPM_DOCTOR_011,ENGLISH
UPM_DOCTOR_012,ENGLISH
UPM_DOCTOR_013,ENGLISH
UPM_DOCTOR_014,ENGLISH
UPM_DOCTOR_015,ENGLISH
UPM_DOCTOR_016,ENGLISH
UPM_DOCTOR_017,ENGLISH
UPM_DOCTOR_018,ENGLISH
UPM_DOCTOR_019,ENGLISH
UPM_DOCTOR_020,ENGLISH
UPM_DOCTOR_021,ENGLISH
UPM_DOCTOR_022,ENGLISH
UPM_DOCTOR_023,ENGLISH
UPM_DOCTOR_024,ENGLISH
UPM_DOCTOR_025,ENGLISH
UPM_DOCTOR_026,ENGLISH
UPM_DOCTOR_027,ENGLISH
UPM_DOCTOR_028,ENGLISH
UPM_DOCTOR_029,ENGLISH
UPM_DOCTOR_030,ENGLISH
UPM_DOCTOR_031,ENGLISH
UPM_DOCTOR_032,ENGLISH
UPM_DOCTOR_033,ENGLISH
UPM_DOCTOR_034,ENGLISH
UPM_DOCTOR_035,ENGLISH
UPM_DOCTOR_036,ENGLISH
UPM_DOCTOR_037,ENGLISH
UPM_DOCTOR_038,ENGLISH
UPM_DOCTOR_039,ENGLISH
UPM_DOCTOR_040,ENGLISH
UPM_DOCTOR_041,ENGLISH
UPM_DOCTOR_042,ENGLISH
UPM_DOCTOR_043,ENGLISH
UPM_DOCTOR_044,ENGLISH
UPM_DOCTOR_045,ENGLISH
UPM_DOCTOR_046,ENGLISH
UPM_DOCTOR_047,ENGLISH
UPM_DOCTOR_048,ENGLISH
UPM_DOCTOR_049,ENGLISH
UPM_DOCTOR_050,ENGLISH
UPM_DOCTOR_051,ENGLISH
UPM_DOCTOR_052,ENGLISH
UPM_DOCTOR_053,ENGLISH
UPM_DOCTOR_054,ENGLISH
UPM_DOCTOR_055,ENGLISH
UPM_DOCTOR_056,ENGLISH
UPM_DOCTOR_057,ENGLISH
UPM_DOCTOR_058,ENGLISH
UPM_DOCTOR_059,ENGLISH
UPM_DOCTOR_060,ENGLISH
UPM_DOCTOR_061,ENGLISH
UPM_DOCTOR_062,ENGLISH
UPM_DOCTOR_063,ENGLISH
UPM_DOCTOR_064,ENGLISH
UPM_DOCTOR_065,ENGLISH
UPM_DOCTOR_066,ENGLISH
UPM_DOCTOR_067,ENGLISH
UPM_DOCTOR_068,ENGLISH
UPM_DOCTOR_069,ENGLISH
UPM_DOCTOR_070,ENGLISH
UPM_DOCTOR_071,ENGLISH
UPM_DOCTOR_072,ENGLISH
UPM_DOCTOR_073,ENGLISH
UPM_DOCTOR_074,ENGLISH
UPM_DOCTOR_075,ENGLISH
UPM_DOCTOR_076,ENGLISH
UPM_DOCTOR_077,ENGLISH
UPM_DOCTOR_078,ENGLISH
UPM_DOCTOR_079,ENGLISH
UPM_DOCTOR_080,ENGLISH
UPM_DOCTOR_081,ENGLISH
UPM_DOCTOR_082,ENGLISH
UPM_DOCTOR_083,ENGLISH
UPM_DOCTOR_084,ENGLISH
UPM_DOCTOR_085,ENGLISH
UPM_DOCTOR_086,ENGLISH
UPM_DOCTOR_087,ENGLISH
UPM_DOCTOR_088,ENGLISH
UPM_DOCTOR_089,ENGLISH
UPM_DOCTOR_090,ENGLISH
UPM_DOCTOR_091,ENGLISH
UPM_DOCTOR_092,ENGLISH
UPM_DOCTOR_093,ENGLISH
UPM_DOCTOR_094,ENGLISH
UPM_DOCTOR_095,ENGLISH
UPM_DOCTOR_096,ENGLISH
UPM_DOCTOR_097,ENGLISH
UPM_DOCTOR_098,ENGLISH
UPM_DOCTOR_099,ENGLISH
UPM_DOCTOR_100,ENGLISH
UPM_DOCTOR_101,ENGLISH
UPM_DOCTOR_102,ENGLISH
UPM_DOCTOR_103,ENGLISH
UPM_DOCTOR_104,ENGLISH
UPM_DOCTOR_105,ENGLISH
UPM_DOCTOR_106,ENGLISH
UPM_DOCTOR_107,ENGLISH
UPM_DOCTOR_108,ENGLISH
UPM_DOCTOR_109,ENGLISH
UPM_DOCTOR_110,ENGLISH
UPM_DOCTOR_111,ENGLISH
UPM_DOCTOR_112,ENGLISH
UPM_DOCTOR_113,ENGLISH
UPM_DOCTOR_114,ENGLISH
UPM_DOCTOR_115,ENGLISH
UPM_DOCTOR_116,ENGLISH
UPM_DOCTOR_117,ENGLISH
UPM_DOCTOR_118,ENGLISH
UPM_DOCTOR_119,ENGLISH
UPM_DOCTOR_120,ENGLISH
UPM_DOCTOR_121,ENGLISH
UPM_DOCTOR_122,ENGLISH
UPM_DOCTOR_123,ENGLISH
UPM_DOCTOR_124,ENGLISH
UPM_DOCTOR_125,ENGLISH
UPM_DOCTOR_126,ENGLISH
UPM_DOCTOR_127,ENGLISH
UPM_DOCTOR_128,ENGLISH
UPM_DOCTOR_129,ENGLISH
UPM_DOCTOR_130,ENGLISH
UPM_DOCTOR_131,ENGLISH
UPM_DOCTOR_132,ENGLISH
UPM_DOCTOR_133,ENGLISH
UPM_DOCTOR_134,ENGLISH
UPM_DOCTOR_135,ENGLISH
UPM_DOCTOR_136,ENGLISH
UPM_DOCTOR_137,ENGLISH
UPM_DOCTOR_138,ENGLISH
UPM_DOCTOR_139,ENGLISH
UPM_DOCTOR_140,ENGLISH
UPM_DOCTOR_141,ENGLISH
UPM_DOCTOR_142,ENGLISH
UPM_DOCTOR_143,ENGLISH
UPM_DOCTOR_144,ENGLISH
UPM_DOCTOR_145,ENGLISH
UPM_DOCTOR_146,ENGLISH
UPM_DOCTOR_147,ENGLISH
UPM_DOCTOR_148,ENGLISH
UPM_DOCTOR_149,ENGLISH
UPM_DOCTOR_150,ENGLISH
UPM_DOCTOR_151,ENGLISH
UPM_DOCTOR_152,ENGLISH
UPM_DOCTOR_153,ENGLISH
UPM_DOCTOR_154,ENGLISH
UPM_DOCTOR_155,ENGLISH
UPM_DOCTOR_156,ENGLISH
UPM_DOCTOR_157,ENGLISH
UPM_DOCTOR_158,ENGLISH
UPM_DOCTOR_159,ENGLISH
UPM_DOCTOR_160,ENGLISH
UPM_DOCTOR_161,ENGLISH
UPM_DOCTOR_162,ENGLISH
UPM_DOCTOR_163,ENGLISH
UPM_DOCTOR_164,ENGLISH
UPM_DOCTOR_165,ENGLISH
UPM_DOCTOR_166,ENGLISH
UPM_DOCTOR_167,ENGLISH
UPM_DOCTOR_168,ENGLISH
UPM_DOCTOR_169,ENGLISH
UPM_DOCTOR_170,ENGLISH
UPM_DOCTOR_171,ENGLISH
UPM_DOCTOR_172,ENGLISH
UPM_DOCTOR_173,ENGLISH
UPM_DOCTOR_174,ENGLISH
UPM_DOCTOR_175,ENGLISH
UPM_DOCTOR_176,ENGLISH
UPM_DOCTOR_177,ENGLISH
UPM_DOCTOR_178,ENGLISH
UPM_DOCTOR_179,ENGLISH
UPM_DOCTOR_180,ENGLISH
UPM_DOCTOR_181,ENGLISH
UPM_DOCTOR_182,ENGLISH
UPM_DOCTOR_183,ENGLISH
UPM_DOCTOR_184,ENGLISH
UPM_DOCTOR_185,ENGLISH
UPM_DOCTOR_186,ENGLISH
UPM_DOCTOR_187,ENGLISH
UPM_DOCTOR_188,ENGLISH
UPM_DOCTOR_189,ENGLISH
UPM_DOCTOR_190,ENGLISH
UPM_DOCTOR_191,ENGLISH
UPM_DOCTOR_192,ENGLISH
UPM_DOCTOR_193,ENGLISH
UPM_DOCTOR_194,ENGLISH
UPM_DOCTOR_195,ENGLISH
UPM_DOCTOR_196,ENGLISH
UPM_DOCTOR_197,ENGLISH
UPM_DOCTOR_198,ENGLISH
UPM_DOCTOR_199,ENGLISH
UPM_DOCTOR_200,ENGLISH
UPM_DOCTOR_201,ENGLISH
UPM_DOCTOR_202,ENGLISH
UPM_DOCTOR_203,ENGLISH
UPM_DOCTOR_204,ENGLISH
UPM_DOCTOR_205,ENGLISH
UPM_DOCTOR_206,ENGLISH
UPM_DOCTOR_207,ENGLISH
UPM_DOCTOR_208,ENGLISH
UPM_DOCTOR_209,ENGLISH
UPM_DOCTOR_210,ENGLISH
UPM_DOCTOR_211,ENGLISH
UPM_DOCTOR_212,ENGLISH
UPM_DOCTOR_213,ENGLISH
UPM_DOCTOR_214,ENGLISH
UPM_DOCTOR_215,ENGLISH
UPM_DOCTOR_216,ENGLISH
UPM_DOCTOR_217,ENGLISH
UPM_DOCTOR_218,ENGLISH
UPM_DOCTOR_219,ENGLISH
UPM_DOCTOR_220,ENGLISH
UPM_DOCTOR_221,ENGLISH
UPM_DOCTOR_222,ENGLISH
UPM_DOCTOR_223,ENGLISH
UPM_DOCTOR_224,ENGLISH
UPM_DOCTOR_225,ENGLISH
UPM_DOCTOR_226,ENGLISH
UPM_DOCTOR_227,ENGLISH
UPM_DOCTOR_228,ENGLISH
UPM_DOCTOR_229,ENGLISH
UPM_DOCTOR_230,ENGLISH
UPM_DOCTOR_231,ENGLISH
UPM_DOCTOR_232,ENGLISH
UPM_DOCTOR_233,ENGLISH
UPM_DOCTOR_234,ENGLISH
UPM_DOCTOR_235,ENGLISH
UPM_DOCTOR_236,ENGLISH
UPM_DOCTOR_237,ENGLISH
UPM_DOCTOR_238,ENGLISH
UPM_DOCTOR_239,ENGLISH
UPM_DOCTOR_240,ENGLISH
UPM_DOCTOR_241,ENGLISH
UPM_DOCTOR_242,ENGLISH
UPM_DOCTOR_243,ENGLISH
UPM_DOCTOR_244,ENGLISH
UPM_DOCTOR_245,ENGLISH
UPM_DOCTOR_246,ENGLISH
UPM_DOCTOR_247,ENGLISH
UPM_DOCTOR_248,ENGLISH
UPM_DOCTOR_249,ENGLISH
UPM_DOCTOR_250,ENGLISH
UPM_DOCTOR_251,ENGLISH
UTM_DOCTOR_001,ENGLISH
UTM_DOCTOR_002,ENGLISH
UTM_DOCTOR_003,ENGLISH
UTM_DOCTOR_004,ENGLISH
UTM_DOCTOR_005,ENGLISH
UTM_DOCTOR_006,ENGLISH
UTM_DOCTOR_007,ENGLISH
UTM_DOCTOR_008,ENGLISH
UTM_DOCTOR_009,ENGLISH
UTM_DOCTOR_010,ENGLISH
UTM_DOCTOR_011,ENGLISH
UTM_DOCTOR_012,ENGLISH
UTM_DOCTOR_013,ENGLISH
UTM_DOCTOR_014,ENGLISH
UTM_DOCTOR_015,ENGLISH
UTM_DOCTOR_016,ENGLISH
UTM_DOCTOR_017,ENGLISH
UTM_DOCTOR_018,ENGLISH
UTM_DOCTOR_019,ENGLISH
UTM_DOCTOR_020,ENGLISH
UTM_DOCTOR_021,ENGLISH
UTM_DOCTOR_022,ENGLISH
UTM_DOCTOR_023,ENGLISH
UTM_DOCTOR_024,ENGLISH
UTM_DOCTOR_025,ENGLISH
UTM_DOCTOR_026,ENGLISH
UTM_DOCTOR_027,ENGLISH
UTM_DOCTOR_028,ENGLISH
UTM_DOCTOR_029,ENGLISH
UTM_DOCTOR_030,ENGLISH
UTM_DOCTOR_031,ENGLISH
UTM_DOCTOR_032,ENGLISH
UTM_DOCTOR_033,ENGLISH
UTM_DOCTOR_034,ENGLISH
UTM_DOCTOR_035,ENGLISH
UTM_DOCTOR_036,ENGLISH
UTM_DOCTOR_037,ENGLISH
UTM_DOCTOR_038,ENGLISH
UTM_DOCTOR_039,ENGLISH
UTM_DOCTOR_040,ENGLISH
UTM_DOCTOR_041,ENGLISH
UTM_DOCTOR_042,ENGLISH
NOTTINGHAM_DOCTOR_001,ENGLISH
NOTTINGHAM_DOCTOR_002,ENGLISH
NOTTINGHAM_DOCTOR_003,ENGLISH
NOTTINGHAM_DOCTOR_004,ENGLISH
NOTTINGHAM_DOCTOR_005,ENGLISH
NOTTINGHAM_DOCTOR_006,ENGLISH
NOTTINGHAM_DOCTOR_007,ENGLISH
NOTTINGHAM_DOCTOR_008,ENGLISH
NOTTINGHAM_DOCTOR_009,ENGLISH
NOTTINGHAM_DOCTOR_010,ENGLISH
NOTTINGHAM_DOCTOR_011,ENGLISH
NOTTINGHAM_DOCTOR_012,ENGLISH
NOTTINGHAM_DOCTOR_013,ENGLISH
NOTTINGHAM_DOCTOR_014,ENGLISH
MONASH_DOCTOR_003,ENGLISH
MONASH_DOCTOR_006,ENGLISH
MONASH_DOCTOR_007,ENGLISH
CITY_DOCTOR_001,ENGLISH
CITY_DOCTOR_002,ENGLISH
CITY_DOCTOR_003,ENGLISH
CITY_DOCTOR_004,ENGLISH
CITY_DOCTOR_005,ENGLISH
CITY_DOCTOR_006,ENGLISH
CITY_DOCTOR_007,ENGLISH
CITY_DOCTOR_008,ENGLISH
CITY_DOCTOR_009,ENGLISH
SUNWAY_DIPLOMA_PDF_001,ENGLISH
SUNWAY_DIPLOMA_PDF_002,ENGLISH
SUNWAY_DIPLOMA_PDF_003,ENGLISH
SUNWAY_DIPLOMA_PDF_004,ENGLISH
SUNWAY_DIPLOMA_PDF_005,ENGLISH
SUNWAY_DIPLOMA_PDF_006,ENGLISH
SUNWAY_DIPLOMA_PDF_007,ENGLISH
SUNWAY_DIPLOMA_PDF_008,ENGLISH
SUNWAY_DIPLOMA_PDF_009,ENGLISH
SUNWAY_BACHELOR_PDF_001,ENGLISH
SUNWAY_BACHELOR_PDF_002,ENGLISH
SUNWAY_BACHELOR_PDF_003,ENGLISH
SUNWAY_BACHELOR_PDF_004,ENGLISH
SUNWAY_BACHELOR_PDF_005,ENGLISH
SUNWAY_BACHELOR_PDF_006,ENGLISH
SUNWAY_BACHELOR_PDF_007,ENGLISH
SUNWAY_BACHELOR_PDF_008,ENGLISH
SUNWAY_BACHELOR_PDF_009,ENGLISH
SUNWAY_DIPLOMA_PDF_010,ENGLISH
SUNWAY_DIPLOMA_PDF_011,ENGLISH
SUNWAY_DIPLOMA_PDF_012,ENGLISH
SUNWAY_DIPLOMA_PDF_013,ENGLISH
SUNWAY_BACHELOR_PDF_010,ENGLISH
SUNWAY_BACHELOR_PDF_011,ENGLISH
SUNWAY_BACHELOR_PDF_012,ENGLISH
SUNWAY_BACHELOR_PDF_013,ENGLISH
SUNWAY_BACHELOR_PDF_014,ENGLISH
SUNWAY_BACHELOR_PDF_015,ENGLISH
SUNWAY_BACHELOR_PDF_016,ENGLISH
SUNWAY_BACHELOR_PDF_017,ENGLISH
SUNWAY_BACHELOR_PDF_018,ENGLISH
SUNWAY_BACHELOR_PDF_019,ENGLISH
SUNWAY_BACHELOR_PDF_020,ENGLISH
SUNWAY_BACHELOR_PDF_021,ENGLISH
SUNWAY_DIPLOMA_PDF_014,ENGLISH
SUNWAY_DIPLOMA_PDF_015,ENGLISH
SUNWAY_DIPLOMA_PDF_016,ENGLISH
SUNWAY_BACHELOR_PDF_022,ENGLISH
SUNWAY_BACHELOR_PDF_023,ENGLISH
SUNWAY_BACHELOR_PDF_024,ENGLISH
SUNWAY_BACHELOR_PDF_025,ENGLISH
SUNWAY_BACHELOR_PDF_026,ENGLISH
SUNWAY_DIPLOMA_PDF_017,ENGLISH
SUNWAY_DIPLOMA_PDF_018,ENGLISH
SUNWAY_BACHELOR_PDF_027,ENGLISH
SUNWAY_BACHELOR_PDF_028,ENGLISH
SUNWAY_BACHELOR_PDF_029,ENGLISH
SUNWAY_BACHELOR_PDF_030,ENGLISH
SUNWAY_BACHELOR_PDF_031,ENGLISH
SUNWAY_BACHELOR_PDF_032,ENGLISH
SUNWAY_BACHELOR_PDF_033,ENGLISH
SUNWAY_BACHELOR_PDF_034,ENGLISH
SUNWAY_BACHELOR_PDF_035,ENGLISH
SUNWAY_BACHELOR_PDF_036,ENGLISH
SUNWAY_BACHELOR_PDF_037,ENGLISH
SUNWAY_DIPLOMA_PDF_019,ENGLISH
SUNWAY_BACHELOR_PDF_038,ENGLISH
SUNWAY_BACHELOR_PDF_039,ENGLISH
SUNWAY_BACHELOR_PDF_040,ENGLISH
SUNWAY_BACHELOR_PDF_041,ENGLISH
SUNWAY_DOCTOR_PDF_001,ENGLISH
SUNWAY_MASTER_PDF_001,ENGLISH
SUNWAY_DOCTOR_PDF_002,ENGLISH
SUNWAY_MASTER_PDF_002,ENGLISH
SUNWAY_MASTER_PDF_003,ENGLISH
SUNWAY_MASTER_PDF_004,ENGLISH
SUNWAY_DOCTOR_PDF_003,ENGLISH
SUNWAY_MASTER_PDF_005,ENGLISH
SUNWAY_MASTER_PDF_006,ENGLISH
SUNWAY_DOCTOR_PDF_004,ENGLISH
SUNWAY_DOCTOR_PDF_005,ENGLISH
SUNWAY_MASTER_PDF_007,ENGLISH
SUNWAY_MASTER_PDF_008,ENGLISH
SUNWAY_MASTER_PDF_009,ENGLISH
SUNWAY_MASTER_PDF_010,ENGLISH
SUNWAY_DOCTOR_PDF_006,ENGLISH
SUNWAY_MASTER_PDF_011,ENGLISH
SUNWAY_DOCTOR_PDF_007,ENGLISH
SUNWAY_MASTER_PDF_012,ENGLISH
SUNWAY_MASTER_PDF_013,ENGLISH
SUNWAY_DOCTOR_PDF_008,ENGLISH
SUNWAY_DOCTOR_PDF_009,ENGLISH
SUNWAY_DOCTOR_PDF_010,ENGLISH
SUNWAY_MASTER_PDF_014,ENGLISH
SUNWAY_MASTER_PDF_015,ENGLISH
SUNWAY_MASTER_PDF_016,ENGLISH
SUNWAY_MASTER_PDF_017,ENGLISH
SUNWAY_MASTER_PDF_018,ENGLISH
SUNWAY_MASTER_PDF_019,ENGLISH
SUNWAY_DOCTOR_PDF_011,ENGLISH
SUNWAY_MASTER_PDF_020,ENGLISH
SUNWAY_MASTER_PDF_021,ENGLISH
SUNWAY_MASTER_PDF_022,ENGLISH
SUNWAY_MASTER_PDF_023,ENGLISH
SUNWAY_FOUNDATION_PDF_001,ENGLISH
SUNWAY_FOUNDATION_PDF_002,ENGLISH
SUNWAY_FOUNDATION_PDF_003,ENGLISH
SUNWAY_FOUNDATION_PDF_004,ENGLISH
SUNWAY_FOUNDATION_PDF_005,ENGLISH
SUNWAY_FOUNDATION_PDF_006,ENGLISH
APU_FOUNDATION_PDF_001,ENGLISH
APU_FOUNDATION_PDF_002,ENGLISH
APU_FOUNDATION_PDF_003,ENGLISH
APU_FOUNDATION_PDF_004,ENGLISH
APU_DIPLOMA_PDF_001,ENGLISH
APU_DIPLOMA_PDF_002,ENGLISH
APU_DIPLOMA_PDF_003,ENGLISH
APU_DIPLOMA_PDF_004,ENGLISH
APU_DIPLOMA_PDF_005,ENGLISH
APU_DIPLOMA_PDF_006,ENGLISH
APU_DIPLOMA_PDF_007,ENGLISH
APU_DIPLOMA_PDF_008,ENGLISH
APU_DIPLOMA_PDF_009,ENGLISH
APU_DIPLOMA_PDF_010,ENGLISH
APU_BACHELOR_PDF_001,ENGLISH
APU_BACHELOR_PDF_002,ENGLISH
APU_BACHELOR_PDF_003,ENGLISH
APU_BACHELOR_PDF_004,ENGLISH
APU_BACHELOR_PDF_005,ENGLISH
APU_BACHELOR_PDF_006,ENGLISH
APU_BACHELOR_PDF_007,ENGLISH
APU_BACHELOR_PDF_008,ENGLISH
APU_BACHELOR_PDF_009,ENGLISH
APU_BACHELOR_PDF_010,ENGLISH
APU_BACHELOR_PDF_011,ENGLISH
APU_BACHELOR_PDF_012,ENGLISH
APU_BACHELOR_PDF_013,ENGLISH
APU_BACHELOR_PDF_014,ENGLISH
APU_BACHELOR_PDF_015,ENGLISH
APU_BACHELOR_PDF_016,ENGLISH
APU_BACHELOR_PDF_017,ENGLISH
APU_BACHELOR_PDF_018,ENGLISH
APU_BACHELOR_PDF_019,ENGLISH
APU_BACHELOR_PDF_020,ENGLISH
APU_BACHELOR_PDF_021,ENGLISH
APU_BACHELOR_PDF_022,ENGLISH
APU_BACHELOR_PDF_023,ENGLISH
APU_BACHELOR_PDF_024,ENGLISH
APU_BACHELOR_PDF_025,ENGLISH
APU_BACHELOR_PDF_026,ENGLISH
APU_BACHELOR_PDF_027,ENGLISH
APU_BACHELOR_PDF_028,ENGLISH
APU_BACHELOR_PDF_029,ENGLISH
APU_BACHELOR_PDF_030,ENGLISH
APU_MASTER_PDF_001,ENGLISH
APU_MASTER_PDF_002,ENGLISH
APU_MASTER_PDF_003,ENGLISH
APU_MASTER_PDF_004,ENGLISH
APU_MASTER_PDF_005,ENGLISH
APU_MASTER_PDF_006,ENGLISH
APU_MASTER_PDF_007,ENGLISH
APU_MASTER_PDF_008,ENGLISH
APU_MASTER_PDF_009,ENGLISH
APU_MASTER_PDF_010,ENGLISH
APU_MASTER_PDF_011,ENGLISH
APU_MASTER_PDF_012,ENGLISH
APU_MASTER_PDF_013,ENGLISH
APU_MASTER_PDF_014,ENGLISH
APU_MASTER_PDF_015,ENGLISH
APU_MASTER_PDF_016,ENGLISH
APU_MASTER_PDF_017,ENGLISH
APU_MASTER_PDF_018,ENGLISH
APU_MASTER_PDF_019,ENGLISH
APU_MASTER_PDF_020,ENGLISH
APU_MASTER_PDF_021,ENGLISH
APU_DOCTOR_PDF_001,ENGLISH
APU_DOCTOR_PDF_002,ENGLISH
APU_DOCTOR_PDF_003,ENGLISH
APU_DOCTOR_PDF_004,ENGLISH
APU_DOCTOR_PDF_005,ENGLISH
APU_DOCTOR_PDF_006,ENGLISH
HELP_FOUNDATION_PDF_001,ENGLISH
HELP_FOUNDATION_PDF_002,ENGLISH
HELP_DIPLOMA_PDF_001,ENGLISH
HELP_DIPLOMA_PDF_002,ENGLISH
HELP_DIPLOMA_PDF_003,ENGLISH
HELP_DIPLOMA_PDF_004,ENGLISH
HELP_DIPLOMA_PDF_005,ENGLISH
HELP_BACHELOR_PDF_001,ENGLISH
HELP_BACHELOR_PDF_002,ENGLISH
HELP_BACHELOR_PDF_003,ENGLISH
HELP_BACHELOR_PDF_004,ENGLISH
HELP_BACHELOR_PDF_005,ENGLISH
HELP_BACHELOR_PDF_006,ENGLISH
HELP_BACHELOR_PDF_007,ENGLISH
HELP_BACHELOR_PDF_008,ENGLISH
HELP_BACHELOR_PDF_009,ENGLISH
HELP_BACHELOR_PDF_010,ENGLISH
HELP_BACHELOR_PDF_011,ENGLISH
HELP_BACHELOR_PDF_012,ENGLISH
HELP_BACHELOR_PDF_013,ENGLISH
HELP_BACHELOR_PDF_014,ENGLISH
HELP_BACHELOR_PDF_015,ENGLISH
HELP_BACHELOR_PDF_016,ENGLISH
HELP_BACHELOR_PDF_017,ENGLISH
HELP_BACHELOR_PDF_018,ENGLISH
HELP_BACHELOR_PDF_019,ENGLISH
HELP_BACHELOR_PDF_020,ENGLISH
HELP_MASTER_PDF_001,ENGLISH
HELP_MASTER_PDF_002,ENGLISH
HELP_MASTER_PDF_003,ENGLISH
HELP_MASTER_PDF_004,ENGLISH
HELP_MASTER_PDF_005,ENGLISH
HELP_MASTER_PDF_006,ENGLISH
HELP_MASTER_PDF_007,ENGLISH
HELP_MASTER_PDF_008,ENGLISH
HELP_MASTER_PDF_009,ENGLISH
HELP_MASTER_PDF_010,ENGLISH
HELP_DOCTOR_PDF_001,ENGLISH
HELP_MASTER_PDF_011,ENGLISH
HELP_MASTER_PDF_012,ENGLISH
HELP_MASTER_PDF_013,ENGLISH
HELP_DOCTOR_PDF_002,ENGLISH
HELP_MASTER_PDF_014,ENGLISH
HELP_MASTER_PDF_015,ENGLISH
HELP_DOCTOR_PDF_003,ENGLISH
HELP_DOCTOR_PDF_004,ENGLISH
NILAI_FOUNDATION_PDF_001,ENGLISH
NILAI_FOUNDATION_PDF_002,ENGLISH
NILAI_DIPLOMA_PDF_001,ENGLISH
NILAI_DIPLOMA_PDF_002,ENGLISH
NILAI_DIPLOMA_PDF_003,ENGLISH
NILAI_DIPLOMA_PDF_004,ENGLISH
NILAI_DIPLOMA_PDF_005,ENGLISH
NILAI_DIPLOMA_PDF_006,ENGLISH
NILAI_DIPLOMA_PDF_007,ENGLISH
NILAI_DIPLOMA_PDF_008,ENGLISH
NILAI_DIPLOMA_PDF_009,ENGLISH
NILAI_BACHELOR_PDF_001,ENGLISH
NILAI_BACHELOR_PDF_002,ENGLISH
NILAI_BACHELOR_PDF_003,ENGLISH
NILAI_BACHELOR_PDF_004,ENGLISH
NILAI_BACHELOR_PDF_005,ENGLISH
NILAI_BACHELOR_PDF_006,ENGLISH
NILAI_BACHELOR_PDF_007,ENGLISH
NILAI_BACHELOR_PDF_008,ENGLISH
NILAI_BACHELOR_PDF_009,ENGLISH
NILAI_BACHELOR_PDF_010,ENGLISH
NILAI_BACHELOR_PDF_011,ENGLISH
NILAI_BACHELOR_PDF_012,ENGLISH
NILAI_BACHELOR_PDF_013,ENGLISH
NILAI_BACHELOR_PDF_014,ENGLISH
NILAI_BACHELOR_PDF_015,ENGLISH
NILAI_BACHELOR_PDF_016,ENGLISH
NILAI_BACHELOR_PDF_017,ENGLISH
NILAI_BACHELOR_PDF_018,ENGLISH
NILAI_MASTER_PDF_001,ENGLISH
NILAI_MASTER_PDF_002,ENGLISH
NILAI_MASTER_PDF_003,ENGLISH
NILAI_MASTER_PDF_004,ENGLISH
NILAI_MASTER_PDF_005,ENGLISH
NILAI_MASTER_PDF_006,ENGLISH
NILAI_MASTER_PDF_007,ENGLISH
NILAI_MASTER_PDF_008,ENGLISH
NILAI_MASTER_PDF_009,ENGLISH
NILAI_DOCTOR_PDF_001,ENGLISH
NILAI_DOCTOR_PDF_002,ENGLISH
NILAI_DOCTOR_PDF_003,ENGLISH
SOUTHAMPTON_FOUNDATION_PDF_001,ENGLISH
SOUTHAMPTON_FOUNDATION_PDF_002,ENGLISH
SOUTHAMPTON_FOUNDATION_PDF_003,ENGLISH
SOUTHAMPTON_BACHELOR_PDF_001,ENGLISH
SOUTHAMPTON_BACHELOR_PDF_002,ENGLISH
SOUTHAMPTON_BACHELOR_PDF_003,ENGLISH
SOUTHAMPTON_BACHELOR_PDF_004,ENGLISH
SOUTHAMPTON_BACHELOR_PDF_005,ENGLISH
SOUTHAMPTON_BACHELOR_PDF_006,ENGLISH
SOUTHAMPTON_MASTER_PDF_001,ENGLISH
SOUTHAMPTON_MASTER_PDF_002,ENGLISH
SOUTHAMPTON_MASTER_PDF_003,ENGLISH
SOUTHAMPTON_DOCTOR_PDF_001,ENGLISH
