programme_code,intake_date,display_text
UM_BACHELOR_001,,9月
UM_BACHELOR_002,,9月
UM_BACHELOR_003,,9月
UM_BACHELOR_004,,9月
UM_BACHELOR_005,,9月
UM_BACHELOR_006,,9月
UM_BACHELOR_007,,9月
UM_BACHELOR_008,,9月
UM_BACHELOR_009,,9月
UM_BACHELOR_010,,9月
UM_BACHELOR_011,,9月
UM_BACHELOR_012,,9月
UM_BACHELOR_013,,9月
UM_BACHELOR_014,,9月
UM_BACHELOR_015,,9月
UM_BACHELOR_016,,9月
UM_BACHELOR_017,,9月
UM_BACHELOR_018,,9月
UM_BACHELOR_019,,9月
UM_BACHELOR_020,,9月
UM_BACHELOR_021,,9月
UM_BACHELOR_022,,9月
UM_BACHELOR_023,,9月
UM_BACHELOR_024,,9月
UM_BACHELOR_025,,9月
UM_BACHELOR_026,,9月
UM_BACHELOR_028,,9月
UM_BACHELOR_029,,9月
UM_BACHELOR_030,,9月
UM_BACHELOR_031,,9月
UM_BACHELOR_032,,9月
UM_BACHELOR_033,,9月
UM_BACHELOR_034,,9月
UM_BACHELOR_035,,9月
UM_BACHELOR_036,,9月
UM_BACHELOR_038,,9月
UM_BACHELOR_039,,9月
UM_BACHELOR_040,,9月
UM_BACHELOR_041,,9月
UM_BACHELOR_043,,9月
UM_BACHELOR_044,,9月
UM_BACHELOR_045,,9月
UM_BACHELOR_046,,9月
UM_BACHELOR_047,,9月
UM_BACHELOR_048,,9月
UM_BACHELOR_049,,9月
UM_BACHELOR_050,,9月
UM_BACHELOR_051,,9月
UM_BACHELOR_052,,9月
UM_BACHELOR_053,,9月
UM_BACHELOR_054,,9月
UM_BACHELOR_055,,9月
UM_BACHELOR_056,,9月
UM_BACHELOR_057,,9月
UM_BACHELOR_058,,9月
UM_BACHELOR_059,,9月
UM_BACHELOR_060,,9月
UM_BACHELOR_062,,9月
UM_BACHELOR_063,,9月
UM_BACHELOR_064,,9月
UM_BACHELOR_065,,9月
UM_BACHELOR_066,,9月
UM_BACHELOR_067,,9月
UM_BACHELOR_068,,9月
UM_BACHELOR_069,,9月
UM_BACHELOR_070,,9月
UM_BACHELOR_071,,9月
UM_BACHELOR_072,,9月
UM_BACHELOR_073,,9月
UM_BACHELOR_074,,9月
UM_BACHELOR_075,,9月
UM_BACHELOR_076,,9月
UM_BACHELOR_077,,9月
UM_BACHELOR_078,,9月
UKM_BACHELOR_014,,10月
UKM_BACHELOR_015,,10月
UKM_BACHELOR_016,,10月
UKM_BACHELOR_017,,10月
UKM_BACHELOR_018,,10月
UKM_BACHELOR_019,,10月
UKM_BACHELOR_020,,10月
UKM_BACHELOR_021,,10月
UKM_BACHELOR_022,,10月
UKM_BACHELOR_023,,10月
UKM_BACHELOR_024,,10月
UKM_BACHELOR_025,,10月
UKM_BACHELOR_026,,10月
UKM_BACHELOR_030,,10月
UKM_BACHELOR_033,,10月
UKM_BACHELOR_034,,10月
UKM_BACHELOR_050,,10月
UKM_BACHELOR_055,,10月
UKM_BACHELOR_075,,10月
UTM_BACHELOR_001,,2月
UTM_BACHELOR_006,,2月
UTM_BACHELOR_007,,2月
UTM_BACHELOR_008,,2月
UTM_BACHELOR_009,,2月
UTM_BACHELOR_010,,2月
UTM_BACHELOR_011,,2月
UTM_BACHELOR_012,,2月
UTM_BACHELOR_013,,2月
UTM_BACHELOR_014,,2月
UTM_BACHELOR_015,,2月
UTM_BACHELOR_018,,2月
UTM_BACHELOR_019,,2月
UTM_BACHELOR_035,,2月
UTM_BACHELOR_039,,2月
UTM_BACHELOR_044,,2月
UTM_BACHELOR_045,,2月
UTM_BACHELOR_046,,2月
UPM_BACHELOR_001,,9月
UPM_BACHELOR_002,,9月
UPM_BACHELOR_003,,9月
UPM_BACHELOR_006,,9月
UPM_BACHELOR_007,,9月
UPM_BACHELOR_008,,9月
UPM_BACHELOR_009,,9月
UPM_BACHELOR_011,,3月
UPM_BACHELOR_011,,9月
UPM_BACHELOR_012,,3月
UPM_BACHELOR_012,,9月
UPM_BACHELOR_013,,3月
UPM_BACHELOR_013,,9月
UPM_BACHELOR_014,,3月
UPM_BACHELOR_015,,9月
UPM_BACHELOR_017,,9月
UPM_BACHELOR_019,,9月
UPM_BACHELOR_020,,9月
UPM_BACHELOR_021,,9月
UPM_BACHELOR_022,,9月
UPM_BACHELOR_023,,9月
UPM_BACHELOR_024,,9月
UPM_BACHELOR_025,,9月
UPM_BACHELOR_026,,9月
UPM_BACHELOR_027,,9月
UPM_BACHELOR_029,,9月
UPM_BACHELOR_030,,9月
UPM_BACHELOR_031,,9月
UPM_BACHELOR_032,,9月
UPM_BACHELOR_033,,9月
UPM_BACHELOR_034,,9月
UPM_BACHELOR_035,,9月
UPM_BACHELOR_036,,9月
UPM_BACHELOR_037,,9月
UPM_BACHELOR_039,,9月
UPM_BACHELOR_041,,9月
UPM_BACHELOR_043,,9月
UPM_BACHELOR_044,,9月
UPM_BACHELOR_045,,9月
UPM_BACHELOR_046,,9月
UPM_BACHELOR_047,,9月
UPM_BACHELOR_048,,9月
UPM_BACHELOR_049,,9月
UPM_BACHELOR_050,,9月
UPM_BACHELOR_051,,9月
UPM_BACHELOR_052,,3月
UPM_BACHELOR_052,,9月
UPM_BACHELOR_053,,3月
UPM_BACHELOR_053,,9月
UPM_BACHELOR_054,,3月
UPM_BACHELOR_054,,9月
UPM_BACHELOR_055,,3月
UPM_BACHELOR_055,,9月
UPM_BACHELOR_056,,9月
UPM_BACHELOR_057,,3月
UPM_BACHELOR_057,,9月
UPM_BACHELOR_058,,3月
UPM_BACHELOR_058,,9月
UPM_BACHELOR_059,,3月
UPM_BACHELOR_059,,9月
UPM_BACHELOR_060,,9月
UPM_BACHELOR_062,,9月
UPM_BACHELOR_063,,9月
UPM_BACHELOR_064,,9月
UPM_BACHELOR_065,,9月
UPM_BACHELOR_067,,9月
UPM_BACHELOR_068,,9月
UPM_BACHELOR_069,,9月
UPM_BACHELOR_070,,9月
UPM_BACHELOR_071,,9月
UPM_BACHELOR_072,,9月
UPM_BACHELOR_073,,9月
UPM_BACHELOR_074,,9月
UPM_BACHELOR_075,,9月
UPM_BACHELOR_076,,9月
UPM_BACHELOR_079,,3月
UPM_BACHELOR_079,,9月
UPM_BACHELOR_082,,9月
UPM_BACHELOR_083,,9月
UPM_BACHELOR_084,,9月
USM_BACHELOR_002,,10月
USM_BACHELOR_003,,10月
USM_BACHELOR_004,,10月
USM_BACHELOR_005,,10月
USM_BACHELOR_006,,10月
USM_BACHELOR_007,,10月
USM_BACHELOR_008,,10月
USM_BACHELOR_009,,10月
USM_BACHELOR_010,,10月
USM_BACHELOR_011,,10月
USM_BACHELOR_012,,10月
USM_BACHELOR_013,,10月
USM_BACHELOR_014,,3月
USM_BACHELOR_014,,10月
USM_BACHELOR_015,,3月
USM_BACHELOR_015,,10月
USM_BACHELOR_016,,3月
USM_BACHELOR_016,,10月
USM_BACHELOR_017,,3月
USM_BACHELOR_017,,10月
USM_BACHELOR_018,,3月
USM_BACHELOR_018,,10月
USM_BACHELOR_019,,10月
USM_BACHELOR_020,,10月
USM_BACHELOR_021,,10月
USM_BACHELOR_022,,3月
USM_BACHELOR_022,,10月
USM_BACHELOR_023,,3月
USM_BACHELOR_023,,10月
USM_BACHELOR_024,,3月
USM_BACHELOR_024,,10月
USM_BACHELOR_025,,10月
USM_BACHELOR_026,,3月
USM_BACHELOR_026,,10月
USM_BACHELOR_027,,3月
USM_BACHELOR_027,,10月
USM_BACHELOR_028,,3月
USM_BACHELOR_028,,10月
USM_BACHELOR_029,,3月
USM_BACHELOR_029,,10月
USM_BACHELOR_030,,3月
USM_BACHELOR_030,,10月
USM_BACHELOR_031,,10月
USM_BACHELOR_032,,10月
USM_BACHELOR_033,,10月
USM_BACHELOR_034,,10月
USM_BACHELOR_035,,10月
USM_BACHELOR_036,,10月
USM_BACHELOR_037,,10月
USM_BACHELOR_038,,3月
USM_BACHELOR_038,,10月
USM_BACHELOR_044,,3月
USM_BACHELOR_044,,10月
USM_BACHELOR_045,,10月
USM_BACHELOR_046,,3月
USM_BACHELOR_046,,10月
USM_BACHELOR_047,,3月
USM_BACHELOR_047,,10月
USM_BACHELOR_048,,3月
USM_BACHELOR_048,,10月
USM_BACHELOR_049,,10月
USM_BACHELOR_050,,10月
USM_BACHELOR_051,,10月
USM_BACHELOR_052,,10月
USM_BACHELOR_053,,10月
USM_BACHELOR_054,,10月
USM_BACHELOR_055,,10月
USM_BACHELOR_056,,10月
USM_BACHELOR_057,,10月
USM_BACHELOR_058,,10月
USM_BACHELOR_059,,10月
USM_BACHELOR_060,,10月
USM_BACHELOR_061,,10月
USM_BACHELOR_062,,10月
USM_BACHELOR_063,,10月
USM_BACHELOR_064,,10月
USM_BACHELOR_065,,10月
USM_BACHELOR_066,,10月
USM_BACHELOR_067,,10月
USM_BACHELOR_068,,10月
USM_BACHELOR_069,,10月
UUM_BACHELOR_001,,2月
UUM_BACHELOR_001,,9月
UUM_BACHELOR_002,,2月
UUM_BACHELOR_002,,9月
UUM_BACHELOR_003,,2月
UUM_BACHELOR_003,,9月
UUM_BACHELOR_004,,2月
UUM_BACHELOR_004,,9月
UUM_BACHELOR_005,,2月
UUM_BACHELOR_005,,9月
UUM_BACHELOR_006,,2月
UUM_BACHELOR_006,,9月
UUM_BACHELOR_007,,2月
UUM_BACHELOR_007,,9月
UUM_BACHELOR_008,,2月
UUM_BACHELOR_008,,9月
UUM_BACHELOR_009,,2月
UUM_BACHELOR_009,,9月
UUM_BACHELOR_010,,2月
UUM_BACHELOR_010,,9月
UUM_BACHELOR_011,,2月
UUM_BACHELOR_011,,9月
UUM_BACHELOR_012,,2月
UUM_BACHELOR_012,,9月
UUM_BACHELOR_013,,2月
UUM_BACHELOR_013,,9月
UUM_BACHELOR_014,,2月
UUM_BACHELOR_014,,9月
UUM_BACHELOR_015,,2月
UUM_BACHELOR_015,,9月
UUM_BACHELOR_016,,2月
UUM_BACHELOR_016,,9月
UUM_BACHELOR_017,,2月
UUM_BACHELOR_017,,9月
UUM_BACHELOR_018,,2月
UUM_BACHELOR_018,,9月
UUM_BACHELOR_019,,2月
UUM_BACHELOR_019,,9月
UUM_BACHELOR_020,,2月
UUM_BACHELOR_020,,9月
UUM_BACHELOR_021,,2月
UUM_BACHELOR_021,,9月
UUM_BACHELOR_022,,2月
UUM_BACHELOR_022,,9月
UUM_BACHELOR_023,,2月
UUM_BACHELOR_023,,9月
UUM_BACHELOR_024,,2月
UUM_BACHELOR_024,,9月
UUM_BACHELOR_025,,2月
UUM_BACHELOR_025,,9月
UUM_BACHELOR_026,,2月
UUM_BACHELOR_026,,9月
UUM_BACHELOR_027,,2月
UUM_BACHELOR_027,,9月
UUM_BACHELOR_028,,2月
UUM_BACHELOR_028,,9月
UUM_BACHELOR_029,,2月
UUM_BACHELOR_029,,9月
UUM_BACHELOR_030,,2月
UUM_BACHELOR_030,,9月
UUM_BACHELOR_031,,2月
UUM_BACHELOR_031,,9月
UUM_BACHELOR_032,,2月
UUM_BACHELOR_032,,9月
UUM_BACHELOR_033,,2月
UUM_BACHELOR_033,,9月
UUM_BACHELOR_034,,2月
UUM_BACHELOR_034,,9月
UUM_BACHELOR_035,,2月
UUM_BACHELOR_035,,9月
TAYLOR_BACHELOR_001,,2月
TAYLOR_BACHELOR_001,,5月
TAYLOR_BACHELOR_001,,9月
TAYLOR_BACHELOR_002,,2月
TAYLOR_BACHELOR_002,,5月
TAYLOR_BACHELOR_002,,9月
TAYLOR_BACHELOR_003,,2月
TAYLOR_BACHELOR_003,,5月
TAYLOR_BACHELOR_003,,9月
TAYLOR_BACHELOR_004,,2月
TAYLOR_BACHELOR_004,,5月
TAYLOR_BACHELOR_004,,9月
TAYLOR_BACHELOR_005,,2月
TAYLOR_BACHELOR_005,,5月
TAYLOR_BACHELOR_005,,9月
TAYLOR_BACHELOR_006,,2月
TAYLOR_BACHELOR_006,,5月
TAYLOR_BACHELOR_006,,9月
TAYLOR_BACHELOR_007,,2月
TAYLOR_BACHELOR_007,,5月
TAYLOR_BACHELOR_007,,9月
TAYLOR_BACHELOR_008,,2月
TAYLOR_BACHELOR_008,,5月
TAYLOR_BACHELOR_008,,9月
TAYLOR_BACHELOR_009,,2月
TAYLOR_BACHELOR_009,,5月
TAYLOR_BACHELOR_009,,9月
TAYLOR_BACHELOR_010,,2月
TAYLOR_BACHELOR_010,,5月
TAYLOR_BACHELOR_010,,9月
TAYLOR_BACHELOR_011,,2月
TAYLOR_BACHELOR_011,,5月
TAYLOR_BACHELOR_011,,9月
TAYLOR_BACHELOR_012,,2月
TAYLOR_BACHELOR_012,,5月
TAYLOR_BACHELOR_012,,9月
TAYLOR_BACHELOR_013,,2月
TAYLOR_BACHELOR_013,,5月
TAYLOR_BACHELOR_013,,9月
TAYLOR_BACHELOR_014,,2月
TAYLOR_BACHELOR_014,,5月
TAYLOR_BACHELOR_014,,9月
TAYLOR_BACHELOR_015,,2月
TAYLOR_BACHELOR_015,,5月
TAYLOR_BACHELOR_015,,9月
TAYLOR_BACHELOR_016,,2月
TAYLOR_BACHELOR_016,,5月
TAYLOR_BACHELOR_016,,9月
TAYLOR_BACHELOR_017,,2月
TAYLOR_BACHELOR_017,,5月
TAYLOR_BACHELOR_017,,9月
TAYLOR_BACHELOR_018,,2月
TAYLOR_BACHELOR_018,,5月
TAYLOR_BACHELOR_018,,9月
TAYLOR_BACHELOR_019,,2月
TAYLOR_BACHELOR_019,,5月
TAYLOR_BACHELOR_019,,9月
TAYLOR_BACHELOR_020,,2月
TAYLOR_BACHELOR_020,,5月
TAYLOR_BACHELOR_020,,9月
TAYLOR_BACHELOR_021,,2月
TAYLOR_BACHELOR_021,,5月
TAYLOR_BACHELOR_021,,9月
TAYLOR_BACHELOR_022,,2月
TAYLOR_BACHELOR_022,,5月
TAYLOR_BACHELOR_022,,9月
TAYLOR_BACHELOR_023,,2月
TAYLOR_BACHELOR_023,,5月
TAYLOR_BACHELOR_023,,9月
TAYLOR_BACHELOR_024,,2月
TAYLOR_BACHELOR_024,,5月
TAYLOR_BACHELOR_024,,9月
TAYLOR_BACHELOR_025,,2月
TAYLOR_BACHELOR_025,,5月
TAYLOR_BACHELOR_025,,9月
TAYLOR_BACHELOR_026,,2月
TAYLOR_BACHELOR_026,,5月
TAYLOR_BACHELOR_026,,9月
TAYLOR_BACHELOR_027,,2月
TAYLOR_BACHELOR_027,,5月
TAYLOR_BACHELOR_027,,9月
TAYLOR_BACHELOR_028,,2月
TAYLOR_BACHELOR_028,,5月
TAYLOR_BACHELOR_028,,9月
TAYLOR_BACHELOR_029,,2月
TAYLOR_BACHELOR_029,,5月
TAYLOR_BACHELOR_029,,9月
TAYLOR_BACHELOR_030,,2月
TAYLOR_BACHELOR_030,,5月
TAYLOR_BACHELOR_030,,9月
TAYLOR_BACHELOR_031,,2月
TAYLOR_BACHELOR_031,,5月
TAYLOR_BACHELOR_031,,9月
TAYLOR_BACHELOR_032,,2月
TAYLOR_BACHELOR_032,,5月
TAYLOR_BACHELOR_032,,9月
TAYLOR_BACHELOR_033,,4月
TAYLOR_BACHELOR_033,,9月
TAYLOR_BACHELOR_034,,9月
TAYLOR_BACHELOR_035,,2月
TAYLOR_BACHELOR_035,,5月
TAYLOR_BACHELOR_035,,9月
TAYLOR_BACHELOR_036,,2月
TAYLOR_BACHELOR_036,,5月
TAYLOR_BACHELOR_036,,9月
TAYLOR_BACHELOR_037,,2月
TAYLOR_BACHELOR_037,,5月
TAYLOR_BACHELOR_037,,9月
TAYLOR_BACHELOR_038,,2月
TAYLOR_BACHELOR_038,,5月
TAYLOR_BACHELOR_038,,9月
TAYLOR_BACHELOR_039,,2月
TAYLOR_BACHELOR_039,,5月
TAYLOR_BACHELOR_039,,9月
TAYLOR_BACHELOR_040,,2月
TAYLOR_BACHELOR_040,,5月
TAYLOR_BACHELOR_040,,9月
TAYLOR_BACHELOR_041,,2月
TAYLOR_BACHELOR_041,,5月
TAYLOR_BACHELOR_041,,9月
TAYLOR_BACHELOR_042,,2月
TAYLOR_BACHELOR_042,,5月
TAYLOR_BACHELOR_042,,9月
TAYLOR_BACHELOR_043,,2月
TAYLOR_BACHELOR_043,,5月
TAYLOR_BACHELOR_043,,9月
TAYLOR_BACHELOR_045,,Coursework
TAYLOR_BACHELOR_047,,Research
UCSI_BACHELOR_001,,1月
UCSI_BACHELOR_001,,5月
UCSI_BACHELOR_001,,9月
UCSI_BACHELOR_002,,1月
UCSI_BACHELOR_002,,5月
UCSI_BACHELOR_002,,9月
UCSI_BACHELOR_003,,1月
UCSI_BACHELOR_003,,5月
UCSI_BACHELOR_003,,9月
UCSI_BACHELOR_004,,1月
UCSI_BACHELOR_004,,5月
UCSI_BACHELOR_004,,9月
UCSI_BACHELOR_005,,1月
UCSI_BACHELOR_005,,5月
UCSI_BACHELOR_005,,9月
UCSI_BACHELOR_006,,1月
UCSI_BACHELOR_006,,5月
UCSI_BACHELOR_006,,9月
UCSI_BACHELOR_008,,1月
UCSI_BACHELOR_008,,5月
UCSI_BACHELOR_008,,9月
UCSI_BACHELOR_009,,1月
UCSI_BACHELOR_009,,5月
UCSI_BACHELOR_009,,9月
UCSI_BACHELOR_010,,1月
UCSI_BACHELOR_010,,5月
UCSI_BACHELOR_010,,9月
UCSI_BACHELOR_011,,1月
UCSI_BACHELOR_011,,5月
UCSI_BACHELOR_011,,9月
UCSI_BACHELOR_012,,1月
UCSI_BACHELOR_012,,5月
UCSI_BACHELOR_012,,9月
UCSI_BACHELOR_013,,1月
UCSI_BACHELOR_013,,5月
UCSI_BACHELOR_013,,9月
UCSI_BACHELOR_014,,1月
UCSI_BACHELOR_014,,5月
UCSI_BACHELOR_014,,9月
UCSI_BACHELOR_015,,1月
UCSI_BACHELOR_015,,5月
UCSI_BACHELOR_015,,9月
UCSI_BACHELOR_016,,1月
UCSI_BACHELOR_016,,5月
UCSI_BACHELOR_016,,9月
UCSI_BACHELOR_017,,1月
UCSI_BACHELOR_017,,5月
UCSI_BACHELOR_017,,9月
UCSI_BACHELOR_018,,1月
UCSI_BACHELOR_018,,5月
UCSI_BACHELOR_018,,9月
UCSI_BACHELOR_019,,1月
UCSI_BACHELOR_019,,5月
UCSI_BACHELOR_019,,9月
UCSI_BACHELOR_020,,1月
UCSI_BACHELOR_020,,5月
UCSI_BACHELOR_020,,9月
UCSI_BACHELOR_021,,1月
UCSI_BACHELOR_021,,5月
UCSI_BACHELOR_021,,9月
UCSI_BACHELOR_022,,1月
UCSI_BACHELOR_022,,5月
UCSI_BACHELOR_022,,9月
UCSI_BACHELOR_023,,1月
UCSI_BACHELOR_023,,5月
UCSI_BACHELOR_023,,9月
UCSI_BACHELOR_024,,1月
UCSI_BACHELOR_024,,5月
UCSI_BACHELOR_024,,9月
UCSI_BACHELOR_025,,1月
UCSI_BACHELOR_025,,5月
UCSI_BACHELOR_025,,9月
UCSI_BACHELOR_026,,1月
UCSI_BACHELOR_026,,5月
UCSI_BACHELOR_026,,9月
UCSI_BACHELOR_027,,1月
UCSI_BACHELOR_027,,5月
UCSI_BACHELOR_027,,9月
UCSI_BACHELOR_028,,1月
UCSI_BACHELOR_028,,5月
UCSI_BACHELOR_028,,9月
UCSI_BACHELOR_029,,1月
UCSI_BACHELOR_029,,5月
UCSI_BACHELOR_029,,9月
UCSI_BACHELOR_030,,1月
UCSI_BACHELOR_030,,5月
UCSI_BACHELOR_030,,9月
UCSI_BACHELOR_031,,1月
UCSI_BACHELOR_031,,5月
UCSI_BACHELOR_031,,9月
UCSI_BACHELOR_032,,1月
UCSI_BACHELOR_032,,5月
UCSI_BACHELOR_032,,9月
UCSI_BACHELOR_033,,1月
UCSI_BACHELOR_033,,5月
UCSI_BACHELOR_033,,9月
UCSI_BACHELOR_034,,1月
UCSI_BACHELOR_034,,5月
UCSI_BACHELOR_034,,9月
UCSI_BACHELOR_035,,1月
UCSI_BACHELOR_035,,5月
UCSI_BACHELOR_035,,9月
UCSI_BACHELOR_036,,1月
UCSI_BACHELOR_036,,5月
UCSI_BACHELOR_036,,9月
UCSI_BACHELOR_037,,1月
UCSI_BACHELOR_037,,5月
UCSI_BACHELOR_037,,9月
UCSI_BACHELOR_038,,1月
UCSI_BACHELOR_038,,5月
UCSI_BACHELOR_038,,9月
UCSI_BACHELOR_039,,1月
UCSI_BACHELOR_039,,7月
UCSI_BACHELOR_040,,1月
UCSI_BACHELOR_040,,7月
UCSI_BACHELOR_041,,1月
UCSI_BACHELOR_041,,7月
UCSI_BACHELOR_042,,1月
UCSI_BACHELOR_042,,5月
UCSI_BACHELOR_042,,9月
UCSI_BACHELOR_043,,1月
UCSI_BACHELOR_043,,5月
UCSI_BACHELOR_043,,9月
UCSI_BACHELOR_044,,1月
UCSI_BACHELOR_044,,5月
UCSI_BACHELOR_044,,9月
UCSI_BACHELOR_045,,1月
UCSI_BACHELOR_045,,5月
UCSI_BACHELOR_045,,9月
UCSI_BACHELOR_046,,1月
UCSI_BACHELOR_046,,5月
UCSI_BACHELOR_046,,9月
UCSI_BACHELOR_048,,9月
UCSI_BACHELOR_049,,1月
UCSI_BACHELOR_049,,7月
UCSI_BACHELOR_050,,2月
UCSI_BACHELOR_050,,8月
UCSI_BACHELOR_051,,9月
UCSI_BACHELOR_052,,1月
UCSI_BACHELOR_052,,9月
UCSI_BACHELOR_053,,1月
UCSI_BACHELOR_053,,5月
UCSI_BACHELOR_053,,9月
UCSI_BACHELOR_054,,1月
UCSI_BACHELOR_054,,5月
UCSI_BACHELOR_054,,9月
UCSI_BACHELOR_055,,1月
UCSI_BACHELOR_055,,5月
UCSI_BACHELOR_055,,9月
UCSI_BACHELOR_056,,1月
UCSI_BACHELOR_056,,5月
UCSI_BACHELOR_056,,9月
UCSI_BACHELOR_057,,1月
UCSI_BACHELOR_057,,5月
UCSI_BACHELOR_057,,9月
UCSI_BACHELOR_058,,1月
UCSI_BACHELOR_058,,5月
UCSI_BACHELOR_058,,9月
UCSI_BACHELOR_059,,1月
UCSI_BACHELOR_059,,5月
UCSI_BACHELOR_059,,9月
UCSI_BACHELOR_060,,1月
UCSI_BACHELOR_060,,5月
UCSI_BACHELOR_060,,9月
UCSI_BACHELOR_061,,1月
UCSI_BACHELOR_061,,5月
UCSI_BACHELOR_061,,9月
UCSI_BACHELOR_062,,1月
UCSI_BACHELOR_062,,5月
UCSI_BACHELOR_062,,9月
UCSI_BACHELOR_063,,1月
UCSI_BACHELOR_063,,5月
UCSI_BACHELOR_063,,9月
SUNWAY_BACHELOR_001,,4月
SUNWAY_BACHELOR_001,,9月
SUNWAY_BACHELOR_002,,4月
SUNWAY_BACHELOR_002,,9月
SUNWAY_BACHELOR_003,,1月
SUNWAY_BACHELOR_003,,4月
SUNWAY_BACHELOR_003,,9月
SUNWAY_BACHELOR_004,,1月
SUNWAY_BACHELOR_004,,4月
SUNWAY_BACHELOR_004,,9月
SUNWAY_BACHELOR_005,,4月
SUNWAY_BACHELOR_005,,9月
SUNWAY_BACHELOR_006,,4月
SUNWAY_BACHELOR_006,,9月
SUNWAY_BACHELOR_007,,1月
SUNWAY_BACHELOR_007,,4月
SUNWAY_BACHELOR_007,,9月
SUNWAY_BACHELOR_008,,1月
SUNWAY_BACHELOR_008,,4月
SUNWAY_BACHELOR_008,,9月
SUNWAY_BACHELOR_009,,1月
SUNWAY_BACHELOR_009,,4月
SUNWAY_BACHELOR_009,,9月
SUNWAY_BACHELOR_010,,1月
SUNWAY_BACHELOR_010,,4月
SUNWAY_BACHELOR_010,,9月
SUNWAY_BACHELOR_011,,1月
SUNWAY_BACHELOR_011,,4月
SUNWAY_BACHELOR_011,,9月
SUNWAY_BACHELOR_012,,1月
SUNWAY_BACHELOR_012,,4月
SUNWAY_BACHELOR_012,,9月
SUNWAY_BACHELOR_013,,1月
SUNWAY_BACHELOR_013,,4月
SUNWAY_BACHELOR_013,,9月
SUNWAY_BACHELOR_014,,1月
SUNWAY_BACHELOR_014,,4月
SUNWAY_BACHELOR_014,,9月
SUNWAY_BACHELOR_015,,1月
SUNWAY_BACHELOR_015,,4月
SUNWAY_BACHELOR_015,,9月
SUNWAY_BACHELOR_017,,1月
SUNWAY_BACHELOR_017,,4月
SUNWAY_BACHELOR_017,,9月
SUNWAY_BACHELOR_018,,1月
SUNWAY_BACHELOR_018,,4月
SUNWAY_BACHELOR_018,,9月
SUNWAY_BACHELOR_019,,1月
SUNWAY_BACHELOR_019,,4月
SUNWAY_BACHELOR_019,,9月
SUNWAY_BACHELOR_020,,1月
SUNWAY_BACHELOR_020,,4月
SUNWAY_BACHELOR_020,,9月
SUNWAY_BACHELOR_021,,1月
SUNWAY_BACHELOR_021,,4月
SUNWAY_BACHELOR_021,,9月
SUNWAY_BACHELOR_022,,1月
SUNWAY_BACHELOR_022,,4月
SUNWAY_BACHELOR_022,,9月
SUNWAY_BACHELOR_023,,1月
SUNWAY_BACHELOR_023,,4月
SUNWAY_BACHELOR_023,,9月
SUNWAY_BACHELOR_024,,1月
SUNWAY_BACHELOR_024,,4月
SUNWAY_BACHELOR_024,,9月
SUNWAY_BACHELOR_025,,1月
SUNWAY_BACHELOR_025,,4月
SUNWAY_BACHELOR_025,,9月
SUNWAY_BACHELOR_026,,1月
SUNWAY_BACHELOR_026,,4月
SUNWAY_BACHELOR_026,,9月
SUNWAY_BACHELOR_027,,1月
SUNWAY_BACHELOR_027,,4月
SUNWAY_BACHELOR_027,,9月
SUNWAY_BACHELOR_028,,1月
SUNWAY_BACHELOR_028,,4月
SUNWAY_BACHELOR_028,,9月
SUNWAY_BACHELOR_029,,1月
SUNWAY_BACHELOR_029,,4月
SUNWAY_BACHELOR_029,,9月
SUNWAY_BACHELOR_030,,1月
SUNWAY_BACHELOR_030,,4月
SUNWAY_BACHELOR_030,,9月
SUNWAY_BACHELOR_031,,1月
SUNWAY_BACHELOR_031,,4月
SUNWAY_BACHELOR_031,,9月
SUNWAY_BACHELOR_032,,1月
SUNWAY_BACHELOR_032,,4月
SUNWAY_BACHELOR_032,,9月
SUNWAY_BACHELOR_033,,1月
SUNWAY_BACHELOR_033,,4月
SUNWAY_BACHELOR_033,,9月
SUNWAY_BACHELOR_034,,1月
SUNWAY_BACHELOR_034,,4月
SUNWAY_BACHELOR_034,,9月
SUNWAY_BACHELOR_035,,1月
SUNWAY_BACHELOR_035,,4月
SUNWAY_BACHELOR_035,,9月
SUNWAY_BACHELOR_036,,1月
SUNWAY_BACHELOR_036,,4月
SUNWAY_BACHELOR_036,,9月
MAHSA_BACHELOR_001,,9月
MAHSA_BACHELOR_002,,9月
MAHSA_BACHELOR_003,,9月
MAHSA_BACHELOR_004,,9月
CITY_BACHELOR_001,,1月
CITY_BACHELOR_001,,2月
CITY_BACHELOR_001,,5月
CITY_BACHELOR_001,,6月
CITY_BACHELOR_001,,9月
CITY_BACHELOR_001,,10月
CITY_BACHELOR_002,,1月
CITY_BACHELOR_002,,2月
CITY_BACHELOR_002,,5月
CITY_BACHELOR_002,,6月
CITY_BACHELOR_002,,9月
CITY_BACHELOR_002,,10月
CITY_BACHELOR_003,,1月
CITY_BACHELOR_003,,2月
CITY_BACHELOR_003,,5月
CITY_BACHELOR_003,,6月
CITY_BACHELOR_003,,9月
CITY_BACHELOR_003,,10月
CITY_BACHELOR_004,,1月
CITY_BACHELOR_004,,2月
CITY_BACHELOR_004,,5月
CITY_BACHELOR_004,,6月
CITY_BACHELOR_004,,9月
CITY_BACHELOR_004,,10月
CITY_BACHELOR_005,,1月
CITY_BACHELOR_005,,2月
CITY_BACHELOR_005,,5月
CITY_BACHELOR_005,,6月
CITY_BACHELOR_005,,9月
CITY_BACHELOR_005,,10月
CITY_BACHELOR_006,,1月
CITY_BACHELOR_006,,2月
CITY_BACHELOR_006,,5月
CITY_BACHELOR_006,,6月
CITY_BACHELOR_006,,9月
CITY_BACHELOR_006,,10月
CITY_BACHELOR_007,,1月
CITY_BACHELOR_007,,2月
CITY_BACHELOR_007,,5月
CITY_BACHELOR_007,,6月
CITY_BACHELOR_007,,9月
CITY_BACHELOR_007,,10月
CITY_BACHELOR_008,,1月
CITY_BACHELOR_008,,2月
CITY_BACHELOR_008,,5月
CITY_BACHELOR_008,,6月
CITY_BACHELOR_008,,9月
CITY_BACHELOR_008,,10月
CITY_BACHELOR_009,,1月
CITY_BACHELOR_009,,2月
CITY_BACHELOR_009,,5月
CITY_BACHELOR_009,,6月
CITY_BACHELOR_009,,9月
CITY_BACHELOR_009,,10月
CITY_BACHELOR_010,,1月
CITY_BACHELOR_010,,2月
CITY_BACHELOR_010,,5月
CITY_BACHELOR_010,,6月
CITY_BACHELOR_010,,9月
CITY_BACHELOR_010,,10月
CITY_BACHELOR_011,,1月
CITY_BACHELOR_011,,2月
CITY_BACHELOR_011,,5月
CITY_BACHELOR_011,,6月
CITY_BACHELOR_011,,9月
CITY_BACHELOR_011,,10月
CITY_BACHELOR_012,,1月
CITY_BACHELOR_012,,2月
CITY_BACHELOR_012,,5月
CITY_BACHELOR_012,,6月
CITY_BACHELOR_012,,9月
CITY_BACHELOR_012,,10月
CITY_BACHELOR_013,,1月
CITY_BACHELOR_013,,2月
CITY_BACHELOR_013,,5月
CITY_BACHELOR_013,,6月
CITY_BACHELOR_013,,9月
CITY_BACHELOR_013,,10月
CITY_BACHELOR_014,,1月
CITY_BACHELOR_014,,2月
CITY_BACHELOR_014,,5月
CITY_BACHELOR_014,,6月
CITY_BACHELOR_014,,9月
CITY_BACHELOR_014,,10月
CITY_BACHELOR_015,,1月
CITY_BACHELOR_015,,2月
CITY_BACHELOR_015,,5月
CITY_BACHELOR_015,,6月
CITY_BACHELOR_015,,9月
CITY_BACHELOR_015,,10月
CITY_BACHELOR_016,,1月
CITY_BACHELOR_016,,2月
CITY_BACHELOR_016,,5月
CITY_BACHELOR_016,,6月
CITY_BACHELOR_016,,9月
CITY_BACHELOR_016,,10月
CITY_BACHELOR_017,,1月
CITY_BACHELOR_017,,2月
CITY_BACHELOR_017,,5月
CITY_BACHELOR_017,,6月
CITY_BACHELOR_017,,9月
CITY_BACHELOR_017,,10月
CITY_BACHELOR_018,,1月
CITY_BACHELOR_018,,2月
CITY_BACHELOR_018,,5月
CITY_BACHELOR_018,,6月
CITY_BACHELOR_018,,9月
CITY_BACHELOR_018,,10月
CITY_BACHELOR_019,,1月
CITY_BACHELOR_019,,2月
CITY_BACHELOR_019,,5月
CITY_BACHELOR_019,,6月
CITY_BACHELOR_019,,9月
CITY_BACHELOR_019,,10月
CITY_BACHELOR_020,,1月
CITY_BACHELOR_020,,2月
CITY_BACHELOR_020,,5月
CITY_BACHELOR_020,,6月
CITY_BACHELOR_020,,9月
CITY_BACHELOR_020,,10月
CITY_BACHELOR_021,,1月
CITY_BACHELOR_021,,2月
CITY_BACHELOR_021,,5月
CITY_BACHELOR_021,,6月
CITY_BACHELOR_021,,9月
CITY_BACHELOR_021,,10月
CITY_BACHELOR_022,,1月
CITY_BACHELOR_022,,2月
CITY_BACHELOR_022,,5月
CITY_BACHELOR_022,,6月
CITY_BACHELOR_022,,9月
CITY_BACHELOR_022,,10月
CITY_BACHELOR_023,,1月
CITY_BACHELOR_023,,2月
CITY_BACHELOR_023,,5月
CITY_BACHELOR_023,,6月
CITY_BACHELOR_023,,9月
CITY_BACHELOR_023,,10月
CITY_BACHELOR_024,,1月
CITY_BACHELOR_024,,2月
CITY_BACHELOR_024,,5月
CITY_BACHELOR_024,,6月
CITY_BACHELOR_024,,9月
CITY_BACHELOR_024,,10月
UTAR_BACHELOR_002,,1月
UTAR_BACHELOR_002,,6月
UTAR_BACHELOR_002,,10月
UTAR_BACHELOR_003,,1月
UTAR_BACHELOR_003,,6月
UTAR_BACHELOR_003,,10月
UTAR_BACHELOR_004,,1月
UTAR_BACHELOR_004,,6月
UTAR_BACHELOR_004,,10月
UTAR_BACHELOR_005,,1月
UTAR_BACHELOR_005,,6月
UTAR_BACHELOR_005,,10月
UTAR_BACHELOR_006,,1月
UTAR_BACHELOR_006,,6月
UTAR_BACHELOR_006,,10月
UTAR_BACHELOR_007,,1月
UTAR_BACHELOR_007,,6月
UTAR_BACHELOR_007,,10月
UTAR_BACHELOR_008,,1月
UTAR_BACHELOR_008,,6月
UTAR_BACHELOR_008,,10月
UTAR_BACHELOR_009,,1月
UTAR_BACHELOR_009,,6月
UTAR_BACHELOR_009,,10月
UTAR_BACHELOR_010,,1月
UTAR_BACHELOR_010,,6月
UTAR_BACHELOR_010,,10月
UTAR_BACHELOR_011,,1月
UTAR_BACHELOR_011,,6月
UTAR_BACHELOR_011,,10月
UTAR_BACHELOR_012,,1月
UTAR_BACHELOR_012,,6月
UTAR_BACHELOR_012,,10月
UTAR_BACHELOR_013,,1月
UTAR_BACHELOR_013,,6月
UTAR_BACHELOR_013,,10月
UTAR_BACHELOR_014,,1月
UTAR_BACHELOR_014,,6月
UTAR_BACHELOR_014,,10月
UTAR_BACHELOR_015,,1月
UTAR_BACHELOR_015,,6月
UTAR_BACHELOR_015,,10月
UTAR_BACHELOR_016,,1月
UTAR_BACHELOR_016,,6月
UTAR_BACHELOR_016,,10月
UTAR_BACHELOR_017,,1月
UTAR_BACHELOR_017,,6月
UTAR_BACHELOR_017,,10月
UTAR_BACHELOR_018,,1月
UTAR_BACHELOR_018,,6月
UTAR_BACHELOR_018,,10月
UTAR_BACHELOR_019,,1月
UTAR_BACHELOR_019,,6月
UTAR_BACHELOR_019,,10月
UTAR_BACHELOR_020,,1月
UTAR_BACHELOR_020,,6月
UTAR_BACHELOR_020,,10月
UTAR_BACHELOR_021,,1月
UTAR_BACHELOR_021,,6月
UTAR_BACHELOR_021,,10月
UTAR_BACHELOR_022,,1月
UTAR_BACHELOR_022,,6月
UTAR_BACHELOR_022,,10月
UTAR_BACHELOR_023,,1月
UTAR_BACHELOR_023,,6月
UTAR_BACHELOR_023,,10月
UTAR_BACHELOR_024,,1月
UTAR_BACHELOR_024,,6月
UTAR_BACHELOR_024,,10月
UTAR_BACHELOR_025,,1月
UTAR_BACHELOR_025,,6月
UTAR_BACHELOR_025,,10月
UTAR_BACHELOR_026,,1月
UTAR_BACHELOR_026,,6月
UTAR_BACHELOR_026,,10月
UTAR_BACHELOR_027,,1月
UTAR_BACHELOR_027,,6月
UTAR_BACHELOR_027,,10月
UTAR_BACHELOR_028,,1月
UTAR_BACHELOR_028,,6月
UTAR_BACHELOR_028,,10月
UTAR_BACHELOR_029,,1月
UTAR_BACHELOR_029,,6月
UTAR_BACHELOR_029,,10月
UTAR_BACHELOR_030,,1月
UTAR_BACHELOR_030,,6月
UTAR_BACHELOR_030,,10月
UTAR_BACHELOR_031,,1月
UTAR_BACHELOR_031,,6月
UTAR_BACHELOR_031,,10月
UTAR_BACHELOR_032,,1月
UTAR_BACHELOR_032,,6月
UTAR_BACHELOR_032,,10月
UTAR_BACHELOR_033,,1月
UTAR_BACHELOR_033,,6月
UTAR_BACHELOR_033,,10月
UTAR_BACHELOR_034,,1月
UTAR_BACHELOR_034,,6月
UTAR_BACHELOR_034,,10月
UTAR_BACHELOR_035,,1月
UTAR_BACHELOR_035,,6月
UTAR_BACHELOR_035,,10月
UTAR_BACHELOR_036,,1月
UTAR_BACHELOR_036,,6月
UTAR_BACHELOR_036,,10月
UTAR_BACHELOR_037,,1月
UTAR_BACHELOR_037,,6月
UTAR_BACHELOR_037,,10月
UTAR_BACHELOR_038,,1月
UTAR_BACHELOR_038,,6月
UTAR_BACHELOR_038,,10月
UTAR_BACHELOR_039,,1月
UTAR_BACHELOR_039,,6月
UTAR_BACHELOR_039,,10月
UTAR_BACHELOR_040,,1月
UTAR_BACHELOR_040,,6月
UTAR_BACHELOR_040,,10月
UTAR_BACHELOR_041,,1月
UTAR_BACHELOR_041,,6月
UTAR_BACHELOR_041,,10月
UTAR_BACHELOR_042,,1月
UTAR_BACHELOR_042,,6月
UTAR_BACHELOR_042,,10月
UTAR_BACHELOR_043,,1月
UTAR_BACHELOR_043,,6月
UTAR_BACHELOR_043,,10月
UTAR_BACHELOR_044,,1月
UTAR_BACHELOR_044,,6月
UTAR_BACHELOR_044,,10月
UTAR_BACHELOR_045,,1月
UTAR_BACHELOR_045,,6月
UTAR_BACHELOR_045,,10月
UTAR_BACHELOR_046,,1月
UTAR_BACHELOR_046,,6月
UTAR_BACHELOR_046,,10月
UTAR_BACHELOR_047,,1月
UTAR_BACHELOR_047,,6月
UTAR_BACHELOR_047,,10月
UTAR_BACHELOR_048,,1月
UTAR_BACHELOR_048,,6月
UTAR_BACHELOR_048,,10月
UTAR_BACHELOR_049,,1月
UTAR_BACHELOR_049,,6月
UTAR_BACHELOR_049,,10月
UTAR_BACHELOR_050,,1月
UTAR_BACHELOR_050,,6月
UTAR_BACHELOR_050,,10月
UTAR_BACHELOR_051,,1月
UTAR_BACHELOR_051,,6月
UTAR_BACHELOR_051,,10月
UTAR_BACHELOR_052,,1月
UTAR_BACHELOR_052,,6月
UTAR_BACHELOR_052,,10月
UTAR_BACHELOR_053,,1月
UTAR_BACHELOR_053,,6月
UTAR_BACHELOR_053,,10月
UTAR_BACHELOR_054,,1月
UTAR_BACHELOR_054,,6月
UTAR_BACHELOR_054,,10月
UTAR_BACHELOR_055,,1月
UTAR_BACHELOR_055,,6月
UTAR_BACHELOR_055,,10月
UTAR_BACHELOR_056,,1月
UTAR_BACHELOR_056,,6月
UTAR_BACHELOR_056,,10月
UTAR_BACHELOR_057,,1月
UTAR_BACHELOR_057,,6月
UTAR_BACHELOR_057,,10月
UTAR_BACHELOR_058,,1月
UTAR_BACHELOR_058,,6月
UTAR_BACHELOR_058,,10月
UTAR_BACHELOR_059,,1月
UTAR_BACHELOR_059,,6月
UTAR_BACHELOR_059,,10月
UTAR_BACHELOR_060,,1月
UTAR_BACHELOR_060,,6月
UTAR_BACHELOR_060,,10月
UTAR_BACHELOR_061,,1月
UTAR_BACHELOR_061,,6月
UTAR_BACHELOR_061,,10月
UTAR_BACHELOR_062,,1月
UTAR_BACHELOR_062,,6月
UTAR_BACHELOR_062,,10月
UTAR_BACHELOR_063,,1月
UTAR_BACHELOR_063,,6月
UTAR_BACHELOR_063,,10月
UTAR_BACHELOR_064,,1月
UTAR_BACHELOR_064,,6月
UTAR_BACHELOR_064,,10月
UTAR_BACHELOR_065,,1月
UTAR_BACHELOR_065,,6月
UTAR_BACHELOR_065,,10月
UTAR_BACHELOR_066,,1月
UTAR_BACHELOR_066,,6月
UTAR_BACHELOR_066,,10月
UTAR_BACHELOR_067,,1月
UTAR_BACHELOR_067,,6月
UTAR_BACHELOR_067,,10月
UTAR_BACHELOR_068,,1月
UTAR_BACHELOR_068,,6月
UTAR_BACHELOR_068,,10月
UTAR_BACHELOR_069,,1月
UTAR_BACHELOR_069,,6月
UTAR_BACHELOR_069,,10月
UTAR_BACHELOR_070,,1月
UTAR_BACHELOR_070,,6月
UTAR_BACHELOR_070,,10月
UTAR_BACHELOR_071,,1月
UTAR_BACHELOR_071,,6月
UTAR_BACHELOR_071,,10月
UTAR_BACHELOR_072,,1月
UTAR_BACHELOR_072,,6月
UTAR_BACHELOR_072,,10月
UTAR_BACHELOR_073,,1月
UTAR_BACHELOR_073,,6月
UTAR_BACHELOR_073,,10月
UTAR_BACHELOR_074,,1月
UTAR_BACHELOR_074,,6月
UTAR_BACHELOR_074,,10月
UTAR_BACHELOR_075,,1月
UTAR_BACHELOR_075,,6月
UTAR_BACHELOR_075,,10月
UTAR_BACHELOR_076,,1月
UTAR_BACHELOR_076,,6月
UTAR_BACHELOR_076,,10月
UTAR_BACHELOR_077,,1月
UTAR_BACHELOR_077,,6月
UTAR_BACHELOR_077,,10月
UTAR_BACHELOR_078,,1月
UTAR_BACHELOR_078,,6月
UTAR_BACHELOR_078,,10月
UTAR_BACHELOR_079,,1月
UTAR_BACHELOR_079,,6月
UTAR_BACHELOR_079,,10月
MONASH_BACHELOR_001,,2月
MONASH_BACHELOR_001,,7月
MONASH_BACHELOR_001,,10月
MONASH_BACHELOR_002,,2月
MONASH_BACHELOR_002,,7月
MONASH_BACHELOR_002,,10月
MONASH_BACHELOR_003,,2月
MONASH_BACHELOR_005,,2月
MONASH_BACHELOR_005,,7月
MONASH_BACHELOR_005,,10月
MONASH_BACHELOR_006,,2月
MONASH_BACHELOR_006,,7月
MONASH_BACHELOR_006,,10月
MONASH_BACHELOR_007,,2月
MONASH_BACHELOR_007,,7月
MONASH_BACHELOR_007,,10月
MONASH_BACHELOR_008,,2月
MONASH_BACHELOR_008,,7月
MONASH_BACHELOR_009,,2月
MONASH_BACHELOR_010,,2月
MONASH_BACHELOR_010,,7月
MONASH_BACHELOR_010,,10月
MONASH_BACHELOR_011,,2月
MONASH_BACHELOR_011,,7月
MONASH_BACHELOR_011,,10月
MONASH_BACHELOR_013,,2月
MONASH_BACHELOR_013,,7月
MONASH_BACHELOR_013,,10月
MONASH_BACHELOR_014,,7月
MONASH_BACHELOR_015,,7月
MONASH_BACHELOR_016,,7月
MONASH_BACHELOR_017,,2月
MONASH_BACHELOR_018,,2月
MONASH_BACHELOR_018,,7月
MONASH_BACHELOR_018,,10月
MONASH_BACHELOR_019,,2月
MONASH_BACHELOR_019,,7月
MONASH_BACHELOR_019,,10月
MONASH_BACHELOR_020,,2月
MONASH_BACHELOR_020,,7月
MONASH_BACHELOR_022,,2月
MONASH_BACHELOR_023,,2月
MONASH_BACHELOR_023,,7月
MONASH_BACHELOR_023,,10月
MONASH_BACHELOR_024,,2月
MONASH_BACHELOR_024,,7月
MONASH_BACHELOR_025,,2月
MONASH_BACHELOR_025,,7月
MONASH_BACHELOR_025,,10月
MONASH_BACHELOR_026,,2月
MONASH_BACHELOR_026,,7月
MONASH_BACHELOR_026,,10月
MONASH_BACHELOR_027,,2月
MONASH_BACHELOR_028,,2月
MONASH_BACHELOR_029,,2月
MONASH_BACHELOR_030,,2月
MONASH_BACHELOR_031,,2月
MONASH_BACHELOR_031,,7月
MONASH_BACHELOR_031,,10月
MONASH_BACHELOR_032,,2月
MONASH_BACHELOR_032,,7月
MONASH_BACHELOR_032,,10月
MONASH_BACHELOR_033,,2月
MONASH_BACHELOR_033,,7月
MONASH_BACHELOR_033,,10月
MONASH_BACHELOR_034,,2月
MONASH_BACHELOR_034,,7月
MONASH_BACHELOR_034,,10月
MONASH_BACHELOR_035,,2月
MONASH_BACHELOR_035,,7月
MONASH_BACHELOR_036,,all year
NOTTINGHAM_BACHELOR_001,,9月
NOTTINGHAM_BACHELOR_002,,9月
NOTTINGHAM_BACHELOR_003,,9月
NOTTINGHAM_BACHELOR_004,,9月
NOTTINGHAM_BACHELOR_005,,9月
NOTTINGHAM_BACHELOR_006,,9月
NOTTINGHAM_BACHELOR_007,,9月
NOTTINGHAM_BACHELOR_008,,9月
NOTTINGHAM_BACHELOR_009,,9月
NOTTINGHAM_BACHELOR_010,,9月
NOTTINGHAM_BACHELOR_011,,9月
NOTTINGHAM_BACHELOR_012,,9月
NOTTINGHAM_BACHELOR_013,,9月
NOTTINGHAM_BACHELOR_014,,9月
NOTTINGHAM_BACHELOR_015,,9月
NOTTINGHAM_BACHELOR_016,,9月
NOTTINGHAM_BACHELOR_017,,9月
NOTTINGHAM_BACHELOR_018,,9月
NOTTINGHAM_BACHELOR_019,,9月
NOTTINGHAM_BACHELOR_020,,9月
NOTTINGHAM_BACHELOR_021,,9月
NOTTINGHAM_BACHELOR_022,,9月
NOTTINGHAM_BACHELOR_023,,9月
NOTTINGHAM_BACHELOR_024,,9月
NOTTINGHAM_BACHELOR_025,,9月
NOTTINGHAM_BACHELOR_026,,9月
NOTTINGHAM_BACHELOR_027,,9月
NOTTINGHAM_BACHELOR_028,,9月
NOTTINGHAM_BACHELOR_029,,9月
NOTTINGHAM_BACHELOR_030,,9月
NOTTINGHAM_BACHELOR_031,,9月
NOTTINGHAM_BACHELOR_032,,9月
NOTTINGHAM_BACHELOR_033,,9月
NOTTINGHAM_BACHELOR_034,,9月
NOTTINGHAM_BACHELOR_035,,9月
NOTTINGHAM_BACHELOR_036,,9月
NOTTINGHAM_BACHELOR_037,,9月
NOTTINGHAM_BACHELOR_038,,9月
NOTTINGHAM_BACHELOR_039,,9月
UM_MASTER_001,,√
UM_MASTER_002,,√
UM_MASTER_003,,√
UM_MASTER_004,,√
UM_MASTER_005,,√
UM_MASTER_006,,√
UM_MASTER_007,,√
UM_MASTER_008,,√
UM_MASTER_009,,√
UM_MASTER_012,,√
UM_MASTER_013,,√
UM_MASTER_014,,√
UM_MASTER_015,,√
UM_MASTER_017,,√
UM_MASTER_018,,√
UM_MASTER_019,,√
UM_MASTER_020,,√
UM_MASTER_022,,√
UM_MASTER_024,,√
UM_MASTER_025,,√
UM_MASTER_026,,√
UM_MASTER_031,,√
UM_MASTER_032,,√
UM_MASTER_033,,√
UM_MASTER_040,,√
UM_MASTER_042,,√
UM_MASTER_043,,√
UM_MASTER_044,,√
UM_MASTER_045,,√
UM_MASTER_046,,√
UM_MASTER_047,,√
UM_MASTER_048,,√
UM_MASTER_049,,√
UM_MASTER_050,,√
UM_MASTER_051,,√
UM_MASTER_052,,√
UM_MASTER_053,,√
UM_MASTER_054,,√
UM_MASTER_055,,√
UM_MASTER_056,,√
UM_MASTER_057,,√
UM_MASTER_058,,√
UM_MASTER_059,,√
UM_MASTER_060,,√
UM_MASTER_061,,√
UM_MASTER_062,,√
UM_MASTER_063,,√
UM_MASTER_064,,√
UM_MASTER_065,,√
UM_MASTER_066,,√
UM_MASTER_067,,√
UM_MASTER_068,,√
UM_MASTER_069,,√
UM_MASTER_070,,√
UM_MASTER_072,,√
UM_MASTER_073,,√
UM_MASTER_075,,√
UM_MASTER_078,,√
UM_MASTER_082,,√
UM_MASTER_094,,√
UM_MASTER_095,,√
UM_MASTER_096,,√
UM_MASTER_098,,√
UM_MASTER_099,,√
UM_MASTER_100,,√
UM_MASTER_101,,√
UM_MASTER_104,,√
UM_MASTER_108,,√
UM_MASTER_109,,√
UM_MASTER_111,,√
UM_MASTER_112,,√
UM_MASTER_113,,√
UM_MASTER_114,,√
UM_MASTER_115,,√
UM_MASTER_117,,√
UM_MASTER_118,,√
UM_MASTER_119,,√
UM_MASTER_120,,√
UM_MASTER_121,,√
UM_MASTER_131,,√
UM_MASTER_132,,√
UM_MASTER_133,,√
UM_MASTER_134,,√
UM_MASTER_135,,√
UM_MASTER_136,,√
UM_MASTER_137,,√
UM_MASTER_138,,√
UM_MASTER_139,,√
UM_MASTER_140,,√
UM_MASTER_141,,√
UM_MASTER_142,,√
UM_MASTER_143,,√
UM_MASTER_145,,√
UM_MASTER_146,,√
UM_MASTER_147,,√
UM_MASTER_148,,√
UM_MASTER_151,,√
UKM_MASTER_001,,√
UKM_MASTER_003,,√
UKM_MASTER_004,,√
UKM_MASTER_005,,√
UKM_MASTER_007,,√
UKM_MASTER_008,,√
UKM_MASTER_009,,√
UKM_MASTER_011,,√
UKM_MASTER_012,,√
UKM_MASTER_013,,√
UKM_MASTER_014,,√
UKM_MASTER_015,,√
UKM_MASTER_016,,√
UKM_MASTER_017,,√
UKM_MASTER_018,,√
UKM_MASTER_021,,√
UKM_MASTER_022,,√
UKM_MASTER_024,,√
UKM_MASTER_025,,√
UKM_MASTER_026,,√
UKM_MASTER_027,,√
UKM_MASTER_048,,√
UKM_MASTER_049,,√
UKM_MASTER_050,,√
UKM_MASTER_058,,√
UKM_MASTER_061,,√
UKM_MASTER_063,,√
UKM_MASTER_064,,√
UKM_MASTER_065,,√
UKM_MASTER_066,,√
UKM_MASTER_067,,√
UKM_MASTER_068,,√
UKM_MASTER_071,,√
UKM_MASTER_075,,√
UKM_MASTER_088,,√
UKM_MASTER_092,,√
UKM_MASTER_093,,√
UKM_MASTER_103,,√
UKM_MASTER_104,,√
UKM_MASTER_106,,√
UKM_MASTER_111,,√
UKM_MASTER_112,,√
UKM_MASTER_114,,√
UKM_MASTER_117,,√
UKM_MASTER_118,,√
UKM_MASTER_119,,√
UKM_MASTER_120,,√
UKM_MASTER_121,,√
UKM_MASTER_122,,√
UKM_MASTER_123,,√
UKM_MASTER_126,,√
UKM_MASTER_127,,√
UKM_MASTER_128,,√
UKM_MASTER_129,,√
UKM_MASTER_130,,√
UKM_MASTER_131,,√
UKM_MASTER_132,,√
UKM_MASTER_133,,√
UKM_MASTER_135,,√
UKM_MASTER_136,,√
UKM_MASTER_138,,√
UKM_MASTER_139,,√
UKM_MASTER_140,,√
UKM_MASTER_142,,√
UKM_MASTER_144,,√
UKM_MASTER_146,,√
UKM_MASTER_148,,√
UKM_MASTER_150,,√
UKM_MASTER_152,,√
UKM_MASTER_154,,√
UKM_MASTER_156,,√
UKM_MASTER_158,,√
UKM_MASTER_159,,√
UPM_MASTER_006,,Y
UPM_MASTER_007,,Y
UPM_MASTER_008,,Y
UPM_MASTER_009,,Y
UPM_MASTER_010,,Y
UPM_MASTER_011,,Y
UPM_MASTER_012,,Y
UPM_MASTER_017,,Y
UPM_MASTER_027,,Y
UPM_MASTER_028,,Y
UPM_MASTER_029,,Y
UPM_MASTER_030,,Y
UPM_MASTER_031,,Y
UPM_MASTER_032,,Y
UPM_MASTER_033,,Y
UPM_MASTER_034,,Y
UPM_MASTER_035,,Y
UPM_MASTER_036,,Y
UPM_MASTER_037,,Y
UPM_MASTER_038,,Y
UPM_MASTER_039,,Y
UPM_MASTER_040,,Y
UPM_MASTER_041,,Y
UPM_MASTER_042,,Y
UPM_MASTER_043,,Y
UPM_MASTER_044,,Y
UPM_MASTER_045,,Y
UPM_MASTER_046,,Y
UPM_MASTER_047,,Y
UPM_MASTER_048,,Y
UPM_MASTER_049,,Y
UPM_MASTER_050,,Y
UPM_MASTER_051,,Y
UPM_MASTER_052,,Y
UPM_MASTER_057,,Y
UPM_MASTER_058,,Y
UPM_MASTER_061,,Y
UPM_MASTER_062,,Y
UPM_MASTER_063,,Y
UPM_MASTER_064,,Y
UPM_MASTER_065,,Y
UPM_MASTER_067,,Y
UPM_MASTER_068,,Y
UPM_MASTER_069,,Y
UPM_MASTER_070,,Y
UPM_MASTER_071,,Y
UPM_MASTER_072,,Y
UPM_MASTER_073,,Y
UTM_MASTER_001,,Y
UTM_MASTER_002,,Y
UTM_MASTER_003,,Y
UTM_MASTER_005,,Y
UTM_MASTER_006,,Y
UTM_MASTER_007,,Y
UTM_MASTER_009,,Y
UTM_MASTER_012,,Y
UTM_MASTER_013,,Y
UTM_MASTER_015,,Y
UTM_MASTER_016,,Y
UTM_MASTER_018,,Y
UTM_MASTER_019,,Y
UTM_MASTER_024,,Y
UTM_MASTER_026,,Y
UTM_MASTER_027,,Y
UTM_MASTER_029,,Y
UTM_MASTER_030,,Y
UTM_MASTER_032,,Y
UTM_MASTER_033,,Y
UTM_MASTER_034,,Y
UTM_MASTER_035,,Y
UTM_MASTER_036,,Y
UTM_MASTER_037,,Y
UTM_MASTER_038,,Y
UTM_MASTER_039,,Y
UTM_MASTER_040,,Y
UTM_MASTER_041,,Y
UTM_MASTER_042,,Y
UTM_MASTER_043,,Y
UTM_MASTER_044,,Y
UTM_MASTER_045,,Y
UTM_MASTER_046,,Y
UTM_MASTER_047,,Y
UTM_MASTER_048,,Y
UTM_MASTER_049,,Y
UTM_MASTER_050,,Y
UTM_MASTER_051,,Y
UTM_MASTER_052,,Y
UTM_MASTER_053,,Y
UTM_MASTER_054,,Y
UTM_MASTER_055,,Y
UTM_MASTER_056,,Y
UTM_MASTER_057,,Y
UTM_MASTER_059,,Y
UTM_MASTER_061,,Y
UTM_MASTER_062,,Y
UTM_MASTER_064,,Y
UTM_MASTER_065,,Y
UTM_MASTER_069,,Y
UTM_MASTER_070,,Y
UTM_MASTER_071,,Y
UTM_MASTER_073,,Y
UTM_MASTER_074,,Y
UTM_MASTER_075,,Y
UTM_MASTER_076,,Y
UTM_MASTER_077,,Y
UTM_MASTER_078,,Y
UTM_MASTER_079,,Y
UTM_MASTER_080,,Y
UTM_MASTER_081,,Y
UTM_MASTER_082,,Y
UTM_MASTER_083,,Y
UTM_MASTER_084,,Y
UTM_MASTER_085,,Y
UTM_MASTER_086,,Y
UTM_MASTER_087,,Y
UTM_MASTER_088,,Y
UTM_MASTER_089,,Y
UTM_MASTER_090,,Y
UTM_MASTER_091,,Y
UTM_MASTER_092,,Y
UTM_MASTER_093,,Y
UTM_MASTER_094,,Y
UTM_MASTER_095,,Y
UTM_MASTER_096,,Y
UTM_MASTER_097,,Y
UTM_MASTER_098,,Y
UTM_MASTER_099,,Y
UTM_MASTER_100,,Y
UTM_MASTER_101,,Y
UTM_MASTER_103,,Y
UTM_MASTER_104,,Y
UTM_MASTER_105,,Y
UTM_MASTER_107,,Y
UTM_MASTER_108,,Y
UTM_MASTER_109,,Y
UTM_MASTER_110,,Y
UTM_MASTER_111,,Y
UTM_MASTER_112,,Y
UTM_MASTER_113,,Y
UTM_MASTER_114,,Y
UTM_MASTER_115,,Y
UTM_MASTER_116,,Y
UTM_MASTER_117,,Y
UTM_MASTER_118,,Y
UTM_MASTER_119,,Y
UTM_MASTER_121,,Y
UTM_MASTER_123,,Y
UTM_MASTER_125,,Y
UTM_MASTER_126,,Y
UTM_MASTER_127,,Y
UTM_MASTER_128,,Y
UTM_MASTER_129,,Y
UTM_MASTER_130,,Y
UTM_MASTER_132,,Y
UTM_MASTER_134,,Y
UTM_MASTER_137,,Y
UTM_MASTER_138,,Y
UTM_MASTER_139,,Y
UTM_MASTER_140,,Y
UTM_MASTER_141,,Y
UTM_MASTER_142,,Y
MONASH_MASTER_002,,√
MONASH_MASTER_005,,√
MONASH_MASTER_006,,√
MONASH_MASTER_007,,√
MONASH_MASTER_010,,√
MONASH_MASTER_011,,√
MONASH_MASTER_012,,√
MONASH_MASTER_014,,√
MONASH_MASTER_016,,√
MONASH_MASTER_017,,√
MONASH_MASTER_019,,√
NOTTINGHAM_MASTER_001,,2月
NOTTINGHAM_MASTER_001,,9月
NOTTINGHAM_MASTER_002,,2月
NOTTINGHAM_MASTER_002,,4月
NOTTINGHAM_MASTER_002,,6月
NOTTINGHAM_MASTER_002,,9月
NOTTINGHAM_MASTER_003,,9月
NOTTINGHAM_MASTER_004,,9月
NOTTINGHAM_MASTER_005,,9月
NOTTINGHAM_MASTER_006,,2月
NOTTINGHAM_MASTER_006,,9月
NOTTINGHAM_MASTER_007,,9月
NOTTINGHAM_MASTER_008,,9月
NOTTINGHAM_MASTER_009,,9月
NOTTINGHAM_MASTER_010,,9月
NOTTINGHAM_MASTER_011,,9月
NOTTINGHAM_MASTER_012,,2月
NOTTINGHAM_MASTER_012,,4月
NOTTINGHAM_MASTER_012,,6月
NOTTINGHAM_MASTER_012,,9月
NOTTINGHAM_MASTER_013,,9月
NOTTINGHAM_MASTER_014,,9月
NOTTINGHAM_MASTER_015,,2月
NOTTINGHAM_MASTER_015,,9月
NOTTINGHAM_MASTER_016,,9月
NOTTINGHAM_MASTER_017,,2月
NOTTINGHAM_MASTER_017,,4月
NOTTINGHAM_MASTER_017,,6月
NOTTINGHAM_MASTER_017,,9月
NOTTINGHAM_MASTER_018,,2月
NOTTINGHAM_MASTER_018,,4月
NOTTINGHAM_MASTER_018,,6月
NOTTINGHAM_MASTER_018,,9月
NOTTINGHAM_MASTER_019,,2月
NOTTINGHAM_MASTER_019,,9月
NOTTINGHAM_MASTER_020,,2月
NOTTINGHAM_MASTER_020,,9月
NOTTINGHAM_MASTER_021,,9月
NOTTINGHAM_MASTER_022,,9月
NOTTINGHAM_MASTER_023,,2月
NOTTINGHAM_MASTER_023,,4月
NOTTINGHAM_MASTER_023,,6月
NOTTINGHAM_MASTER_023,,9月
NOTTINGHAM_MASTER_024,,2月
NOTTINGHAM_MASTER_024,,4月
NOTTINGHAM_MASTER_024,,6月
NOTTINGHAM_MASTER_024,,9月
NOTTINGHAM_MASTER_025,,9月
NOTTINGHAM_MASTER_026,,2月
NOTTINGHAM_MASTER_026,,4月
NOTTINGHAM_MASTER_026,,6月
NOTTINGHAM_MASTER_026,,9月
NOTTINGHAM_MASTER_027,,2月
NOTTINGHAM_MASTER_027,,4月
NOTTINGHAM_MASTER_027,,6月
NOTTINGHAM_MASTER_027,,9月
NOTTINGHAM_MASTER_028,,2月
NOTTINGHAM_MASTER_028,,9月
NOTTINGHAM_MASTER_029,,2月
NOTTINGHAM_MASTER_029,,4月
NOTTINGHAM_MASTER_029,,6月
NOTTINGHAM_MASTER_029,,9月
NOTTINGHAM_MASTER_030,,2月
NOTTINGHAM_MASTER_030,,4月
NOTTINGHAM_MASTER_030,,6月
NOTTINGHAM_MASTER_030,,9月
NOTTINGHAM_MASTER_031,,2月
NOTTINGHAM_MASTER_031,,4月
NOTTINGHAM_MASTER_031,,6月
NOTTINGHAM_MASTER_031,,9月
NOTTINGHAM_MASTER_032,,2月
NOTTINGHAM_MASTER_032,,6月
NOTTINGHAM_MASTER_032,,9月
NOTTINGHAM_MASTER_033,,2月
NOTTINGHAM_MASTER_033,,4月
NOTTINGHAM_MASTER_033,,6月
NOTTINGHAM_MASTER_033,,9月
CITY_MASTER_001,,1月
CITY_MASTER_001,,2月
CITY_MASTER_001,,5月
CITY_MASTER_001,,6月
CITY_MASTER_001,,9月
CITY_MASTER_001,,10月
CITY_MASTER_002,,1月
CITY_MASTER_002,,2月
CITY_MASTER_002,,5月
CITY_MASTER_002,,6月
CITY_MASTER_002,,9月
CITY_MASTER_002,,10月
CITY_MASTER_003,,1月
CITY_MASTER_003,,2月
CITY_MASTER_003,,5月
CITY_MASTER_003,,6月
CITY_MASTER_003,,9月
CITY_MASTER_003,,10月
CITY_MASTER_004,,1月
CITY_MASTER_004,,2月
CITY_MASTER_004,,5月
CITY_MASTER_004,,6月
CITY_MASTER_004,,9月
CITY_MASTER_004,,10月
CITY_MASTER_005,,1月
CITY_MASTER_005,,2月
CITY_MASTER_005,,5月
CITY_MASTER_005,,6月
CITY_MASTER_005,,9月
CITY_MASTER_005,,10月
CITY_MASTER_006,,1月
CITY_MASTER_006,,2月
CITY_MASTER_006,,5月
CITY_MASTER_006,,6月
CITY_MASTER_006,,9月
CITY_MASTER_006,,10月
CITY_MASTER_007,,1月
CITY_MASTER_007,,2月
CITY_MASTER_007,,5月
CITY_MASTER_007,,6月
CITY_MASTER_007,,9月
CITY_MASTER_007,,10月
CITY_MASTER_008,,1月
CITY_MASTER_008,,2月
CITY_MASTER_008,,5月
CITY_MASTER_008,,6月
CITY_MASTER_008,,9月
CITY_MASTER_008,,10月
CITY_MASTER_009,,1月
CITY_MASTER_009,,2月
CITY_MASTER_009,,5月
CITY_MASTER_009,,6月
CITY_MASTER_009,,9月
CITY_MASTER_009,,10月
CITY_MASTER_010,,1月
CITY_MASTER_010,,2月
CITY_MASTER_010,,5月
CITY_MASTER_010,,6月
CITY_MASTER_010,,9月
CITY_MASTER_010,,10月
UM_DOCTOR_001,,10月
UM_DOCTOR_001,,3月
UM_DOCTOR_002,,10月
UM_DOCTOR_002,,3月
UM_DOCTOR_003,,10月
UM_DOCTOR_003,,3月
UM_DOCTOR_004,,10月
UM_DOCTOR_004,,3月
UM_DOCTOR_005,,10月
UM_DOCTOR_005,,3月
UM_DOCTOR_006,,10月
UM_DOCTOR_006,,3月
UM_DOCTOR_007,,10月
UM_DOCTOR_008,,10月
UM_DOCTOR_008,,3月
UM_DOCTOR_009,,10月
UM_DOCTOR_009,,3月
UM_DOCTOR_010,,10月
UM_DOCTOR_010,,3月
UM_DOCTOR_011,,10月
UM_DOCTOR_012,,10月
UM_DOCTOR_012,,3月
UM_DOCTOR_013,,10月
UM_DOCTOR_013,,3月
UM_DOCTOR_014,,10月
UM_DOCTOR_014,,3月
UM_DOCTOR_015,,10月
UM_DOCTOR_015,,3月
UM_DOCTOR_016,,10月
UM_DOCTOR_016,,3月
UM_DOCTOR_018,,10月
UM_DOCTOR_018,,3月
UM_DOCTOR_019,,10月
UM_DOCTOR_019,,3月
UM_DOCTOR_020,,10月
UM_DOCTOR_020,,3月
UM_DOCTOR_023,,10月
UM_DOCTOR_023,,3月
UM_DOCTOR_024,,10月
UM_DOCTOR_024,,3月
UM_DOCTOR_026,,10月
UM_DOCTOR_026,,3月
UM_DOCTOR_027,,10月
UM_DOCTOR_027,,3月
UM_DOCTOR_028,,10月
UM_DOCTOR_028,,3月
UM_DOCTOR_029,,10月
UM_DOCTOR_029,,3月
UM_DOCTOR_030,,10月
UM_DOCTOR_030,,3月
UKM_DOCTOR_001,,全年可入学
UKM_DOCTOR_003,,全年可入学
UKM_DOCTOR_004,,全年可入学
UKM_DOCTOR_005,,全年可入学
UKM_DOCTOR_006,,全年可入学
UKM_DOCTOR_007,,全年可入学
UKM_DOCTOR_008,,全年可入学
UKM_DOCTOR_009,,全年可入学
UKM_DOCTOR_010,,全年可入学
UKM_DOCTOR_012,,全年可入学
UKM_DOCTOR_013,,全年可入学
UKM_DOCTOR_014,,全年可入学
USM_DOCTOR_001,,全年可入学
USM_DOCTOR_031,,全年可入学
USM_DOCTOR_058,,全年可入学
USM_DOCTOR_094,,全年可入学
USM_DOCTOR_108,,全年可入学
USM_DOCTOR_118,,全年可入学
UTM_DOCTOR_001,,2月
UTM_DOCTOR_001,,9月
UTM_DOCTOR_003,,2月
UTM_DOCTOR_003,,9月
UTM_DOCTOR_010,,2月
UTM_DOCTOR_010,,9月
UTM_DOCTOR_013,,2月
UTM_DOCTOR_013,,9月
UTM_DOCTOR_016,,2月
UTM_DOCTOR_016,,9月
UTM_DOCTOR_017,,2月
UTM_DOCTOR_017,,9月
UTM_DOCTOR_032,,2月
UTM_DOCTOR_032,,9月
UTM_DOCTOR_033,,2月
UTM_DOCTOR_033,,9月
UTM_DOCTOR_034,,2月
UTM_DOCTOR_034,,9月
UTM_DOCTOR_036,,2月
UTM_DOCTOR_036,,9月
UTM_DOCTOR_040,,2月
UTM_DOCTOR_040,,9月
UTM_DOCTOR_041,,2月
UTM_DOCTOR_041,,9月
NOTTINGHAM_DOCTOR_001,,2月
NOTTINGHAM_DOCTOR_001,,4月
NOTTINGHAM_DOCTOR_001,,6月
NOTTINGHAM_DOCTOR_001,,9月
NOTTINGHAM_DOCTOR_002,,2月
NOTTINGHAM_DOCTOR_002,,9月
NOTTINGHAM_DOCTOR_003,,9月
NOTTINGHAM_DOCTOR_004,,2月
NOTTINGHAM_DOCTOR_004,,4月
NOTTINGHAM_DOCTOR_004,,6月
NOTTINGHAM_DOCTOR_004,,9月
NOTTINGHAM_DOCTOR_005,,2月
NOTTINGHAM_DOCTOR_005,,9月
NOTTINGHAM_DOCTOR_006,,2月
NOTTINGHAM_DOCTOR_006,,4月
NOTTINGHAM_DOCTOR_006,,6月
NOTTINGHAM_DOCTOR_006,,9月
NOTTINGHAM_DOCTOR_007,,2月
NOTTINGHAM_DOCTOR_007,,4月
NOTTINGHAM_DOCTOR_007,,6月
NOTTINGHAM_DOCTOR_007,,9月
NOTTINGHAM_DOCTOR_008,,2月
NOTTINGHAM_DOCTOR_008,,4月
NOTTINGHAM_DOCTOR_008,,6月
NOTTINGHAM_DOCTOR_008,,9月
NOTTINGHAM_DOCTOR_009,,2月
NOTTINGHAM_DOCTOR_009,,4月
NOTTINGHAM_DOCTOR_009,,6月
NOTTINGHAM_DOCTOR_009,,9月
NOTTINGHAM_DOCTOR_010,,2月
NOTTINGHAM_DOCTOR_010,,4月
NOTTINGHAM_DOCTOR_010,,6月
NOTTINGHAM_DOCTOR_010,,9月
NOTTINGHAM_DOCTOR_011,,2月
NOTTINGHAM_DOCTOR_011,,4月
NOTTINGHAM_DOCTOR_011,,6月
NOTTINGHAM_DOCTOR_011,,9月
NOTTINGHAM_DOCTOR_012,,2月
NOTTINGHAM_DOCTOR_012,,4月
NOTTINGHAM_DOCTOR_012,,6月
NOTTINGHAM_DOCTOR_012,,9月
NOTTINGHAM_DOCTOR_013,,2月
NOTTINGHAM_DOCTOR_013,,4月
NOTTINGHAM_DOCTOR_013,,6月
NOTTINGHAM_DOCTOR_013,,9月
NOTTINGHAM_DOCTOR_014,,2月
NOTTINGHAM_DOCTOR_014,,4月
NOTTINGHAM_DOCTOR_014,,6月
NOTTINGHAM_DOCTOR_014,,9月
MONASH_DOCTOR_003,,ALL
MONASH_DOCTOR_006,,ALL
MONASH_DOCTOR_007,,ALL
CITY_DOCTOR_001,,1月
CITY_DOCTOR_001,,2月
CITY_DOCTOR_001,,5月
CITY_DOCTOR_001,,6月
CITY_DOCTOR_001,,9月
CITY_DOCTOR_001,,10月
CITY_DOCTOR_002,,1月
CITY_DOCTOR_002,,2月
CITY_DOCTOR_002,,5月
CITY_DOCTOR_002,,6月
CITY_DOCTOR_002,,9月
CITY_DOCTOR_002,,11月
CITY_DOCTOR_003,,1月
CITY_DOCTOR_003,,2月
CITY_DOCTOR_003,,5月
CITY_DOCTOR_003,,6月
CITY_DOCTOR_003,,9月
CITY_DOCTOR_003,,12月
CITY_DOCTOR_004,,1月
CITY_DOCTOR_004,,2月
CITY_DOCTOR_004,,5月
CITY_DOCTOR_004,,6月
CITY_DOCTOR_004,,9月
CITY_DOCTOR_005,,1月
CITY_DOCTOR_005,,2月
CITY_DOCTOR_005,,5月
CITY_DOCTOR_005,,6月
CITY_DOCTOR_005,,9月
CITY_DOCTOR_006,,1月
CITY_DOCTOR_006,,2月
CITY_DOCTOR_006,,5月
CITY_DOCTOR_006,,6月
CITY_DOCTOR_006,,9月
CITY_DOCTOR_007,,1月
CITY_DOCTOR_007,,2月
CITY_DOCTOR_007,,5月
CITY_DOCTOR_007,,6月
CITY_DOCTOR_007,,9月
CITY_DOCTOR_008,,1月
CITY_DOCTOR_008,,2月
CITY_DOCTOR_008,,5月
CITY_DOCTOR_008,,6月
CITY_DOCTOR_008,,9月
CITY_DOCTOR_009,,1月
CITY_DOCTOR_009,,2月
CITY_DOCTOR_009,,5月
CITY_DOCTOR_009,,6月
CITY_DOCTOR_009,,9月
SUNWAY_DIPLOMA_PDF_001,,1月
SUNWAY_DIPLOMA_PDF_001,,4月
SUNWAY_DIPLOMA_PDF_001,,8月
SUNWAY_DIPLOMA_PDF_002,,1月
SUNWAY_DIPLOMA_PDF_002,,4月
SUNWAY_DIPLOMA_PDF_002,,8月
SUNWAY_DIPLOMA_PDF_003,,1月
SUNWAY_DIPLOMA_PDF_003,,4月
SUNWAY_DIPLOMA_PDF_003,,8月
SUNWAY_DIPLOMA_PDF_004,,1月
SUNWAY_DIPLOMA_PDF_004,,4月
SUNWAY_DIPLOMA_PDF_004,,8月
SUNWAY_DIPLOMA_PDF_005,,1月
SUNWAY_DIPLOMA_PDF_005,,4月
SUNWAY_DIPLOMA_PDF_005,,8月
SUNWAY_DIPLOMA_PDF_006,,1月
SUNWAY_DIPLOMA_PDF_006,,4月
SUNWAY_DIPLOMA_PDF_006,,9月
SUNWAY_DIPLOMA_PDF_007,,1月
SUNWAY_DIPLOMA_PDF_007,,4月
SUNWAY_DIPLOMA_PDF_007,,9月
SUNWAY_DIPLOMA_PDF_008,,4月
SUNWAY_DIPLOMA_PDF_008,,9月
SUNWAY_DIPLOMA_PDF_009,,4月
SUNWAY_DIPLOMA_PDF_009,,9月
SUNWAY_BACHELOR_PDF_001,,4月
SUNWAY_BACHELOR_PDF_001,,9月
SUNWAY_BACHELOR_PDF_002,,1月
SUNWAY_BACHELOR_PDF_002,,4月
SUNWAY_BACHELOR_PDF_002,,9月
SUNWAY_BACHELOR_PDF_003,,1月
SUNWAY_BACHELOR_PDF_003,,4月
SUNWAY_BACHELOR_PDF_003,,9月
SUNWAY_BACHELOR_PDF_004,,1月
SUNWAY_BACHELOR_PDF_004,,4月
SUNWAY_BACHELOR_PDF_004,,9月
SUNWAY_BACHELOR_PDF_005,,1月
SUNWAY_BACHELOR_PDF_005,,4月
SUNWAY_BACHELOR_PDF_005,,9月
SUNWAY_BACHELOR_PDF_006,,1月
SUNWAY_BACHELOR_PDF_006,,4月
SUNWAY_BACHELOR_PDF_006,,9月
SUNWAY_BACHELOR_PDF_007,,1月
SUNWAY_BACHELOR_PDF_007,,4月
SUNWAY_BACHELOR_PDF_007,,9月
SUNWAY_BACHELOR_PDF_008,,1月
SUNWAY_BACHELOR_PDF_008,,4月
SUNWAY_BACHELOR_PDF_008,,9月
SUNWAY_BACHELOR_PDF_009,,1月
SUNWAY_BACHELOR_PDF_009,,4月
SUNWAY_BACHELOR_PDF_009,,9月
SUNWAY_DIPLOMA_PDF_010,,1月
SUNWAY_DIPLOMA_PDF_010,,4月
SUNWAY_DIPLOMA_PDF_010,,8月
SUNWAY_DIPLOMA_PDF_011,,1月
SUNWAY_DIPLOMA_PDF_011,,4月
SUNWAY_DIPLOMA_PDF_011,,8月
SUNWAY_DIPLOMA_PDF_012,,1月
SUNWAY_DIPLOMA_PDF_012,,4月
SUNWAY_DIPLOMA_PDF_012,,8月
SUNWAY_DIPLOMA_PDF_013,,1月
SUNWAY_DIPLOMA_PDF_013,,4月
SUNWAY_DIPLOMA_PDF_013,,8月
SUNWAY_BACHELOR_PDF_010,,1月
SUNWAY_BACHELOR_PDF_010,,4月
SUNWAY_BACHELOR_PDF_010,,9月
SUNWAY_BACHELOR_PDF_011,,1月
SUNWAY_BACHELOR_PDF_011,,4月
SUNWAY_BACHELOR_PDF_011,,9月
SUNWAY_BACHELOR_PDF_012,,1月
SUNWAY_BACHELOR_PDF_012,,4月
SUNWAY_BACHELOR_PDF_012,,9月
SUNWAY_BACHELOR_PDF_013,,1月
SUNWAY_BACHELOR_PDF_013,,4月
SUNWAY_BACHELOR_PDF_013,,9月
SUNWAY_BACHELOR_PDF_014,,1月
SUNWAY_BACHELOR_PDF_014,,4月
SUNWAY_BACHELOR_PDF_014,,9月
SUNWAY_BACHELOR_PDF_015,,1月
SUNWAY_BACHELOR_PDF_015,,4月
SUNWAY_BACHELOR_PDF_015,,9月
SUNWAY_BACHELOR_PDF_016,,1月
SUNWAY_BACHELOR_PDF_016,,4月
SUNWAY_BACHELOR_PDF_016,,9月
SUNWAY_BACHELOR_PDF_017,,1月
SUNWAY_BACHELOR_PDF_017,,4月
SUNWAY_BACHELOR_PDF_017,,9月
SUNWAY_BACHELOR_PDF_018,,1月
SUNWAY_BACHELOR_PDF_018,,4月
SUNWAY_BACHELOR_PDF_018,,9月
SUNWAY_BACHELOR_PDF_019,,1月
SUNWAY_BACHELOR_PDF_019,,4月
SUNWAY_BACHELOR_PDF_019,,9月
SUNWAY_BACHELOR_PDF_020,,1月
SUNWAY_BACHELOR_PDF_020,,4月
SUNWAY_BACHELOR_PDF_020,,9月
SUNWAY_BACHELOR_PDF_021,,2月
SUNWAY_BACHELOR_PDF_021,,7月
SUNWAY_BACHELOR_PDF_021,,9月
SUNWAY_DIPLOMA_PDF_014,,1月
SUNWAY_DIPLOMA_PDF_014,,4月
SUNWAY_DIPLOMA_PDF_014,,9月
SUNWAY_DIPLOMA_PDF_015,,1月
SUNWAY_DIPLOMA_PDF_015,,4月
SUNWAY_DIPLOMA_PDF_015,,9月
SUNWAY_DIPLOMA_PDF_016,,1月
SUNWAY_DIPLOMA_PDF_016,,4月
SUNWAY_DIPLOMA_PDF_016,,9月
SUNWAY_BACHELOR_PDF_022,,1月
SUNWAY_BACHELOR_PDF_022,,4月
SUNWAY_BACHELOR_PDF_022,,9月
SUNWAY_BACHELOR_PDF_023,,1月
SUNWAY_BACHELOR_PDF_023,,4月
SUNWAY_BACHELOR_PDF_023,,9月
SUNWAY_BACHELOR_PDF_024,,1月
SUNWAY_BACHELOR_PDF_024,,4月
SUNWAY_BACHELOR_PDF_024,,9月
SUNWAY_BACHELOR_PDF_025,,1月
SUNWAY_BACHELOR_PDF_025,,4月
SUNWAY_BACHELOR_PDF_025,,9月
SUNWAY_BACHELOR_PDF_026,,1月
SUNWAY_BACHELOR_PDF_026,,4月
SUNWAY_BACHELOR_PDF_026,,9月
SUNWAY_DIPLOMA_PDF_017,,1月
SUNWAY_DIPLOMA_PDF_017,,4月
SUNWAY_DIPLOMA_PDF_017,,8月
SUNWAY_DIPLOMA_PDF_018,,1月
SUNWAY_DIPLOMA_PDF_018,,4月
SUNWAY_DIPLOMA_PDF_018,,8月
SUNWAY_BACHELOR_PDF_027,,1月
SUNWAY_BACHELOR_PDF_027,,4月
SUNWAY_BACHELOR_PDF_027,,9月
SUNWAY_BACHELOR_PDF_028,,1月
SUNWAY_BACHELOR_PDF_028,,4月
SUNWAY_BACHELOR_PDF_028,,9月
SUNWAY_BACHELOR_PDF_029,,1月
SUNWAY_BACHELOR_PDF_029,,4月
SUNWAY_BACHELOR_PDF_029,,9月
SUNWAY_BACHELOR_PDF_030,,1月
SUNWAY_BACHELOR_PDF_030,,4月
SUNWAY_BACHELOR_PDF_030,,9月
SUNWAY_BACHELOR_PDF_031,,1月
SUNWAY_BACHELOR_PDF_031,,4月
SUNWAY_BACHELOR_PDF_031,,9月
SUNWAY_BACHELOR_PDF_032,,1月
SUNWAY_BACHELOR_PDF_032,,4月
SUNWAY_BACHELOR_PDF_032,,9月
SUNWAY_BACHELOR_PDF_033,,1月
SUNWAY_BACHELOR_PDF_033,,4月
SUNWAY_BACHELOR_PDF_033,,9月
SUNWAY_BACHELOR_PDF_034,,1月
SUNWAY_BACHELOR_PDF_034,,4月
SUNWAY_BACHELOR_PDF_034,,9月
SUNWAY_BACHELOR_PDF_035,,1月
SUNWAY_BACHELOR_PDF_035,,4月
SUNWAY_BACHELOR_PDF_035,,9月
SUNWAY_BACHELOR_PDF_036,,1月
SUNWAY_BACHELOR_PDF_036,,4月
SUNWAY_BACHELOR_PDF_036,,9月
SUNWAY_BACHELOR_PDF_037,,1月
SUNWAY_BACHELOR_PDF_037,,4月
SUNWAY_BACHELOR_PDF_037,,9月
SUNWAY_DIPLOMA_PDF_019,,7月
SUNWAY_DIPLOMA_PDF_019,,10月
SUNWAY_BACHELOR_PDF_038,,10月
SUNWAY_BACHELOR_PDF_039,,1月
SUNWAY_BACHELOR_PDF_039,,4月
SUNWAY_BACHELOR_PDF_039,,9月
SUNWAY_BACHELOR_PDF_040,,1月
SUNWAY_BACHELOR_PDF_040,,4月
SUNWAY_BACHELOR_PDF_040,,9月
SUNWAY_BACHELOR_PDF_041,,1月
SUNWAY_BACHELOR_PDF_041,,4月
SUNWAY_BACHELOR_PDF_041,,9月
SUNWAY_DOCTOR_PDF_001,,1月
SUNWAY_DOCTOR_PDF_001,,7月
SUNWAY_MASTER_PDF_001,,1月
SUNWAY_MASTER_PDF_001,,3月
SUNWAY_DOCTOR_PDF_002,,1月
SUNWAY_DOCTOR_PDF_002,,7月
SUNWAY_MASTER_PDF_002,,1月
SUNWAY_MASTER_PDF_002,,4月
SUNWAY_MASTER_PDF_002,,9月
SUNWAY_MASTER_PDF_003,,1月
SUNWAY_MASTER_PDF_003,,7月
SUNWAY_MASTER_PDF_004,,1月
SUNWAY_MASTER_PDF_004,,5月
SUNWAY_MASTER_PDF_004,,9月
SUNWAY_DOCTOR_PDF_003,,1月
SUNWAY_DOCTOR_PDF_003,,7月
SUNWAY_MASTER_PDF_005,,1月
SUNWAY_MASTER_PDF_005,,3月
SUNWAY_MASTER_PDF_005,,5月
SUNWAY_MASTER_PDF_005,,7月
SUNWAY_MASTER_PDF_005,,9月
SUNWAY_MASTER_PDF_006,,1月
SUNWAY_MASTER_PDF_006,,7月
SUNWAY_DOCTOR_PDF_004,,1月
SUNWAY_DOCTOR_PDF_004,,7月
SUNWAY_DOCTOR_PDF_005,,1月
SUNWAY_DOCTOR_PDF_005,,7月
SUNWAY_MASTER_PDF_007,,1月
SUNWAY_MASTER_PDF_007,,7月
SUNWAY_MASTER_PDF_008,,1月
SUNWAY_MASTER_PDF_008,,7月
SUNWAY_MASTER_PDF_009,,1月
SUNWAY_MASTER_PDF_009,,4月
SUNWAY_MASTER_PDF_009,,9月
SUNWAY_MASTER_PDF_010,,1月
SUNWAY_MASTER_PDF_010,,4月
SUNWAY_MASTER_PDF_010,,9月
SUNWAY_DOCTOR_PDF_006,,1月
SUNWAY_DOCTOR_PDF_006,,7月
SUNWAY_MASTER_PDF_011,,1月
SUNWAY_MASTER_PDF_011,,4月
SUNWAY_MASTER_PDF_011,,9月
SUNWAY_DOCTOR_PDF_007,,1月
SUNWAY_DOCTOR_PDF_007,,7月
SUNWAY_MASTER_PDF_012,,1月
SUNWAY_MASTER_PDF_012,,7月
SUNWAY_MASTER_PDF_013,,1月
SUNWAY_MASTER_PDF_013,,3月
SUNWAY_MASTER_PDF_013,,5月
SUNWAY_MASTER_PDF_013,,7月
SUNWAY_MASTER_PDF_013,,9月
SUNWAY_DOCTOR_PDF_008,,1月
SUNWAY_DOCTOR_PDF_008,,7月
SUNWAY_DOCTOR_PDF_009,,1月
SUNWAY_DOCTOR_PDF_009,,7月
SUNWAY_DOCTOR_PDF_010,,1月
SUNWAY_DOCTOR_PDF_010,,7月
SUNWAY_MASTER_PDF_014,,4月
SUNWAY_MASTER_PDF_015,,9月
SUNWAY_MASTER_PDF_016,,9月
SUNWAY_MASTER_PDF_017,,1月
SUNWAY_MASTER_PDF_017,,7月
SUNWAY_MASTER_PDF_018,,1月
SUNWAY_MASTER_PDF_018,,7月
SUNWAY_MASTER_PDF_019,,1月
SUNWAY_MASTER_PDF_019,,7月
SUNWAY_DOCTOR_PDF_011,,1月
SUNWAY_DOCTOR_PDF_011,,7月
SUNWAY_MASTER_PDF_020,,1月
SUNWAY_MASTER_PDF_020,,3月
SUNWAY_MASTER_PDF_020,,5月
SUNWAY_MASTER_PDF_020,,7月
SUNWAY_MASTER_PDF_020,,9月
SUNWAY_MASTER_PDF_021,,1月
SUNWAY_MASTER_PDF_021,,3月
SUNWAY_MASTER_PDF_021,,5月
SUNWAY_MASTER_PDF_021,,7月
SUNWAY_MASTER_PDF_021,,9月
SUNWAY_MASTER_PDF_022,,1月
SUNWAY_MASTER_PDF_022,,3月
SUNWAY_MASTER_PDF_022,,5月
SUNWAY_MASTER_PDF_022,,7月
SUNWAY_MASTER_PDF_022,,9月
SUNWAY_MASTER_PDF_023,,1月
SUNWAY_MASTER_PDF_023,,7月
SUNWAY_FOUNDATION_PDF_001,,1月
SUNWAY_FOUNDATION_PDF_001,,5月
SUNWAY_FOUNDATION_PDF_001,,9月
SUNWAY_FOUNDATION_PDF_002,,1月
SUNWAY_FOUNDATION_PDF_002,,7月
SUNWAY_FOUNDATION_PDF_002,,9月
SUNWAY_FOUNDATION_PDF_003,,1月
SUNWAY_FOUNDATION_PDF_003,,7月
SUNWAY_FOUNDATION_PDF_003,,9月
SUNWAY_FOUNDATION_PDF_004,,1月
SUNWAY_FOUNDATION_PDF_004,,7月
SUNWAY_FOUNDATION_PDF_004,,8月
SUNWAY_FOUNDATION_PDF_005,,1月
SUNWAY_FOUNDATION_PDF_005,,4月
SUNWAY_FOUNDATION_PDF_005,,8月
HELP_FOUNDATION_PDF_001,,1月
HELP_FOUNDATION_PDF_001,,5月
HELP_FOUNDATION_PDF_001,,7月
HELP_FOUNDATION_PDF_001,,9月
HELP_FOUNDATION_PDF_002,,1月
HELP_FOUNDATION_PDF_002,,5月
HELP_FOUNDATION_PDF_002,,7月
HELP_FOUNDATION_PDF_002,,9月
HELP_DIPLOMA_PDF_001,,1月
HELP_DIPLOMA_PDF_001,,2月
HELP_DIPLOMA_PDF_001,,5月
HELP_DIPLOMA_PDF_001,,8月
HELP_DIPLOMA_PDF_001,,10月
HELP_DIPLOMA_PDF_002,,1月
HELP_DIPLOMA_PDF_002,,2月
HELP_DIPLOMA_PDF_002,,5月
HELP_DIPLOMA_PDF_002,,8月
HELP_DIPLOMA_PDF_002,,10月
HELP_DIPLOMA_PDF_003,,1月
HELP_DIPLOMA_PDF_003,,2月
HELP_DIPLOMA_PDF_003,,5月
HELP_DIPLOMA_PDF_003,,8月
HELP_DIPLOMA_PDF_003,,10月
HELP_DIPLOMA_PDF_004,,1月
HELP_DIPLOMA_PDF_004,,2月
HELP_DIPLOMA_PDF_004,,5月
HELP_DIPLOMA_PDF_004,,8月
HELP_DIPLOMA_PDF_004,,10月
HELP_DIPLOMA_PDF_005,,1月
HELP_DIPLOMA_PDF_005,,2月
HELP_DIPLOMA_PDF_005,,5月
HELP_DIPLOMA_PDF_005,,8月
HELP_DIPLOMA_PDF_005,,10月
HELP_BACHELOR_PDF_001,,1月
HELP_BACHELOR_PDF_001,,2月
HELP_BACHELOR_PDF_001,,5月
HELP_BACHELOR_PDF_001,,8月
HELP_BACHELOR_PDF_001,,10月
HELP_BACHELOR_PDF_002,,1月
HELP_BACHELOR_PDF_002,,2月
HELP_BACHELOR_PDF_002,,5月
HELP_BACHELOR_PDF_002,,8月
HELP_BACHELOR_PDF_002,,10月
HELP_BACHELOR_PDF_003,,1月
HELP_BACHELOR_PDF_003,,2月
HELP_BACHELOR_PDF_003,,5月
HELP_BACHELOR_PDF_003,,8月
HELP_BACHELOR_PDF_003,,10月
HELP_BACHELOR_PDF_004,,1月
HELP_BACHELOR_PDF_004,,2月
HELP_BACHELOR_PDF_004,,5月
HELP_BACHELOR_PDF_004,,8月
HELP_BACHELOR_PDF_004,,10月
HELP_BACHELOR_PDF_005,,1月
HELP_BACHELOR_PDF_005,,2月
HELP_BACHELOR_PDF_005,,5月
HELP_BACHELOR_PDF_005,,8月
HELP_BACHELOR_PDF_005,,10月
HELP_BACHELOR_PDF_006,,1月
HELP_BACHELOR_PDF_006,,2月
HELP_BACHELOR_PDF_006,,5月
HELP_BACHELOR_PDF_006,,8月
HELP_BACHELOR_PDF_006,,10月
HELP_BACHELOR_PDF_007,,1月
HELP_BACHELOR_PDF_007,,2月
HELP_BACHELOR_PDF_007,,5月
HELP_BACHELOR_PDF_007,,8月
HELP_BACHELOR_PDF_007,,10月
HELP_BACHELOR_PDF_008,,1月
HELP_BACHELOR_PDF_008,,2月
HELP_BACHELOR_PDF_008,,5月
HELP_BACHELOR_PDF_008,,8月
HELP_BACHELOR_PDF_008,,10月
HELP_BACHELOR_PDF_009,,1月
HELP_BACHELOR_PDF_009,,2月
HELP_BACHELOR_PDF_009,,5月
HELP_BACHELOR_PDF_009,,8月
HELP_BACHELOR_PDF_009,,10月
HELP_BACHELOR_PDF_010,,1月
HELP_BACHELOR_PDF_010,,2月
HELP_BACHELOR_PDF_010,,5月
HELP_BACHELOR_PDF_010,,8月
HELP_BACHELOR_PDF_010,,10月
HELP_BACHELOR_PDF_011,,1月
HELP_BACHELOR_PDF_011,,2月
HELP_BACHELOR_PDF_011,,5月
HELP_BACHELOR_PDF_011,,8月
HELP_BACHELOR_PDF_011,,10月
HELP_BACHELOR_PDF_012,,1月
HELP_BACHELOR_PDF_012,,2月
HELP_BACHELOR_PDF_012,,5月
HELP_BACHELOR_PDF_012,,8月
HELP_BACHELOR_PDF_012,,10月
HELP_BACHELOR_PDF_013,,1月
HELP_BACHELOR_PDF_013,,2月
HELP_BACHELOR_PDF_013,,5月
HELP_BACHELOR_PDF_013,,8月
HELP_BACHELOR_PDF_013,,10月
HELP_BACHELOR_PDF_014,,1月
HELP_BACHELOR_PDF_014,,2月
HELP_BACHELOR_PDF_014,,5月
HELP_BACHELOR_PDF_014,,8月
HELP_BACHELOR_PDF_014,,10月
HELP_BACHELOR_PDF_015,,1月
HELP_BACHELOR_PDF_015,,2月
HELP_BACHELOR_PDF_015,,5月
HELP_BACHELOR_PDF_015,,8月
HELP_BACHELOR_PDF_015,,10月
HELP_BACHELOR_PDF_016,,1月
HELP_BACHELOR_PDF_016,,2月
HELP_BACHELOR_PDF_016,,5月
HELP_BACHELOR_PDF_016,,8月
HELP_BACHELOR_PDF_016,,10月
HELP_BACHELOR_PDF_017,,1月
HELP_BACHELOR_PDF_017,,2月
HELP_BACHELOR_PDF_017,,5月
HELP_BACHELOR_PDF_017,,8月
HELP_BACHELOR_PDF_017,,10月
HELP_BACHELOR_PDF_018,,1月
HELP_BACHELOR_PDF_018,,2月
HELP_BACHELOR_PDF_018,,5月
HELP_BACHELOR_PDF_018,,8月
HELP_BACHELOR_PDF_018,,10月
HELP_BACHELOR_PDF_019,,1月
HELP_BACHELOR_PDF_019,,2月
HELP_BACHELOR_PDF_019,,5月
HELP_BACHELOR_PDF_019,,8月
HELP_BACHELOR_PDF_019,,10月
HELP_BACHELOR_PDF_020,,1月
HELP_BACHELOR_PDF_020,,2月
HELP_BACHELOR_PDF_020,,5月
HELP_BACHELOR_PDF_020,,8月
HELP_BACHELOR_PDF_020,,10月
HELP_MASTER_PDF_001,,1月
HELP_MASTER_PDF_001,,3月
HELP_MASTER_PDF_001,,5月
HELP_MASTER_PDF_001,,7月
HELP_MASTER_PDF_001,,9月
HELP_MASTER_PDF_001,,11月
HELP_MASTER_PDF_002,,1月
HELP_MASTER_PDF_002,,3月
HELP_MASTER_PDF_002,,5月
HELP_MASTER_PDF_002,,7月
HELP_MASTER_PDF_002,,9月
HELP_MASTER_PDF_002,,11月
HELP_MASTER_PDF_003,,1月
HELP_MASTER_PDF_003,,3月
HELP_MASTER_PDF_003,,5月
HELP_MASTER_PDF_003,,7月
HELP_MASTER_PDF_003,,9月
HELP_MASTER_PDF_003,,11月
HELP_MASTER_PDF_004,,1月
HELP_MASTER_PDF_004,,6月
HELP_MASTER_PDF_004,,9月
HELP_MASTER_PDF_005,,1月
HELP_MASTER_PDF_005,,3月
HELP_MASTER_PDF_005,,5月
HELP_MASTER_PDF_005,,7月
HELP_MASTER_PDF_005,,9月
HELP_MASTER_PDF_005,,11月
HELP_MASTER_PDF_006,,1月
HELP_MASTER_PDF_006,,3月
HELP_MASTER_PDF_006,,5月
HELP_MASTER_PDF_006,,7月
HELP_MASTER_PDF_006,,9月
HELP_MASTER_PDF_006,,11月
HELP_MASTER_PDF_007,,1月
HELP_MASTER_PDF_007,,3月
HELP_MASTER_PDF_007,,5月
HELP_MASTER_PDF_007,,7月
HELP_MASTER_PDF_007,,9月
HELP_MASTER_PDF_007,,11月
HELP_MASTER_PDF_008,,1月
HELP_MASTER_PDF_008,,3月
HELP_MASTER_PDF_008,,5月
HELP_MASTER_PDF_008,,7月
HELP_MASTER_PDF_008,,9月
HELP_MASTER_PDF_008,,11月
HELP_MASTER_PDF_009,,1月
HELP_MASTER_PDF_009,,4月
HELP_MASTER_PDF_009,,9月
HELP_MASTER_PDF_010,,1月
HELP_MASTER_PDF_010,,4月
HELP_MASTER_PDF_010,,7月
HELP_MASTER_PDF_010,,10月
HELP_DOCTOR_PDF_001,,1月
HELP_DOCTOR_PDF_001,,5月
HELP_DOCTOR_PDF_001,,8月
HELP_MASTER_PDF_011,,1月
HELP_MASTER_PDF_012,,1月
HELP_MASTER_PDF_013,,1月
HELP_MASTER_PDF_013,,5-8月
HELP_MASTER_PDF_013,,10-12月
HELP_DOCTOR_PDF_002,,1月
HELP_DOCTOR_PDF_002,,5-8月
HELP_DOCTOR_PDF_002,,10-12月
HELP_MASTER_PDF_014,,1月
HELP_MASTER_PDF_014,,7月
HELP_MASTER_PDF_015,,3月
HELP_MASTER_PDF_015,,7月
HELP_MASTER_PDF_015,,11月
HELP_DOCTOR_PDF_003,,1月
HELP_DOCTOR_PDF_003,,3月
HELP_DOCTOR_PDF_003,,5月
HELP_DOCTOR_PDF_003,,7月
HELP_DOCTOR_PDF_003,,9月
HELP_DOCTOR_PDF_003,,11月
HELP_DOCTOR_PDF_004,,1月
HELP_DOCTOR_PDF_004,,7月
SOUTHAMPTON_FOUNDATION_PDF_001,,3月
SOUTHAMPTON_FOUNDATION_PDF_001,,6月
SOUTHAMPTON_FOUNDATION_PDF_001,,9月
SOUTHAMPTON_FOUNDATION_PDF_002,,3月
SOUTHAMPTON_FOUNDATION_PDF_002,,6月
SOUTHAMPTON_FOUNDATION_PDF_002,,9月
SOUTHAMPTON_FOUNDATION_PDF_003,,3月
SOUTHAMPTON_FOUNDATION_PDF_003,,6月
SOUTHAMPTON_FOUNDATION_PDF_003,,9月
SOUTHAMPTON_BACHELOR_PDF_001,,9月
SOUTHAMPTON_BACHELOR_PDF_002,,9月
SOUTHAMPTON_BACHELOR_PDF_003,,9月
SOUTHAMPTON_BACHELOR_PDF_004,,9月
SOUTHAMPTON_BACHELOR_PDF_005,,9月
SOUTHAMPTON_BACHELOR_PDF_006,,9月
SOUTHAMPTON_MASTER_PDF_001,,9月
SOUTHAMPTON_MASTER_PDF_002,,9月
SOUTHAMPTON_MASTER_PDF_003,,9月
