"programmeCandidateId","universitySourceKey","displayText","date","applicationDeadline","applicationDeadlineText","sourceUrl","sourceCheckedAt"
"programme_a893348add821ea8","adelaide-university","2022-05-23T13:46","2022-05-23","","","https://catalog.adelaide.edu.au/browse/pace/courses/cyber-security-awareness---primary-years","2026-10-07T05:57:56.351Z"
"programme_1ef59c224e88e9fa","adelaide-university","2022-05-31T13:22","2022-05-31","","","https://catalog.adelaide.edu.au/browse/pace/courses/cyber-security-awareness---secondary-years","2026-10-07T05:57:58.338Z"
"programme_95d92a62e643a398","adelaide-university","2023-05-01T00:00","2023-05-01","","","https://catalog.adelaide.edu.au/browse/dr/courses/engageadelaide","2026-10-07T05:58:04.352Z"
"programme_09f25c41408c0970","adelaide-university","2023-07-10T00:00","2023-07-10","","","https://catalog.adelaide.edu.au/browse/ecms/cser-stem/courses/maths-in-schools-online-3-6-v9-0","2026-10-07T05:58:12.557Z"
"programme_2f7128e090998a39","adelaide-university","2023-08-31T00:00","2023-08-31","","","https://catalog.adelaide.edu.au/browse/ecms/cser-stem/courses/maths-in-schools-online-7-10-v9-0","2026-10-07T05:58:14.963Z"
"programme_b44c3453cb99436e","adelaide-university","2023-04-19T00:00","2023-04-19","","","https://catalog.adelaide.edu.au/browse/ecms/cser-stem/courses/maths-in-schools-online-f-2-v9","2026-10-07T05:58:16.591Z"
"programme_5336e5f7b31776bd","adelaide-university","2024-11-14T00:00","2024-11-14","","","https://catalog.adelaide.edu.au/browse/ecms/cser-stem/courses/ai-primary-v90","2026-10-07T05:58:22.403Z"
"programme_03a1947ea68aceea","adelaide-university","2024-11-14T00:00","2024-11-14","","","https://catalog.adelaide.edu.au/browse/ecms/cser-stem/courses/ai-secondary-v90","2026-10-07T05:58:24.595Z"
"programme_f1d0f2a04346e3ab","unsw-sydney","Term 1, 2 & 3","","","","https://www.unsw.edu.au/study/undergraduate/bachelor-of-science","2026-10-07T04:00:44.349Z"
"programme_ee25141f465cb8e5","unsw-sydney","Term 1, 2 & 3","","","","https://www.unsw.edu.au/study/undergraduate/bachelor-of-advanced-science-honours","2026-10-07T04:00:54.359Z"
"programme_1b1aec4437f2acd8","unsw-sydney","Term 1","","","","https://www.unsw.edu.au/study/undergraduate/university-preparation-program","2026-10-07T04:01:04.359Z"
"programme_0eb33c542b714387","unsw-sydney","Term 1, 2 & 3","","","","https://www.unsw.edu.au/study/undergraduate/bachelor-of-science-honours","2026-10-07T04:01:14.424Z"
"programme_d121d47a74fbdee0","unsw-sydney","Term 1","","","","https://www.unsw.edu.au/study/undergraduate/bachelor-of-psychological-science-honours","2026-10-07T04:01:24.391Z"
