"programmeCandidateId","universitySourceKey","kind","assetUrl","sourceUrl","sourceCheckedAt","licenceRaw","status"
"programme_fa04472fa69e4cc3","carnegie-mellon-university","COURSE_IMAGE","https://www.cmu.edu/cfa/music/images/music-images/cellocases_hero_900x600_mobile-min.jpg","https://www.cmu.edu/cfa/music/programs/undergraduate-programs/bfa-music-performance.html","2026-10-07T04:25:29.223Z","","DRAFT"
"programme_5073a1d04532ff5a","curtin-singapore","COURSE_IMAGE","https://www.curtin.edu.sg/wp-content/uploads/2025/12/curtin-singapore-campus-1200x675-1.jpg.webp","https://www.curtin.edu.sg/courses/undergraduate/bachelor-of-commerce/","2026-10-07T04:29:59.258Z","","DRAFT"
"programme_48ed45e3cbdf7d2f","curtin-singapore","COURSE_IMAGE","https://www.curtin.edu.sg/wp-content/uploads/2025/12/curtin-singapore-campus-1200x675-1.jpg.optimal.jpg","https://www.curtin.edu.sg/courses/undergraduate/communications/","2026-10-07T04:30:26.891Z","","DRAFT"
"programme_2f5e1d4e107a3f82","curtin-singapore","COURSE_IMAGE","https://www.curtin.edu.sg/wp-content/uploads/2025/12/curtin-singapore-campus-1200x675-1.jpg.optimal.jpg","https://www.curtin.edu.sg/courses/undergraduate/bachelor-of-computing-cyber-security/","2026-10-07T04:30:34.463Z","","DRAFT"
"programme_6b78cd97631631a8","curtin-singapore","COURSE_IMAGE","https://www.curtin.edu.sg/wp-content/uploads/2025/12/curtin-singapore-campus-1200x675-1.jpg.optimal.jpg","https://www.curtin.edu.sg/courses/undergraduate/bachelor-of-information-technology/","2026-10-07T04:30:36.392Z","","DRAFT"
"programme_8a40b27791df6aaa","curtin-singapore","COURSE_IMAGE","https://www.curtin.edu.sg/wp-content/uploads/2025/12/curtin-singapore-campus-1200x675-1.jpg.optimal.jpg","https://www.curtin.edu.sg/courses/undergraduate/nursing-conversion-program-for-registered-nurses/","2026-10-07T04:30:38.479Z","","DRAFT"
"programme_93866b9e6f4daf27","curtin-singapore","COURSE_IMAGE","https://www.curtin.edu.sg/wp-content/uploads/2025/05/pathway-flowchart-320x258-1.png","https://www.curtin.edu.sg/courses/diploma/","2026-10-07T04:30:52.497Z","","DRAFT"
"programme_999b8f77e1a5adb3","curtin-singapore","COURSE_IMAGE","https://www.curtin.edu.sg/wp-content/uploads/2025/12/curtin-singapore-campus-1200x675-1.jpg.optimal.jpg","https://www.curtin.edu.sg/courses/phd/","2026-10-07T04:31:00.660Z","","DRAFT"
"programme_6da357f6e89eb71a","curtin-singapore","COURSE_IMAGE","https://www.curtin.edu.sg/wp-content/uploads/2025/12/curtin-singapore-campus-1200x675-1.jpg.optimal.jpg","https://www.curtin.edu.sg/courses/postgraduate/master-of-predictive-analytics-data-science-major/","2026-10-07T04:31:02.546Z","","DRAFT"
"programme_570ce6d2458aa114","curtin-singapore","COURSE_IMAGE","https://www.curtin.edu.sg/wp-content/uploads/2025/12/curtin-singapore-campus-1200x675-1.jpg.optimal.jpg","https://www.curtin.edu.sg/courses/diploma/diploma-of-arts-and-creative-industries/","2026-10-07T04:31:06.807Z","","DRAFT"
"programme_fbe9b9c5344f1ed3","curtin-singapore","COURSE_IMAGE","https://www.curtin.edu.sg/wp-content/uploads/2025/12/curtin-singapore-campus-1200x675-1.jpg.optimal.jpg","https://www.curtin.edu.sg/courses/diploma/diploma-of-commerce/","2026-10-07T04:31:08.660Z","","DRAFT"
"programme_93925092abafab4e","curtin-singapore","COURSE_IMAGE","https://www.curtin.edu.sg/wp-content/uploads/2025/12/curtin-singapore-campus-1200x675-1.jpg.optimal.jpg","https://www.curtin.edu.sg/courses/diploma/diploma-of-computing/","2026-10-07T04:31:11.000Z","","DRAFT"
"programme_da70a217c0bf3fda","curtin-singapore","COURSE_IMAGE","https://www.curtin.edu.sg/wp-content/uploads/2025/12/curtin-singapore-campus-1200x675-1.jpg.optimal.jpg","https://www.curtin.edu.sg/courses/postgraduate/graduate-certificate-in-business-fundamentals/","2026-10-07T04:31:12.690Z","","DRAFT"
"programme_447298d4297f0527","curtin-singapore","COURSE_IMAGE","https://www.curtin.edu.sg/wp-content/uploads/2025/12/curtin-singapore-campus-1200x675-1.jpg.optimal.jpg","https://www.curtin.edu.sg/courses/postgraduate/master-of-international-business-2/","2026-10-07T04:31:14.041Z","","DRAFT"
"programme_d97629371c7d4f55","sim-global-education","COURSE_IMAGE","https://onesim-production.s3.ap-southeast-1.amazonaws.com/onesim/media/sim-homepage/og%20image/sim-ge-og.jpg?ext=.jpg","https://www.sim.edu.sg/degrees-diplomas/programmes/academic-levels/bachelor","2026-10-07T04:30:02.403Z","","DRAFT"
"programme_8da09c609cb67384","sim-global-education","COURSE_IMAGE","https://onesim-production.s3.ap-southeast-1.amazonaws.com/onesim/media/sim-homepage/og%20image/sim-ge-og.jpg?ext=.jpg","https://www.sim.edu.sg/degrees-diplomas/programmes/academic-levels/diploma","2026-10-07T04:30:07.470Z","","DRAFT"
"programme_8593839e942c52e4","swinburne-university-of-technology","COURSE_IMAGE","https://www.swinburne.edu.au/content/dam/media/campaigns-restricted/web-banner-images/SUT0138_SSM-XXXX_UG-course-pages-imagery_Arts_202211_JB.jpg/_jcr_content/renditions/cq5dam.web.1280.720.jpeg","https://www.swinburne.edu.au/course/undergraduate/bachelor-of-arts/","2026-10-07T04:01:56.156Z","","DRAFT"
"programme_79ecfdc0e6ca4c59","swinburne-university-of-technology","COURSE_IMAGE","https://www.swinburne.edu.au/content/dam/media/campaigns-restricted/web-banner-images/SUT0138_SSM-XXXX_UG-course-pages-imagery_Arts_202211_JB.jpg/_jcr_content/renditions/cq5dam.web.1280.720.jpeg","https://www.swinburne.edu.au/course/undergraduate/bachelor-of-arts-bachelor-of-applied-innovation/","2026-10-07T04:01:59.235Z","","DRAFT"
"programme_f8dd33b9995bc878","swinburne-university-of-technology","COURSE_IMAGE","https://www.swinburne.edu.au/content/dam/media/campaigns-restricted/web-banner-images/SUT0138_SSM-XXXX_UG-course-pages-imagery_Arts_202211_JB.jpg/_jcr_content/renditions/cq5dam.web.1280.720.jpeg","https://www.swinburne.edu.au/course/undergraduate/bachelor-of-arts-bachelor-of-business/","2026-10-07T04:02:00.171Z","","DRAFT"
"programme_3eb31dd18ce6d4e1","swinburne-university-of-technology","COURSE_IMAGE","https://www.swinburne.edu.au/content/dam/media/campaigns-restricted/web-banner-images/SUT0138_SSM-XXXX_UG-course-pages-imagery_psychological-sciences_202211_JB.jpg/_jcr_content/renditions/cq5dam.web.1280.720.jpeg","https://www.swinburne.edu.au/course/undergraduate/bachelor-of-arts-bachelor-of-psychological-sciences/","2026-10-07T04:02:03.559Z","","DRAFT"
"programme_7c0df784ac4327f7","swinburne-university-of-technology","COURSE_IMAGE","https://www.swinburne.edu.au/content/dam/media/place/iStock-1068876946.jpg/_jcr_content/renditions/cq5dam.web.1280.720.jpeg","https://www.swinburne.edu.au/course/undergraduate/bachelor-of-laws-bachelor-of-arts/","2026-10-07T04:02:05.573Z","","DRAFT"
"programme_4b958b7c86056149","swinburne-university-of-technology","COURSE_IMAGE","https://www.swinburne.edu.au/content/dam/media/campaigns-restricted/web-banner-images/SUT0138_SSM-XXXX_UG-course-pages-imagery_Arts_202211_JB.jpg/_jcr_content/renditions/cq5dam.web.1280.720.jpeg","https://www.swinburne.edu.au/course/undergraduate/bachelor-of-arts-bachelor-of-science/","2026-10-07T04:02:07.454Z","","DRAFT"
"programme_6b4f7a399029666e","swinburne-university-of-technology","COURSE_IMAGE","https://www.swinburne.edu.au/content/dam/media/campaigns-restricted/web-banner-images/SUT0138_SSM-XXXX_UG-course-pages-imagery_Arts_202211_JB.jpg/_jcr_content/renditions/cq5dam.web.1280.720.jpeg","https://www.swinburne.edu.au/course/undergraduate/bachelor-of-arts/climate-and-social-justice/","2026-10-07T04:02:08.205Z","","DRAFT"
"programme_9fdb05ba49e9c76e","swinburne-university-of-technology","COURSE_IMAGE","https://www.swinburne.edu.au/content/dam/media/campaigns-restricted/web-banner-images/SUT0138_SSM-XXXX_UG-course-pages-imagery_Arts_202211_JB.jpg/_jcr_content/renditions/cq5dam.web.1280.720.jpeg","https://www.swinburne.edu.au/course/undergraduate/bachelor-of-arts/criminology-and-social-change/","2026-10-07T04:02:10.203Z","","DRAFT"
"programme_d36882008256a2e4","swinburne-university-of-technology","COURSE_IMAGE","https://www.swinburne.edu.au/content/dam/media/campaigns-restricted/web-banner-images/SUT0138_SSM-XXXX_UG-course-pages-imagery_Arts_202211_JB.jpg/_jcr_content/renditions/cq5dam.web.1280.720.jpeg","https://www.swinburne.edu.au/course/undergraduate/bachelor-of-arts/ethics-and-technology/","2026-10-07T04:02:13.803Z","","DRAFT"
"programme_f1f2ab70b4572d97","swinburne-university-of-technology","COURSE_IMAGE","https://www.swinburne.edu.au/content/dam/media/campaigns-restricted/web-banner-images/SUT0138_SSM-XXXX_UG-course-pages-imagery_Arts_202211_JB.jpg/_jcr_content/renditions/cq5dam.web.1280.720.jpeg","https://www.swinburne.edu.au/course/undergraduate/bachelor-of-arts/indigenous-studies/","2026-10-07T04:02:15.774Z","","DRAFT"
"programme_9ad655e2deb36104","swinburne-university-of-technology","COURSE_IMAGE","https://www.swinburne.edu.au/content/dam/media/campaigns-restricted/web-banner-images/SUT0138_SSM-XXXX_UG-course-pages-imagery_Arts_202211_JB.jpg/_jcr_content/renditions/cq5dam.web.1280.720.jpeg","https://www.swinburne.edu.au/course/undergraduate/bachelor-of-arts/literature-and-creative-writing/","2026-10-07T04:02:17.664Z","","DRAFT"
"programme_b9e4be5b9b18b74a","swinburne-university-of-technology","COURSE_IMAGE","https://www.swinburne.edu.au/content/dam/media/campaigns-restricted/web-banner-images/SUT0138_SSM-XXXX_UG-course-pages-imagery_Arts_202211_JB.jpg/_jcr_content/renditions/cq5dam.web.1280.720.jpeg","https://www.swinburne.edu.au/course/undergraduate/bachelor-of-arts/perspectives-on-globalisation/","2026-10-07T04:02:18.283Z","","DRAFT"
"programme_6790fd755b9dbf8d","swinburne-university-of-technology","COURSE_IMAGE","https://www.swinburne.edu.au/content/dam/media/campaigns-restricted/web-banner-images/SUT0138_SSM-XXXX_UG-course-pages-imagery_Arts_202211_JB.jpg/_jcr_content/renditions/cq5dam.web.1280.720.jpeg","https://www.swinburne.edu.au/course/undergraduate/bachelor-of-arts/politics-power-and-technology/","2026-10-07T04:02:20.292Z","","DRAFT"
"programme_390defbe7c8d6f6b","swinburne-university-of-technology","COURSE_IMAGE","https://www.swinburne.edu.au/content/dam/media/campaigns-restricted/web-banner-images/SUT0138_SSM-XXXX_UG-course-pages-imagery_Arts_202211_JB.jpg/_jcr_content/renditions/cq5dam.web.1280.720.jpeg","https://www.swinburne.edu.au/course/undergraduate/bachelor-of-arts/screen-studies-and-popular-culture/","2026-10-07T04:02:22.299Z","","DRAFT"
"programme_f81afe012811cf83","swinburne-university-of-technology","COURSE_IMAGE","https://www.swinburne.edu.au/content/dam/media/campaigns-restricted/web-banner-images/SUT0138_SSM-XXXX_UG-course-pages-imagery_Arts_202211_JB.jpg/_jcr_content/renditions/cq5dam.web.1280.720.jpeg","https://www.swinburne.edu.au/course/undergraduate/bachelor-of-arts/handbook/","2026-10-07T04:02:26.353Z","","DRAFT"
"programme_858e8191ab46f56c","swinburne-university-of-technology","COURSE_IMAGE","https://www.swinburne.edu.au/content/dam/media/campaigns-restricted/web-banner-images/SUT0138_SSM-XXXX_UG-course-pages-imagery_Health-science_202211_JB.jpg/_jcr_content/renditions/cq5dam.web.1280.720.jpeg","https://www.swinburne.edu.au/course/undergraduate/bachelor-of-health-science-bachelor-of-arts/","2026-10-07T04:02:29.648Z","","DRAFT"
"programme_54758deb4490faa1","swinburne-university-of-technology","COURSE_IMAGE","https://www.swinburne.edu.au/content/dam/media/place/CSIRO_Testlab_Clayton_E6A0101.jpg/_jcr_content/renditions/cq5dam.web.1280.720.jpeg","https://www.swinburne.edu.au/course/undergraduate/bachelor-of-engineering-honours-bachelor-of-arts/","2026-10-07T04:02:30.339Z","","DRAFT"
"programme_c544d2628e6a3a6d","swinburne-university-of-technology","COURSE_IMAGE","https://www.swinburne.edu.au/content/dam/media/study-areas/bachelor-of-media-and-communication-banner.jpg/_jcr_content/renditions/cq5dam.web.1280.720.jpeg","https://www.swinburne.edu.au/course/undergraduate/bachelor-of-media-and-communication/","2026-10-07T04:02:32.343Z","","DRAFT"
"programme_5bccf35cec223829","swinburne-university-of-technology","COURSE_IMAGE","https://www.swinburne.edu.au/content/dam/media/campaigns-restricted/web-banner-images/SUT0138_SSM-XXXX_UG-course-pages-imagery_Criminology_202211_JB.jpg/_jcr_content/renditions/cq5dam.web.1280.720.jpeg","https://www.swinburne.edu.au/course/undergraduate/bachelor-of-criminal-justice-and-criminology/","2026-10-07T04:02:35.600Z","","DRAFT"
"programme_7fdefeec4d224038","swinburne-university-of-technology","COURSE_IMAGE","https://www.swinburne.edu.au/content/dam/media/campaigns-restricted/web-banner-images/SUT0138_SSM-XXXX_UG-course-pages-imagery_business_202211_JB.jpg/_jcr_content/renditions/cq5dam.web.1280.720.jpeg","https://www.swinburne.edu.au/course/undergraduate/bachelor-of-business/","2026-10-07T04:02:38.224Z","","DRAFT"
"programme_2592b5188534aa87","swinburne-university-of-technology","COURSE_IMAGE","https://www.swinburne.edu.au/content/dam/media/campaigns-restricted/web-banner-images/SUT0138_SSM-XXXX_UG-course-pages-imagery_Arts_202211_JB.jpg/_jcr_content/renditions/cq5dam.web.1280.720.jpeg","https://www.swinburne.edu.au/course/undergraduate/bachelor-of-arts-bachelor-of-applied-innovation/climate-and-social-justice/","2026-10-07T04:02:39.749Z","","DRAFT"
"programme_67c0a0512dc2b55b","swinburne-university-of-technology","COURSE_IMAGE","https://www.swinburne.edu.au/content/dam/media/campaigns-restricted/web-banner-images/SUT0138_SSM-XXXX_UG-course-pages-imagery_Arts_202211_JB.jpg/_jcr_content/renditions/cq5dam.web.1280.720.jpeg","https://www.swinburne.edu.au/course/undergraduate/bachelor-of-arts-bachelor-of-applied-innovation/criminology-and-social-change/","2026-10-07T04:02:41.777Z","","DRAFT"
"programme_0868c86bcedaa166","swinburne-university-of-technology","COURSE_IMAGE","https://www.swinburne.edu.au/content/dam/media/campaigns-restricted/web-banner-images/SUT0138_SSM-XXXX_UG-course-pages-imagery_Arts_202211_JB.jpg/_jcr_content/renditions/cq5dam.web.1280.720.jpeg","https://www.swinburne.edu.au/course/undergraduate/bachelor-of-arts-bachelor-of-applied-innovation/ethics-and-technology/","2026-10-07T04:02:43.777Z","","DRAFT"
"programme_76d360b3e25bf98c","swinburne-university-of-technology","COURSE_IMAGE","https://www.swinburne.edu.au/content/dam/media/campaigns-restricted/web-banner-images/SUT0138_SSM-XXXX_UG-course-pages-imagery_Arts_202211_JB.jpg/_jcr_content/renditions/cq5dam.web.1280.720.jpeg","https://www.swinburne.edu.au/course/undergraduate/bachelor-of-arts-bachelor-of-applied-innovation/indigenous-studies/","2026-10-07T04:02:45.825Z","","DRAFT"
"programme_1302dcb60b058a68","swinburne-university-of-technology","COURSE_IMAGE","https://www.swinburne.edu.au/content/dam/media/campaigns-restricted/web-banner-images/SUT0138_SSM-XXXX_UG-course-pages-imagery_Arts_202211_JB.jpg/_jcr_content/renditions/cq5dam.web.1280.720.jpeg","https://www.swinburne.edu.au/course/undergraduate/bachelor-of-arts-bachelor-of-applied-innovation/literature-and-creative-writing/","2026-10-07T04:02:47.778Z","","DRAFT"
"programme_747afeab26e62254","swinburne-university-of-technology","COURSE_IMAGE","https://www.swinburne.edu.au/content/dam/media/campaigns-restricted/web-banner-images/SUT0138_SSM-XXXX_UG-course-pages-imagery_Arts_202211_JB.jpg/_jcr_content/renditions/cq5dam.web.1280.720.jpeg","https://www.swinburne.edu.au/course/undergraduate/bachelor-of-arts-bachelor-of-applied-innovation/perspectives-on-globalisation/","2026-10-07T04:02:49.765Z","","DRAFT"
"programme_cd80a2df31de025b","swinburne-university-of-technology","COURSE_IMAGE","https://www.swinburne.edu.au/content/dam/media/campaigns-restricted/web-banner-images/SUT0138_SSM-XXXX_UG-course-pages-imagery_Arts_202211_JB.jpg/_jcr_content/renditions/cq5dam.web.1280.720.jpeg","https://www.swinburne.edu.au/course/undergraduate/bachelor-of-arts-bachelor-of-applied-innovation/screen-studies-and-popular-culture/","2026-10-07T04:02:54.160Z","","DRAFT"
"programme_0207a5d3d28dae85","swinburne-university-of-technology","COURSE_IMAGE","https://www.swinburne.edu.au/content/dam/media/campaigns-restricted/web-banner-images/SUT0138_SSM-XXXX_UG-course-pages-imagery_Arts_202211_JB.jpg/_jcr_content/renditions/cq5dam.web.1280.720.jpeg","https://www.swinburne.edu.au/course/undergraduate/bachelor-of-arts-bachelor-of-applied-innovation/handbook/","2026-10-07T04:02:54.732Z","","DRAFT"
"programme_40c86d399a848075","swinburne-university-of-technology","COURSE_IMAGE","https://www.swinburne.edu.au/content/dam/media/campaigns-restricted/web-banner-images/SUT0138_SSM-XXXX_UG-course-pages-imagery_Arts_202211_JB.jpg/_jcr_content/renditions/cq5dam.web.1280.720.jpeg","https://www.swinburne.edu.au/course/undergraduate/bachelor-of-arts-bachelor-of-business/handbook/","2026-10-07T04:02:56.866Z","","DRAFT"
"programme_8fcbd35e6f605c19","swinburne-university-of-technology","COURSE_IMAGE","https://www.swinburne.edu.au/content/dam/media/campaigns-restricted/web-banner-images/SUT0138_SSM-XXXX_UG-course-pages-imagery_psychological-sciences_202211_JB.jpg/_jcr_content/renditions/cq5dam.web.1280.720.jpeg","https://www.swinburne.edu.au/course/undergraduate/bachelor-of-arts-bachelor-of-psychological-sciences/climate-and-social-justice/","2026-10-07T04:03:00.080Z","","DRAFT"
"programme_5c3b6f3a1ce26c40","swinburne-university-of-technology","COURSE_IMAGE","https://www.swinburne.edu.au/content/dam/media/campaigns-restricted/web-banner-images/SUT0138_SSM-XXXX_UG-course-pages-imagery_psychological-sciences_202211_JB.jpg/_jcr_content/renditions/cq5dam.web.1280.720.jpeg","https://www.swinburne.edu.au/course/undergraduate/bachelor-of-arts-bachelor-of-psychological-sciences/ethics-and-technology/","2026-10-07T04:03:04.006Z","","DRAFT"
"programme_e95ff6ce5a23c8ee","swinburne-university-of-technology","COURSE_IMAGE","https://www.swinburne.edu.au/content/dam/media/campaigns-restricted/web-banner-images/SUT0138_SSM-XXXX_UG-course-pages-imagery_psychological-sciences_202211_JB.jpg/_jcr_content/renditions/cq5dam.web.1280.720.jpeg","https://www.swinburne.edu.au/course/undergraduate/bachelor-of-arts-bachelor-of-psychological-sciences/indigenous-studies/","2026-10-07T04:03:06.058Z","","DRAFT"
"programme_b1568cbea2e43bca","swinburne-university-of-technology","COURSE_IMAGE","https://www.swinburne.edu.au/content/dam/media/campaigns-restricted/web-banner-images/SUT0138_SSM-XXXX_UG-course-pages-imagery_psychological-sciences_202211_JB.jpg/_jcr_content/renditions/cq5dam.web.1280.720.jpeg","https://www.swinburne.edu.au/course/undergraduate/bachelor-of-arts-bachelor-of-psychological-sciences/literature-and-creative-writing/","2026-10-07T04:03:08.002Z","","DRAFT"
"programme_a2ac39ab01e34c98","swinburne-university-of-technology","COURSE_IMAGE","https://www.swinburne.edu.au/content/dam/media/campaigns-restricted/web-banner-images/SUT0138_SSM-XXXX_UG-course-pages-imagery_psychological-sciences_202211_JB.jpg/_jcr_content/renditions/cq5dam.web.1280.720.jpeg","https://www.swinburne.edu.au/course/undergraduate/bachelor-of-arts-bachelor-of-psychological-sciences/perspectives-on-globalisation/","2026-10-07T04:03:10.111Z","","DRAFT"
"programme_6e848cb2ff5bbc76","university-of-technology-sydney","COURSE_IMAGE","https://www.uts.edu.au/AdaptiveImages/bynder/3EE45A70-B32D-4E74-9B660495A3989B61/Original_Image-Derek-Bogart-2020-photo-shoot-day-1.jpg?stamp=0adaa957352d33fdfa6f45fc20003120399fa665","https://www.uts.edu.au/courses/bachelor-of-communication-in-digital-and-social-media-bachelor-of-creative-intelligence-and-innovation","2026-10-07T03:59:42.683Z","","DRAFT"
"programme_c1f675ba3434280f","university-of-technology-sydney","COURSE_IMAGE","https://www.uts.edu.au/AdaptiveImages/bynder/6CF19EB1-84CF-4243-9F5E9451AE3892A7/Original_Image-Abstract-lilac-fluorite-texture.jpg?stamp=f6a778c9301b4d6bc138865a3e4fc379dcde61d1","https://www.uts.edu.au/courses/bachelor-of-sport-and-exercise-science-honours","2026-10-07T03:59:54.501Z","","DRAFT"
"programme_79bc6f6c3605dd93","university-of-technology-sydney","COURSE_IMAGE","https://www.uts.edu.au/AdaptiveImages/bynder/080E5608-0A18-4715-9F17DA59D7181E07/Original_Image-ABSTRACT-SCI-AdobeStock_436387822.jpg?stamp=ce6f5b1cd2b832502d835dedfd8cdf553f68ecb8","https://www.uts.edu.au/courses/bachelor-of-marine-biology-and-climate-change","2026-10-07T03:59:56.524Z","","DRAFT"
"programme_b2cba1737b7a99b8","university-of-technology-sydney","COURSE_IMAGE","https://www.uts.edu.au/AdaptiveImages/bynder/32F2B2F7-02D7-4363-902F5491F5F50DB5/Cybersecurity-Precinct-FEIT.jpg?cropleft=10&cropright=7171&stamp=9eded15a7ef14dc9f8d5626a0c3c01c946a09bc9","https://www.uts.edu.au/courses/bachelor-of-information-technology-co-op","2026-10-07T03:59:58.606Z","","DRAFT"
"programme_e9165ec3371c72d3","university-of-technology-sydney","COURSE_IMAGE","https://www.uts.edu.au/AdaptiveImages/bynder/7712F39D-B0E9-4844-8A9AB8F41D023818/DPC-HEA-UG-Nursing.jpg?stamp=0aabefe1eb8c38ae7270fe8ed0b4cb2a9721d9df","https://www.uts.edu.au/courses/bachelor-of-nursing","2026-10-07T04:00:00.389Z","","DRAFT"
"programme_9dd6ded2b0ed91d1","university-of-technology-sydney","COURSE_IMAGE","https://www.uts.edu.au/AdaptiveImages/bynder/E136E280-0FB8-401D-8A55D74B9268E47B/Original_Image-UTS-DAB_DPP-Header_Diploma-in-Fashion-and-Sustainability-2.jpg?stamp=6165e8e46da355afed73ab99ad08859797cdd957","https://www.uts.edu.au/courses/diploma-in-fashion-and-sustainability","2026-10-07T04:00:06.539Z","","DRAFT"
"programme_fd6056e39dd13a3c","university-of-technology-sydney","COURSE_IMAGE","https://www.uts.edu.au/AdaptiveImages/optimizely/2e751a39-c9ec-4287-9186-35c2db554e32/original-image-uts-campus-building-8-hr-0010.jpg?stamp=db6c26f374c2bcf7e97bf7f0ae85191137ce17d5","https://www.uts.edu.au/courses/bachelor-of-business","2026-10-07T04:00:10.808Z","","DRAFT"
"programme_4ffd0ad4e835dd8c","university-of-technology-sydney","COURSE_IMAGE","https://www.uts.edu.au/AdaptiveImages/optimizely/7224e6f5-8c76-453d-af7e-d66ed2431e14/hea-pharmacy-banner.jpg?stamp=daa6e7639c7beb04ac9e058e3c099a09951bdd69","https://www.uts.edu.au/courses/master-of-pharmacy","2026-10-07T05:59:20.554Z","","DRAFT"
"programme_85f45a0135ad952f","university-of-technology-sydney","COURSE_IMAGE","https://www.uts.edu.au/AdaptiveImages/bynder/7E392880-F8E4-4091-B5E17D07611556ED/Original_Image-DAB-Building-6-Design-053.jpg?stamp=6c139a0dd1049980a9690ac519692a475fcd1175","https://www.uts.edu.au/courses/bachelor-of-design-in-fashion-and-textiles","2026-10-07T05:59:22.676Z","","DRAFT"
"programme_773ac170a5d999d0","university-of-technology-sydney","COURSE_IMAGE","https://www.uts.edu.au/AdaptiveImages/bynder/C63A639C-0134-4026-9C8529F719F19473/Original_Image-UTS-FEIT-Undergraduate-Engineering-Students-in-Lab-EDITED.jpg?stamp=689c53fa74c8417eb60952481dd3a6d7ac2f1ac6","https://www.uts.edu.au/courses/bachelor-of-engineering-honours-bachelor-of-science","2026-10-07T05:59:24.747Z","","DRAFT"
"programme_7bb0b6af49b1a192","university-of-technology-sydney","COURSE_IMAGE","https://www.uts.edu.au/AdaptiveImages/bynder/9C644BDA-EE13-43C7-9DE8A2D545BAF339/Course-Experience-TD-MDSI.jpg?stamp=8a18a26bb59de2ec542cb4b4c9a6a5b7e296747c","https://www.uts.edu.au/courses/master-of-data-science-and-innovation","2026-10-07T05:59:26.748Z","","DRAFT"
"programme_30eb178de4480d31","university-of-technology-sydney","COURSE_IMAGE","https://www.uts.edu.au/AdaptiveImages/bynder/20E545DB-2028-497D-91DC274BCA5642D7/BCII-Showcase-2024_260.jpg?stamp=d12f88ec08ce6438b3ef650804f943347d9c5765","https://www.uts.edu.au/courses/bachelor-of-creative-intelligence-and-innovation","2026-10-07T05:59:28.805Z","","DRAFT"
"programme_0b09d4ee889f183d","university-of-technology-sydney","COURSE_IMAGE","https://www.uts.edu.au/AdaptiveImages/bynder/04E35391-8134-4EE9-8A783AE821EF5454/Original_Image-UTS-DAB_DPP-Header_Bachelor-of-Design-in-Fashion-and-Textiles-Bachelor-of-Creative-Intelligence-and-Innovation_Tablet-Mobile.jpg?stamp=7fdfd64c96bf9ca4d8f1137d496badaf33e583c5","https://www.uts.edu.au/courses/bachelor-of-design-in-fashion-and-textiles-bachelor-of-creative-intelligence-and-innovation","2026-10-07T05:59:30.778Z","","DRAFT"
"programme_79e678441bd02ce4","university-of-technology-sydney","COURSE_IMAGE","https://www.uts.edu.au/AdaptiveImages/bynder/DC60EF81-B499-4E4F-B17FBC56CC6B9F80/Original_Image-DAB-Building-5A-Viscom-and-Product-Design-Students-40.jpg?cropleft=897&cropright=8182&stamp=d44b370135d0bdbae4e9bb3f0accfa76a980dbd0","https://www.uts.edu.au/courses/bachelor-of-design-in-visual-communication-bachelor-of-creative-intelligence-and-innovation","2026-10-07T05:59:33.009Z","","DRAFT"
"programme_2d449465b22d4470","university-of-technology-sydney","COURSE_IMAGE","https://www.uts.edu.au/AdaptiveImages/bynder/B7EF4950-5110-4422-8D0DF7590AC4D48A/Original_Image-ABSTRACT-HEA-chris-stein-69b2Yyxlygg-unsplash.jpg?stamp=401000db27a67a2be168b1b9d6e38bb9b0974c7f","https://www.uts.edu.au/courses/bachelor-of-sport-and-exercise-science-bachelor-of-creative-intelligence-and-innovation","2026-10-07T05:59:34.863Z","","DRAFT"
"programme_b09e9ee54703e678","university-of-technology-sydney","COURSE_IMAGE","https://www.uts.edu.au/AdaptiveImages/bynder/671C7EC0-FD12-4F0A-81F6E8E49B1744C7/Original_Image-ABSTRACT-HEA-ryan-stone-U3cctUBucn0-unsplash.jpg?stamp=443fdbac739b43892d4ef91615351391f6afb1b8","https://www.uts.edu.au/courses/graduate-certificate-in-diabetes-education-and-management","2026-10-07T05:59:36.813Z","","DRAFT"
"programme_f3e66cf9bc2d222e","university-of-technology-sydney","COURSE_IMAGE","https://www.uts.edu.au/AdaptiveImages/bynder/B9FFD6F4-C45B-4994-82226A258870C317/Original_Image-gabe-09IS_HJcUZA-unsplash.jpg?cropleft=7&cropright=4615&stamp=b209ddb75cc4e81db226962dd761c91fd8115898","https://www.uts.edu.au/courses/doctor-of-philosophy-phd-thesis-orthoptics","2026-10-07T05:59:38.708Z","","DRAFT"
"programme_03f3975ceea5ce16","university-of-technology-sydney","COURSE_IMAGE","https://www.uts.edu.au/AdaptiveImages/bynder/447D0C15-00CC-4238-A6F8652B0ADA6D40/Original_Image-Abstract-wave-blue-dots-lines.jpg?stamp=020e938f32f91474f5db3eec64086b153b770476","https://www.uts.edu.au/courses/bachelor-of-science-master-of-teaching-in-secondary-education","2026-10-07T05:59:40.845Z","","DRAFT"
"programme_60947a9f453ceab5","university-of-technology-sydney","COURSE_IMAGE","https://www.uts.edu.au/AdaptiveImages/bynder/166BC905-EC10-4F13-92BA767A327DDFBD/Original_Image-susan-wilkinson-7572K1ubVkM-unsplash.jpg?stamp=7759924a3a05a6d4271d7d9274d46bd96a8ad4d3","https://www.uts.edu.au/courses/doctor-of-philosophy-phd-thesis-science","2026-10-07T05:59:42.751Z","","DRAFT"
"programme_1d70ac923e181c75","university-of-technology-sydney","COURSE_IMAGE","https://www.uts.edu.au/AdaptiveImages/bynder/6E03FF01-E5DF-4BBE-8202F5070461323C/Original_Image-ABSTRACT-SCI-AdobeStock_340842205.jpg?stamp=c37ed155e2851270193be06384aebd686bfb8360","https://www.uts.edu.au/courses/bachelor-of-mathematical-sciences-honours","2026-10-07T05:59:44.821Z","","DRAFT"
"programme_0134292be7fda487","university-of-technology-sydney","COURSE_IMAGE","https://www.uts.edu.au/AdaptiveImages/bynder/C415644A-55A0-4B9E-8234A9B6387C1B3C/Original_Image-ABSTRACT-SCI-solen-feyissa-MJJ9ik9m3J4-unsplash.jpg?stamp=ddb32f2c7ae23414b4b7d9b4a0014041da4abb2c","https://www.uts.edu.au/courses/bachelor-of-forensic-science-bachelor-of-creative-intelligence-and-innovation","2026-10-07T05:59:46.879Z","","DRAFT"
"programme_6a0ccc4715498f09","university-of-technology-sydney","COURSE_IMAGE","https://www.uts.edu.au/AdaptiveImages/bynder/D5089F8A-4784-400A-BE51F5047FA03E91/Original_Image-FEIT-Undergraduate-Engineering-and-IT-Student-Student.jpg?stamp=9bce3476443ea59095a0ad9c658158fd1615d880","https://www.uts.edu.au/courses/bachelor-of-information-systems-bachelor-of-business","2026-10-07T05:59:48.810Z","","DRAFT"
"programme_fe0a8b2ba384c35f","university-of-technology-sydney","COURSE_IMAGE","https://www.uts.edu.au/AdaptiveImages/bynder/6E73ECCB-2AF5-422E-98CABB017990842A/Original_Image-FEIT-Postgraduate-Engineering-and-IT-Student-9.jpg?stamp=4210d22af2fc78e7db9c13485da81de7fc0d5902","https://www.uts.edu.au/courses/master-of-interaction-design-extension","2026-10-07T05:59:50.692Z","","DRAFT"
"programme_ad0a1ef2b8203d40","university-of-technology-sydney","COURSE_IMAGE","https://www.uts.edu.au/AdaptiveImages/bynder/9D2A5856-0058-4255-B55C01160BA2E099/Original_Image-pawel-czerwinski-Wk5xR31OE_M-unsplash.jpg?stamp=7c06d2a76ceb3fc8903ad80c33c8f639c3451b32","https://www.uts.edu.au/courses/doctor-of-philosophy-phd-thesis-analytics","2026-10-07T05:59:52.711Z","","DRAFT"
"programme_1cd14b63771f88d7","university-of-technology-sydney","COURSE_IMAGE","https://www.uts.edu.au/AdaptiveImages/bynder/3379746C-E0A0-43CB-815F34B949FBF9FD/Original_Image-ABSTRACT-HEA-AdobeStock_874296009.jpg?stamp=26f3a933f322cea05279065b06e1e393e7a520cf","https://www.uts.edu.au/courses/bachelor-of-nursing-bachelor-of-creative-intelligence-and-innovation","2026-10-07T05:59:56.862Z","","DRAFT"
"programme_92be05ee0b6b5765","university-of-technology-sydney","COURSE_IMAGE","https://www.uts.edu.au/AdaptiveImages/bynder/505E619B-E33D-49C4-B0DF1A3828AF73D4/Original_Image-ABSTRACT-HEA-AdobeStock_805278444.jpg?stamp=bc8ea7a4424181827188873d5709fb7bbd1a5b34","https://www.uts.edu.au/courses/bachelor-of-nursing-honours","2026-10-07T05:59:58.825Z","","DRAFT"
"programme_bc1d0d591289e580","university-of-technology-sydney","COURSE_IMAGE","https://www.uts.edu.au/AdaptiveImages/bynder/F93A558C-8EAE-46B0-A1F02CD8D45ED764/UG-Midwifery.jpg?stamp=0ba4dfd49ce798edb536fd489e506b5c3cf6b117","https://www.uts.edu.au/courses/bachelor-of-midwifery","2026-10-07T06:00:00.795Z","","DRAFT"
"programme_95193662d801bd58","university-of-technology-sydney","COURSE_IMAGE","https://www.uts.edu.au/AdaptiveImages/bynder/739CC990-A510-4564-97B0DE9E861D65CF/Original_Image-ABSTRACT-BUS-9lNoGFaNI2c-unsplash.jpg?stamp=dc2e24963eb4fee544f091a49f73b472d6466b72","https://www.uts.edu.au/courses/bachelor-of-economics-master-of-teaching-in-secondary-education","2026-10-07T06:00:03.012Z","","DRAFT"
"programme_58f088b25bf836e4","university-of-technology-sydney","COURSE_IMAGE","https://www.uts.edu.au/AdaptiveImages/bynder/26698982-6B83-49BF-A74DDEAEA86041DD/Original_Image-ABSTRACT-BUS-LbTm902zXbE-unsplash.jpg?stamp=56404661876c98783789599287b42e9dc7fd3ca1","https://www.uts.edu.au/courses/bachelor-of-economics","2026-10-07T06:00:07.238Z","","DRAFT"
"programme_398545ef391149e6","university-of-technology-sydney","COURSE_IMAGE","https://www.uts.edu.au/AdaptiveImages/bynder/B8F9D38A-FEA3-4422-A4846EB2126BF46A/Original_Image-valdemars-magone-B8X8o1JcHkg-unsplash.jpg?stamp=f9459dd338272c7fc45b9724cc284d660dd3a960","https://www.uts.edu.au/courses/bachelor-of-business-bachelor-of-laws","2026-10-07T06:00:08.872Z","","DRAFT"
"programme_a2a0471aad94694f","university-of-technology-sydney","COURSE_IMAGE","https://www.uts.edu.au/AdaptiveImages/bynder/66344401-A038-49FB-A7A571F6B871E7A2/Original_Image-Black-dark-blue-green-teal-cyan-petrol-jade-abstract-background-Geometric-shape-3d-effect-Line-triangle-angle-polygon-wave-Color-gradient-Light-glow-neon-flash-metal-metallic-Design-Futuristic.jpg?stamp=2dd080762fe386da12467617a327aa0424ee706d","https://www.uts.edu.au/courses/master-of-business-analytics","2026-10-07T06:00:36.256Z","","DRAFT"
"programme_f208e0e61ff3223d","university-of-technology-sydney","COURSE_IMAGE","https://www.uts.edu.au/AdaptiveImages/bynder/C6A3221A-F5D1-4882-9D1C3340ED33529A/Original_Image-ABSTRACT-BUS-ypqyuASFNps-unsplash.jpg?stamp=93a8b31708506f208ae8d1873ffb5a713674d2ff","https://www.uts.edu.au/courses/graduate-certificate-in-business-analytics","2026-10-07T06:00:38.443Z","","DRAFT"
"programme_df6df18569d925b4","university-of-technology-sydney","COURSE_IMAGE","https://www.uts.edu.au/AdaptiveImages/bynder/89AF1BA3-B7E5-4097-A2C1BE9EA0827F76/Original_Image-ABSTRACT-BUS-Df9CR3aQFw4-unsplash.jpg?stamp=15f10dc6404fcb9e151400a83d4d292b120b3aee","https://www.uts.edu.au/courses/bachelor-of-business-honours","2026-10-07T06:00:40.352Z","","DRAFT"
"programme_a6ab64328dc37ea5","university-of-wollongong","COURSE_IMAGE","https://www.uow.edu.au/study/courses/assets/scripts/uow/course-finder/images/outdoor-study.jpg","https://www.uow.edu.au/study/courses/bachelor-of-arts/","2026-10-07T04:00:23.718Z","","DRAFT"
"programme_2ca87af26844871f","university-of-wollongong","COURSE_IMAGE","https://www.uow.edu.au/study/courses/assets/scripts/uow/course-finder/images/outdoor-study.jpg","https://www.uow.edu.au/study/courses/bachelor-of-arts---bachelor-of-business/","2026-10-07T04:00:27.730Z","","DRAFT"
"programme_472b8c231ebb4d77","university-of-wollongong","COURSE_IMAGE","https://www.uow.edu.au/study/courses/assets/scripts/uow/course-finder/images/outdoor-study.jpg","https://www.uow.edu.au/study/courses/bachelor-of-arts---bachelor-of-communication-and-media/","2026-10-07T04:00:31.731Z","","DRAFT"
"programme_6000c0ddc91631fc","university-of-wollongong","COURSE_IMAGE","https://www.uow.edu.au/study/courses/assets/scripts/uow/course-finder/images/outdoor-study.jpg","https://www.uow.edu.au/study/courses/bachelor-of-arts---bachelor-of-international-studies/","2026-10-07T04:00:35.758Z","","DRAFT"
"programme_6b61ebbaa8fac0fc","university-of-wollongong","COURSE_IMAGE","https://www.uow.edu.au/study/courses/assets/scripts/uow/course-finder/images/outdoor-study.jpg","https://www.uow.edu.au/study/courses/bachelor-of-arts---bachelor-of-laws/","2026-10-07T04:00:39.777Z","","DRAFT"
"programme_2f1c3468e0cd46e1","university-of-wollongong","COURSE_IMAGE","https://www.uow.edu.au/study/courses/assets/scripts/uow/course-finder/images/outdoor-study.jpg","https://www.uow.edu.au/study/courses/bachelor-of-arts/?major=44093","2026-10-07T04:00:43.771Z","","DRAFT"
"programme_8c60649c1ac8ddfb","university-of-wollongong","COURSE_IMAGE","https://www.uow.edu.au/study/courses/assets/scripts/uow/course-finder/images/outdoor-study.jpg","https://www.uow.edu.au/study/courses/bachelor-of-arts/?major=44036","2026-10-07T04:00:47.788Z","","DRAFT"
"programme_c14878aff52cd99d","university-of-wollongong","COURSE_IMAGE","https://www.uow.edu.au/study/courses/assets/scripts/uow/course-finder/images/outdoor-study.jpg","https://www.uow.edu.au/study/courses/bachelor-of-arts/?major=45340","2026-10-07T04:00:51.826Z","","DRAFT"
"programme_a836a8db65227591","university-of-wollongong","COURSE_IMAGE","https://www.uow.edu.au/study/courses/assets/scripts/uow/course-finder/images/outdoor-study.jpg","https://www.uow.edu.au/study/courses/bachelor-of-arts/?major=45527","2026-10-07T04:00:55.827Z","","DRAFT"
"programme_02a11e9ac29a0c62","university-of-wollongong","COURSE_IMAGE","https://www.uow.edu.au/study/courses/assets/scripts/uow/course-finder/images/outdoor-study.jpg","https://www.uow.edu.au/study/courses/bachelor-of-arts/?major=44138","2026-10-07T04:00:59.885Z","","DRAFT"
"programme_9e040c1cfcdb44ed","university-of-wollongong","COURSE_IMAGE","https://www.uow.edu.au/study/courses/assets/scripts/uow/course-finder/images/outdoor-study.jpg","https://www.uow.edu.au/study/courses/bachelor-of-arts/?addCourse=410100","2026-10-07T04:01:22.638Z","","DRAFT"
"programme_e88e8a1990bed730","university-of-wollongong","COURSE_IMAGE","https://www.uow.edu.au/study/courses/assets/scripts/uow/course-finder/images/outdoor-study.jpg","https://www.uow.edu.au/study/courses/bachelor-of-arts/?major=deciding&students=international&campus=Wollongong&year=2026","2026-10-07T04:01:26.388Z","","DRAFT"
"programme_7c2475f6661cf1fc","university-of-wollongong","COURSE_IMAGE","https://www.uow.edu.au/study/courses/assets/scripts/uow/course-finder/images/outdoor-study.jpg","https://www.uow.edu.au/study/courses/bachelor-of-arts/?major=45835&students=international&campus=Wollongong&year=2026","2026-10-07T04:01:28.391Z","","DRAFT"
"programme_76aaef7175cacc7c","university-of-wollongong","COURSE_IMAGE","https://www.uow.edu.au/study/courses/assets/scripts/uow/course-finder/images/outdoor-study.jpg","https://www.uow.edu.au/study/courses/bachelor-of-arts/?major=44036&students=international&campus=Wollongong&year=2026","2026-10-07T04:01:30.394Z","","DRAFT"
"programme_ab433bc3ce03e237","university-of-wollongong","COURSE_IMAGE","https://www.uow.edu.au/study/courses/assets/scripts/uow/course-finder/images/outdoor-study.jpg","https://www.uow.edu.au/study/courses/bachelor-of-arts/?major=45340&students=international&campus=Wollongong&year=2026","2026-10-07T04:01:32.428Z","","DRAFT"
"programme_da46eeb23c0c07d9","university-of-wollongong","COURSE_IMAGE","https://www.uow.edu.au/study/courses/assets/scripts/uow/course-finder/images/outdoor-study.jpg","https://www.uow.edu.au/study/courses/bachelor-of-arts/?major=45527&students=international&campus=Wollongong&year=2026","2026-10-07T04:01:34.419Z","","DRAFT"
"programme_88f2398c32a7fa69","university-of-wollongong","COURSE_IMAGE","https://www.uow.edu.au/study/courses/assets/scripts/uow/course-finder/images/outdoor-study.jpg","https://www.uow.edu.au/study/courses/bachelor-of-arts/?major=44138&students=international&campus=Wollongong&year=2026","2026-10-07T04:01:36.439Z","","DRAFT"
"programme_1c4ad2d5c2e08570","university-of-wollongong","COURSE_IMAGE","https://www.uow.edu.au/study/courses/assets/scripts/uow/course-finder/images/outdoor-study.jpg","https://www.uow.edu.au/study/courses/bachelor-of-arts/?major=44098&students=international&campus=Wollongong&year=2026","2026-10-07T04:01:38.450Z","","DRAFT"
"programme_b569dc1621da0db7","university-of-wollongong","COURSE_IMAGE","https://www.uow.edu.au/study/courses/assets/scripts/uow/course-finder/images/outdoor-study.jpg","https://www.uow.edu.au/study/courses/bachelor-of-arts/?major=44142&students=international&campus=Wollongong&year=2026","2026-10-07T04:01:40.472Z","","DRAFT"
"programme_18404abe574e7aa8","university-of-wollongong","COURSE_IMAGE","https://www.uow.edu.au/study/courses/assets/scripts/uow/course-finder/images/outdoor-study.jpg","https://www.uow.edu.au/study/courses/bachelor-of-arts/?major=44161&students=international&campus=Wollongong&year=2026","2026-10-07T04:01:42.457Z","","DRAFT"
"programme_a1d555c9502ad836","university-of-wollongong","COURSE_IMAGE","https://www.uow.edu.au/study/courses/assets/scripts/uow/course-finder/images/outdoor-study.jpg","https://www.uow.edu.au/study/courses/bachelor-of-arts/?major=45830&students=international&campus=Wollongong&year=2026","2026-10-07T04:01:44.480Z","","DRAFT"
