"programmeCandidateId","universitySourceKey","code","rawText"
"programme_97c0e94f16f647f8","nanyang-technological-university","","en-SG"
"programme_4bf809e3cb116bb4","nanyang-technological-university","","en-SG"
"programme_e7dfa4b5584ad251","nanyang-technological-university","","en-SG"
"programme_0fb7d8f65c79876e","nanyang-technological-university","","en-SG"
"programme_5a82e1cfad8e553d","nanyang-technological-university","","en-SG"
"programme_35ae9f19699a0bc5","nanyang-technological-university","","en-SG"
"programme_ba1fde2664493782","nanyang-technological-university","","en-SG"
"programme_4200b2824bdc5153","nanyang-technological-university","","en-SG"
"programme_e0682dda3a994174","nanyang-technological-university","","en-SG"
"programme_716457c50e54fc46","nanyang-technological-university","","en-SG"
"programme_27ce3a12625da0b4","nanyang-technological-university","","en-SG"
"programme_37cffaa959ac4a73","nanyang-technological-university","","en-SG"
"programme_b1f297ffb3d8ea08","nanyang-technological-university","","en-SG"
"programme_3374897055c85213","nanyang-technological-university","","en-SG"
"programme_ca8a1707ba845e1a","nanyang-technological-university","","en-SG"
"programme_1107ea81aceb4890","nanyang-technological-university","","en-SG"
"programme_1f24c7c8ba4fa9cb","nanyang-technological-university","","en-SG"
"programme_8a0a932706fd7b38","nanyang-technological-university","","en-SG"
"programme_7f7eb26976c5606b","nanyang-technological-university","","en-SG"
"programme_f51aad738972a040","nanyang-technological-university","","en-SG"
"programme_2bf765f2f5df3eb8","nanyang-technological-university","","en-SG"
"programme_44339886f11e398b","nanyang-technological-university","","en-SG"
"programme_9f1a9d3a9b06b1ee","nanyang-technological-university","","en-SG"
"programme_742d87833ca99dfc","nanyang-technological-university","","en-SG"
"programme_383c46674ec914fd","nanyang-technological-university","","en-SG"
"programme_9655dd577e0ca119","nanyang-technological-university","","en-SG"
"programme_87fdb34b2fbc6a75","nanyang-technological-university","","en-SG"
"programme_df31d0dddb3e97b6","nanyang-technological-university","","en-SG"
"programme_94536146381d3ce4","nanyang-technological-university","","en-SG"
"programme_91f73df600c80338","nanyang-technological-university","","en-SG"
"programme_f5c80c50ff47557d","nanyang-technological-university","","en-SG"
"programme_5de0cfb5d6d7d148","nanyang-technological-university","","en-SG"
"programme_430c5d4dfaf02a34","nanyang-technological-university","","en-SG"
