"programmeCandidateId","universitySourceKey","audienceRaw","feeTypeRaw","min","max","currency","display","feePeriod","sourceUrl","sourceCheckedAt"
"programme_f1d0f2a04346e3ab","unsw-sydney","international","Indicative first year full fee","61000","61000","AUD","$61,000*","UNKNOWN","https://www.unsw.edu.au/study/undergraduate/bachelor-of-science","2026-10-07T04:00:44.349Z"
"programme_f1d0f2a04346e3ab","unsw-sydney","international","Indicative full fee to complete degree","194000","194000","AUD","$194,000*","UNKNOWN","https://www.unsw.edu.au/study/undergraduate/bachelor-of-science","2026-10-07T04:00:44.349Z"
"programme_f1d0f2a04346e3ab","unsw-sydney","domestic","Indicative first year full fee","9500","9500","AUD","$9,500*","UNKNOWN","https://www.unsw.edu.au/study/undergraduate/bachelor-of-science","2026-10-07T04:00:44.349Z"
"programme_f1d0f2a04346e3ab","unsw-sydney","domestic","Indicative full fee to complete degree","30500","30500","AUD","$30,500*","UNKNOWN","https://www.unsw.edu.au/study/undergraduate/bachelor-of-science","2026-10-07T04:00:44.349Z"
"programme_ee25141f465cb8e5","unsw-sydney","international","Indicative first year full fee","61500","61500","AUD","$61,500*","UNKNOWN","https://www.unsw.edu.au/study/undergraduate/bachelor-of-advanced-science-honours","2026-10-07T04:00:54.359Z"
"programme_ee25141f465cb8e5","unsw-sydney","international","Indicative full fee to complete degree","268500","268500","AUD","$268,500*","UNKNOWN","https://www.unsw.edu.au/study/undergraduate/bachelor-of-advanced-science-honours","2026-10-07T04:00:54.359Z"
"programme_ee25141f465cb8e5","unsw-sydney","domestic","Indicative first year full fee","9500","9500","AUD","$9,500*","UNKNOWN","https://www.unsw.edu.au/study/undergraduate/bachelor-of-advanced-science-honours","2026-10-07T04:00:54.359Z"
"programme_ee25141f465cb8e5","unsw-sydney","domestic","Indicative full fee to complete degree","40500","40500","AUD","$40,500*","UNKNOWN","https://www.unsw.edu.au/study/undergraduate/bachelor-of-advanced-science-honours","2026-10-07T04:00:54.359Z"
"programme_0eb33c542b714387","unsw-sydney","international","Indicative first year full fee","63000","63000","AUD","$63,000*","UNKNOWN","https://www.unsw.edu.au/study/undergraduate/bachelor-of-science-honours","2026-10-07T04:01:14.424Z"
"programme_0eb33c542b714387","unsw-sydney","international","Indicative full fee to complete degree","64000","64000","AUD","$64,000*","UNKNOWN","https://www.unsw.edu.au/study/undergraduate/bachelor-of-science-honours","2026-10-07T04:01:14.424Z"
"programme_0eb33c542b714387","unsw-sydney","domestic","Indicative first year full fee","9500","9500","AUD","$9,500*","UNKNOWN","https://www.unsw.edu.au/study/undergraduate/bachelor-of-science-honours","2026-10-07T04:01:14.424Z"
"programme_0eb33c542b714387","unsw-sydney","domestic","Indicative full fee to complete degree","9500","9500","AUD","$9,500*","UNKNOWN","https://www.unsw.edu.au/study/undergraduate/bachelor-of-science-honours","2026-10-07T04:01:14.424Z"
"programme_d121d47a74fbdee0","unsw-sydney","international","Indicative first year full fee","62500","62500","AUD","$62,500*","UNKNOWN","https://www.unsw.edu.au/study/undergraduate/bachelor-of-psychological-science-honours","2026-10-07T04:01:24.391Z"
"programme_d121d47a74fbdee0","unsw-sydney","international","Indicative full fee to complete degree","63500","63500","AUD","$63,500*","UNKNOWN","https://www.unsw.edu.au/study/undergraduate/bachelor-of-psychological-science-honours","2026-10-07T04:01:24.391Z"
"programme_d121d47a74fbdee0","unsw-sydney","domestic","Indicative first year full fee","9500","9500","AUD","$9,500*","UNKNOWN","https://www.unsw.edu.au/study/undergraduate/bachelor-of-psychological-science-honours","2026-10-07T04:01:24.391Z"
"programme_d121d47a74fbdee0","unsw-sydney","domestic","Indicative full fee to complete degree","9500","9500","AUD","$9,500*","UNKNOWN","https://www.unsw.edu.au/study/undergraduate/bachelor-of-psychological-science-honours","2026-10-07T04:01:24.391Z"
