"region","selection_rank","source_key","name_en","crawl_status","warnings","official_website","third_party_sources"
"英国","1","imperial-college-london","Imperial College London","SUCCESS","","https://www.imperial.ac.uk",""
"英国","2","university-of-oxford","University of Oxford","THIRD_PARTY_ENRICHED","https://www.ox.ac.uk/：无法确认 robots.txt（HTTP 403），本来源停止抓取","https://www.ox.ac.uk","https://www.wikidata.org/wiki/Q34433 | https://en.wikipedia.org/wiki/University_of_Oxford"
"英国","3","university-of-cambridge","University of Cambridge","SUCCESS","","https://www.cam.ac.uk",""
"英国","4","university-college-london","UCL","THIRD_PARTY_ENRICHED","https://www.ucl.ac.uk/：无法确认 robots.txt（HTTP 403），本来源停止抓取","https://www.ucl.ac.uk","https://www.wikidata.org/wiki/Q193196 | https://en.wikipedia.org/wiki/University_College_London"
"英国","5","university-of-edinburgh","The University of Edinburgh","SUCCESS","","https://www.ed.ac.uk",""
"英国","6","kings-college-london","King’s College London","SUCCESS","","https://www.kcl.ac.uk",""
"英国","7","university-of-manchester","The University of Manchester","SUCCESS","","https://www.manchester.ac.uk",""
"英国","8","university-of-bristol","University of Bristol","THIRD_PARTY_ENRICHED","https://www.bristol.ac.uk/：无法确认 robots.txt（HTTP 403），本来源停止抓取","https://www.bristol.ac.uk","https://www.wikidata.org/wiki/Q459506 | https://en.wikipedia.org/wiki/University_of_Bristol"
"英国","9","london-school-of-economics","The London School of Economics and Political Science","SUCCESS","","https://www.lse.ac.uk",""
"英国","10","university-of-warwick","University of Warwick","SUCCESS","","https://warwick.ac.uk",""
"英国","11","university-of-birmingham","University of Birmingham","SUCCESS","","https://www.birmingham.ac.uk",""
"英国","12","university-of-glasgow","University of Glasgow","SUCCESS","","https://www.gla.ac.uk",""
"英国","13","university-of-southampton","University of Southampton","SUCCESS","","https://www.southampton.ac.uk",""
"英国","14","university-of-leeds","University of Leeds","SUCCESS","","https://www.leeds.ac.uk",""
"英国","15","university-of-sheffield","The University of Sheffield","SUCCESS","","https://sheffield.ac.uk",""
"英国","16","durham-university","Durham University","THIRD_PARTY_ENRICHED","https://www.durham.ac.uk/：无法确认 robots.txt（HTTP 403），本来源停止抓取","https://www.durham.ac.uk","https://www.wikidata.org/wiki/Q458393 | https://en.wikipedia.org/wiki/Durham_University"
"英国","17","university-of-nottingham","University of Nottingham","SUCCESS","","https://www.nottingham.ac.uk",""
"英国","18","university-of-st-andrews","University of St Andrews","SUCCESS","","https://www.st-andrews.ac.uk",""
"英国","19","queen-mary-university-of-london","Queen Mary University of London","THIRD_PARTY_ENRICHED","https://www.qmul.ac.uk/：无法确认 robots.txt（HTTP 403），本来源停止抓取","https://www.qmul.ac.uk","https://www.wikidata.org/wiki/Q195668 | https://en.wikipedia.org/wiki/Queen_Mary_University_of_London"
"英国","20","university-of-bath","University of Bath","SUCCESS","","https://www.bath.ac.uk",""
"美国","1","massachusetts-institute-of-technology","Massachusetts Institute of Technology","SUCCESS","","https://www.mit.edu",""
"美国","2","stanford-university","Stanford University","SUCCESS","","https://www.stanford.edu",""
"美国","3","harvard-university","Harvard University","SUCCESS","","https://www.harvard.edu",""
"美国","4","california-institute-of-technology","California Institute of Technology","SUCCESS","","https://www.caltech.edu",""
"美国","5","university-of-pennsylvania","University of Pennsylvania","SUCCESS","","https://www.upenn.edu",""
"美国","6","cornell-university","Cornell University","SUCCESS","","https://www.cornell.edu",""
"美国","7","yale-university","Yale University","SUCCESS","","https://www.yale.edu",""
"美国","8","johns-hopkins-university","Johns Hopkins University","THIRD_PARTY_ENRICHED","https://www.jhu.edu/：无法确认 robots.txt（HTTP 403），本来源停止抓取","https://www.jhu.edu","https://www.wikidata.org/wiki/Q193727 | https://en.wikipedia.org/wiki/Johns_Hopkins_University"
"美国","9","university-of-california-berkeley","University of California, Berkeley","SUCCESS","","https://www.berkeley.edu",""
"美国","10","university-of-chicago","University of Chicago","SUCCESS","","https://www.uchicago.edu",""
"美国","11","princeton-university","Princeton University","THIRD_PARTY_ENRICHED","HTTP 403：https://www.princeton.edu/","https://www.princeton.edu","https://www.wikidata.org/wiki/Q21578 | https://en.wikipedia.org/wiki/Princeton_University"
"美国","12","columbia-university","Columbia University","THIRD_PARTY_ENRICHED","HTTP 403：https://www.columbia.edu/","https://www.columbia.edu","https://www.wikidata.org/wiki/Q49088 | https://en.wikipedia.org/wiki/Columbia_University"
"美国","13","northwestern-university","Northwestern University","SUCCESS","","https://www.northwestern.edu",""
"美国","14","university-of-california-los-angeles","University of California, Los Angeles","SUCCESS","","https://www.ucla.edu",""
"美国","15","university-of-michigan-ann-arbor","University of Michigan-Ann Arbor","THIRD_PARTY_ENRICHED","HTTP 403：https://umich.edu/","https://umich.edu","https://www.wikidata.org/wiki/Q230492 | https://en.wikipedia.org/wiki/University_of_Michigan"
"美国","16","carnegie-mellon-university","Carnegie Mellon University","SUCCESS","","https://www.cmu.edu",""
"美国","17","new-york-university","New York University","SUCCESS","","https://www.nyu.edu",""
"美国","18","brown-university","Brown University","SUCCESS","","https://www.brown.edu",""
"美国","19","duke-university","Duke University","SUCCESS","","https://www.duke.edu",""
"美国","20","university-of-texas-at-austin","The University of Texas at Austin","SUCCESS","","https://www.utexas.edu",""
"澳大利亚","1","unsw-sydney","UNSW Sydney","SUCCESS","","https://www.unsw.edu.au",""
"澳大利亚","2","university-of-melbourne","The University of Melbourne","THIRD_PARTY_ENRICHED","https://www.unimelb.edu.au/：无法确认 robots.txt（HTTP 403），本来源停止抓取","https://www.unimelb.edu.au","https://www.wikidata.org/wiki/Q319078 | https://en.wikipedia.org/wiki/University_of_Melbourne"
"澳大利亚","3","university-of-sydney","The University of Sydney","SUCCESS","","https://www.sydney.edu.au",""
"澳大利亚","4","australian-national-university","The Australian National University","SUCCESS","","https://www.anu.edu.au",""
"澳大利亚","5","monash-university","Monash University","THIRD_PARTY_ENRICHED","https://www.monash.edu/：无法确认 robots.txt（HTTP 403），本来源停止抓取","https://www.monash.edu","https://www.wikidata.org/wiki/Q598841 | https://en.wikipedia.org/wiki/Monash_University"
"澳大利亚","6","university-of-queensland","The University of Queensland","SUCCESS","","https://www.uq.edu.au",""
"澳大利亚","7","university-of-western-australia","The University of Western Australia","SUCCESS","","https://www.uwa.edu.au",""
"澳大利亚","8","adelaide-university","Adelaide University","SUCCESS","","https://adelaide.edu.au",""
"澳大利亚","9","university-of-technology-sydney","University of Technology Sydney","SUCCESS","","https://www.uts.edu.au",""
"澳大利亚","10","rmit-university","RMIT University","SUCCESS","","https://www.rmit.edu.au",""
"澳大利亚","11","macquarie-university","Macquarie University","THIRD_PARTY_ENRICHED","https://www.mq.edu.au/：无法确认 robots.txt（HTTP 403），本来源停止抓取","https://www.mq.edu.au","https://www.wikidata.org/wiki/Q741082 | https://en.wikipedia.org/wiki/Macquarie_University"
"澳大利亚","12","curtin-university","Curtin University","SUCCESS","","https://www.curtin.edu.au",""
"澳大利亚","13","university-of-wollongong","University of Wollongong","SUCCESS","","https://www.uow.edu.au",""
"澳大利亚","14","deakin-university","Deakin University","THIRD_PARTY_ENRICHED","https://www.deakin.edu.au/：无法确认 robots.txt（HTTP 403），本来源停止抓取","https://www.deakin.edu.au","https://www.wikidata.org/wiki/Q1180978 | https://en.wikipedia.org/wiki/Deakin_University"
"澳大利亚","15","griffith-university","Griffith University","THIRD_PARTY_ENRICHED","https://www.griffith.edu.au/：无法确认 robots.txt（HTTP 403），本来源停止抓取","https://www.griffith.edu.au","https://www.wikidata.org/wiki/Q1202292 | https://en.wikipedia.org/wiki/Griffith_University"
"澳大利亚","16","queensland-university-of-technology","Queensland University of Technology","THIRD_PARTY_ENRICHED","https://www.qut.edu.au/：无法确认 robots.txt（HTTP 403），本来源停止抓取","https://www.qut.edu.au","https://www.wikidata.org/wiki/Q1144750 | https://en.wikipedia.org/wiki/Queensland_University_of_Technology"
"澳大利亚","17","la-trobe-university","La Trobe University","THIRD_PARTY_ENRICHED","https://www.latrobe.edu.au/：无法确认 robots.txt（HTTP 403），本来源停止抓取","https://www.latrobe.edu.au","https://www.wikidata.org/wiki/Q1478723 | https://en.wikipedia.org/wiki/La_Trobe_University"
"澳大利亚","18","university-of-newcastle","The University of Newcastle","THIRD_PARTY_ENRICHED","https://www.newcastle.edu.au/：无法确认 robots.txt（HTTP 403），本来源停止抓取","https://www.newcastle.edu.au","https://www.wikidata.org/wiki/Q531285 | https://en.wikipedia.org/wiki/University_of_Newcastle_(Australia)"
"澳大利亚","19","swinburne-university-of-technology","Swinburne University of Technology","SUCCESS","","https://www.swinburne.edu.au",""
"澳大利亚","20","university-of-tasmania","University of Tasmania","THIRD_PARTY_ENRICHED","https://www.utas.edu.au/：无法确认 robots.txt（HTTP 403），本来源停止抓取","https://www.utas.edu.au","https://www.wikidata.org/wiki/Q962011 | https://en.wikipedia.org/wiki/University_of_Tasmania"
"新加坡","1","national-university-of-singapore","National University of Singapore","THIRD_PARTY_ENRICHED","https://www.nus.edu.sg/：无法确认 robots.txt（HTTP 406），本来源停止抓取","https://www.nus.edu.sg","https://www.wikidata.org/wiki/Q738236 | https://en.wikipedia.org/wiki/National_University_of_Singapore"
"新加坡","2","nanyang-technological-university","Nanyang Technological University, Singapore","SUCCESS","","https://www.ntu.edu.sg",""
"新加坡","3","singapore-university-of-technology-and-design","Singapore University of Technology and Design","SUCCESS","","https://www.sutd.edu.sg",""
"新加坡","4","singapore-management-university","Singapore Management University","SUCCESS","","https://www.smu.edu.sg",""
"新加坡","5","singapore-institute-of-technology","Singapore Institute of Technology","SUCCESS","","https://www.singaporetech.edu.sg",""
"新加坡","6","singapore-university-of-social-sciences","Singapore University of Social Sciences","THIRD_PARTY_ENRICHED","https://www.suss.edu.sg/：无法确认 robots.txt（HTTP 403），本来源停止抓取","https://www.suss.edu.sg","https://www.wikidata.org/wiki/Q494179 | https://en.wikipedia.org/wiki/Singapore_University_of_Social_Sciences"
"新加坡","7","university-of-the-arts-singapore","University of the Arts Singapore","SUCCESS","","https://uas.edu.sg",""
"新加坡","8","insead-asia-campus","INSEAD Asia Campus","THIRD_PARTY_ENRICHED","https://www.insead.edu/about-insead/asia-campus：无法确认 robots.txt（HTTP 403），本来源停止抓取","https://www.insead.edu","https://www.wikidata.org/wiki/Q1136829 | https://en.wikipedia.org/wiki/INSEAD"
"新加坡","9","essec-asia-pacific","ESSEC Asia-Pacific","THIRD_PARTY_ENRICHED","HTTP 404：https://www.essec.edu/en/pages/asia-pacific/","https://www.essec.edu","https://www.wikidata.org/wiki/Q273642 | https://en.wikipedia.org/wiki/ESSEC_Business_School"
"新加坡","10","tum-asia","Technical University of Munich","SUCCESS","","https://tum-asia.edu.sg",""
"新加坡","11","sp-jain-singapore","SP Jain School of Global Management Singapore","SUCCESS","","https://www.spjain.sg",""
"新加坡","12","digipen-singapore","DigiPen Institute of Technology Singapore","SUCCESS","","https://www.digipen.edu.sg",""
"新加坡","13","sorbonne-assas-asia","Sorbonne-Assas International Law School – Asia","THIRD_PARTY_ENRICHED","HTTP 404：https://www.assas-international.com/en/campuses/singapore","https://www.assas-international.com","https://www.wikidata.org/wiki/Q662976 | https://en.wikipedia.org/wiki/Paris-Panth%C3%A9on-Assas_University"
"新加坡","14","ehl-campus-singapore","EHL Campus Singapore","THIRD_PARTY_ENRICHED","HTTP 404：https://www.ehl.edu/en/campuses/singapore-campus","https://www.ehl.edu","https://www.wikidata.org/wiki/Q273551 | https://en.wikipedia.org/wiki/%C3%89cole_h%C3%B4teli%C3%A8re_de_Lausanne"
"新加坡","15","duke-nus-medical-school","Duke-NUS Medical School","SUCCESS","","https://www.duke-nus.edu.sg",""
"新加坡","16","james-cook-university-singapore","James Cook University Singapore","THIRD_PARTY_ENRICHED","https://www.jcu.edu.sg/：无法确认 robots.txt（HTTP 403），本来源停止抓取","https://www.jcu.edu.sg","https://www.wikidata.org/wiki/Q720304 | https://en.wikipedia.org/wiki/James_Cook_University_Singapore"
"新加坡","17","curtin-singapore","Curtin Singapore","SUCCESS","","https://www.curtin.edu.sg",""
"新加坡","18","sim-global-education","Singapore Institute of Management","SUCCESS","","https://www.sim.edu.sg",""
"新加坡","19","kaplan-singapore","Kaplan Singapore","SUCCESS","","https://www.kaplan.com.sg",""
"新加坡","20","psb-academy","PSB Academy Singapore","SUCCESS","","https://www.psb-academy.edu.sg",""
