"region","selection_rank","source_key","name_en","name_zh","country","city","institution_type_raw","official_website","description_en","ranking_authority","ranking_year","ranking_url","crawl_status","source_checked_at","logo_urls","crest_urls","image_urls","warnings"
"英国","1","imperial-college-london","Imperial College London","帝国理工学院","United Kingdom","London","","https://www.imperial.ac.uk","","QS World University Rankings","2027","https://www.topuniversities.com/university-rankings-articles/world-university-rankings/top-universities-uk","SUCCESS","2026-10-05T06:59:42.028Z","","","https://www.imperial.ac.uk/T4Assets/favicon-196x196.png",""
"英国","2","university-of-oxford","University of Oxford","牛津大学","United Kingdom","Oxford","","https://www.ox.ac.uk","The University of Oxford is a collegiate research university in Oxford, England. There is evidence of teaching as early as 1096, making it the oldest university in the English-speaking world and the world’s second-oldest university in continuous operation. It grew rapidly from 1167, when Henry II prohibited English students from attending the University of Paris. After escalating conflict between students and the Oxford townspeople, some Oxford academics fled northeast to Cambridge, where they established the University of Cambridge in 1209. The two universities share many common features and are jointly referred to as Oxbridge.","QS World University Rankings","2027","https://www.topuniversities.com/university-rankings-articles/world-university-rankings/top-universities-uk","THIRD_PARTY_ENRICHED","","https://commons.wikimedia.org/wiki/Special:Redirect/file/University%20of%20Oxford.svg","https://commons.wikimedia.org/wiki/Special:Redirect/file/Arms%20of%20University%20of%20Oxford.svg","https://thumb.wikimedia.org/wikipedia/commons/thumb/e/e4/Arms_of_University_of_Oxford.svg/500px-Arms_of_University_of_Oxford.svg.png?utm_source=en.wikipedia.org&utm_campaign=api&utm_content=thumbnail | https://commons.wikimedia.org/wiki/Special:Redirect/file/1%20oxford%20aerial%20panorama%202016.jpg","https://www.ox.ac.uk/：无法确认 robots.txt（HTTP 403），本来源停止抓取"
"英国","3","university-of-cambridge","University of Cambridge","剑桥大学","United Kingdom","Cambridge","","https://www.cam.ac.uk","The University of Cambridge is one of the world’s leading universities, with a rich history of radical thinking dating back to 1209.","QS World University Rankings","2027","https://www.topuniversities.com/university-rankings-articles/world-university-rankings/top-universities-uk","SUCCESS","2026-10-05T06:59:48.842Z","","","https://www.cam.ac.uk/sites/default/files/about-the-university/senate-house-5717258098-0cb6542b9b-b.jpg",""
"英国","4","university-college-london","UCL","伦敦大学学院（UCL）","United Kingdom","London","","https://www.ucl.ac.uk","University College London, which operates as UCL, is a public research university in London, England. It is a member institution of the federal University of London, and is the second-largest university in the United Kingdom by total enrolment and the largest by postgraduate enrolment.","QS World University Rankings","2027","https://www.topuniversities.com/university-rankings-articles/world-university-rankings/top-universities-uk","THIRD_PARTY_ENRICHED","","https://commons.wikimedia.org/wiki/Special:Redirect/file/UCL%20Crest.svg","","https://commons.wikimedia.org/wiki/Special:Redirect/file/Wilkins%20Building%201%2C%20UCL%2C%20London%20-%20Diliff.jpg","https://www.ucl.ac.uk/：无法确认 robots.txt（HTTP 403），本来源停止抓取"
"英国","5","university-of-edinburgh","The University of Edinburgh","爱丁堡大学","United Kingdom","Edinburgh","","https://www.ed.ac.uk","","QS World University Rankings","2027","https://www.topuniversities.com/university-rankings-articles/world-university-rankings/top-universities-uk","SUCCESS","2026-10-05T06:59:55.612Z","","","https://www.ed.ac.uk/themes/upstream/wpp_theme/images/uoe-logo-centred-black.png",""
"英国","6","kings-college-london","King’s College London","伦敦国王学院","United Kingdom","London","","https://www.kcl.ac.uk","","QS World University Rankings","2027","https://www.topuniversities.com/university-rankings-articles/world-university-rankings/top-universities-uk","SUCCESS","2026-10-05T06:59:57.322Z","https://kcl.ac.uk/SiteElements/2017/images/kcl-logo.jpg","","",""
"英国","7","university-of-manchester","The University of Manchester","曼彻斯特大学","United Kingdom","Manchester","","https://www.manchester.ac.uk","","QS World University Rankings","2027","https://www.topuniversities.com/university-rankings-articles/world-university-rankings/top-universities-uk","SUCCESS","2026-10-05T06:59:58.295Z","","","https://www.manchester.ac.uk/Museum-1200x630.jpg",""
"英国","8","university-of-bristol","University of Bristol","布里斯托大学","United Kingdom","Bristol","","https://www.bristol.ac.uk","The University of Bristol is a public research university in Bristol, England. It received its royal charter in 1909, although it can trace its roots to University College, Bristol, established in 1876. Bristol Medical School, founded in 1833, was merged with the university college in 1893, and later became the university's school of medicine.","QS World University Rankings","2027","https://www.topuniversities.com/university-rankings-articles/world-university-rankings/top-universities-uk","THIRD_PARTY_ENRICHED","","","https://commons.wikimedia.org/wiki/Special:Redirect/file/University%20of%20Bristol%20shield.svg","https://thumb.wikimedia.org/wikipedia/commons/thumb/d/d1/Shield_of_the_University_of_Bristol.svg/3840px-Shield_of_the_University_of_Bristol.svg.png?utm_source=en.wikipedia.org&utm_campaign=api&utm_content=thumbnail | https://commons.wikimedia.org/wiki/Special:Redirect/file/University%20of%20Bristol.jpg","https://www.bristol.ac.uk/：无法确认 robots.txt（HTTP 403），本来源停止抓取"
"英国","9","london-school-of-economics","The London School of Economics and Political Science","伦敦政治经济学院（LSE）","United Kingdom","London","","https://www.lse.ac.uk","","QS World University Rankings","2027","https://www.topuniversities.com/university-rankings-articles/world-university-rankings/top-universities-uk","SUCCESS","2026-10-05T07:00:08.465Z","","","https://www.lse.ac.uk/all-images/london-westminster-june-24-0012.x26beb190.jpg",""
"英国","10","university-of-warwick","University of Warwick","华威大学","GB","Coventry","","https://warwick.ac.uk","A leading UK university offering undergraduate and postgraduate programmes across arts, sciences, engineering and social sciences.","QS World University Rankings","2027","https://www.topuniversities.com/university-rankings-articles/world-university-rankings/top-universities-uk","SUCCESS","2026-10-05T07:00:09.451Z","https://warwick.ac.uk/static_war/render/id7/images/wordmark.svg.136055278947","","https://warwick.ac.uk/250188_og-image_creation_-_lavender.jpg",""
"英国","11","university-of-birmingham","University of Birmingham","伯明翰大学","United Kingdom","Birmingham","","https://www.birmingham.ac.uk","","QS World University Rankings","2027","https://www.topuniversities.com/world-university-rankings","SUCCESS","2026-10-05T07:00:11.116Z","","","https://www.birmingham.ac.uk/media-library/study/campus-aston-webb.x3eed4ed1.jpg?w=1200&h=630&q=80&fit=crop",""
"英国","12","university-of-glasgow","University of Glasgow","格拉斯哥大学","United Kingdom","Glasgow","","https://www.gla.ac.uk","","QS World University Rankings","2027","https://www.topuniversities.com/world-university-rankings","SUCCESS","2026-10-05T07:00:12.384Z","","","",""
"英国","13","university-of-southampton","University of Southampton","南安普顿大学","United Kingdom","Southampton","","https://www.southampton.ac.uk","","QS World University Rankings","2027","https://www.topuniversities.com/world-university-rankings","SUCCESS","2026-10-05T07:00:14.508Z","","","",""
"英国","14","university-of-leeds","University of Leeds","利兹大学","United Kingdom","Leeds","","https://www.leeds.ac.uk","","QS World University Rankings","2027","https://www.topuniversities.com/world-university-rankings","SUCCESS","2026-10-05T07:00:16.341Z","","","",""
"英国","15","university-of-sheffield","The University of Sheffield","谢菲尔德大学","United Kingdom","Sheffield","","https://sheffield.ac.uk","","QS World University Rankings","2027","https://www.topuniversities.com/world-university-rankings","SUCCESS","2026-10-05T07:00:17.726Z","","","https://sheffield.ac.uk/sites/default/files/styles/two_thirds_2x/public/2026-03/Cover_v03_large%20%281%29.jpg?h=647c1a54&itok=KoMY2ZRi",""
"英国","16","durham-university","Durham University","杜伦大学","United Kingdom","Durham","","https://www.durham.ac.uk","The University of Durham, which operates under the trading name of Durham University, is a collegiate public research university in Durham, England, founded by an Act of Parliament in 1832 and incorporated by royal charter in 1837. It was the first recognised university to open in England for more than 600 years, after Oxford and Cambridge, and is thus identified by historians as the third-oldest university in England. As a collegiate university, its main functions are divided between the academic departments of the university and its 17 colleges. In general, the departments perform research and provide teaching to students, while the colleges are responsible for their domestic arrangements and welfare.","QS World University Rankings","2027","https://www.topuniversities.com/world-university-rankings","THIRD_PARTY_ENRICHED","","","https://commons.wikimedia.org/wiki/Special:Redirect/file/University%20of%20Durham%20arms.svg","https://thumb.wikimedia.org/wikipedia/commons/thumb/7/71/University_of_Durham_arms.svg/3840px-University_of_Durham_arms.svg.png?utm_source=en.wikipedia.org&utm_campaign=api&utm_content=thumbnail | https://commons.wikimedia.org/wiki/Special:Redirect/file/Durham%20-%20Castle%20-%2002.jpg","https://www.durham.ac.uk/：无法确认 robots.txt（HTTP 403），本来源停止抓取"
"英国","17","university-of-nottingham","University of Nottingham","诺丁汉大学","United Kingdom","Nottingham","","https://www.nottingham.ac.uk","","QS World University Rankings","2027","https://www.topuniversities.com/world-university-rankings","SUCCESS","2026-10-05T07:00:25.864Z","","","",""
"英国","18","university-of-st-andrews","University of St Andrews","圣安德鲁斯大学","United Kingdom","St Andrews","","https://www.st-andrews.ac.uk","","QS World University Rankings","2027","https://www.topuniversities.com/world-university-rankings","SUCCESS","2026-10-05T07:00:26.939Z","https://www.st-andrews.ac.uk/php/meta/university-of-st-andrews-logo.png","","",""
"英国","19","queen-mary-university-of-london","Queen Mary University of London","伦敦玛丽女王大学","United Kingdom","London","","https://www.qmul.ac.uk","Queen Mary University of London is a public research university in Mile End, East London, England. It is a member institution of the federal University of London. Queen Mary is a member of the Russell Group of research-intensive British universities, the Association of Commonwealth Universities and Universities UK.","QS World University Rankings","2027","https://www.topuniversities.com/world-university-rankings","THIRD_PARTY_ENRICHED","","https://commons.wikimedia.org/wiki/Special:Redirect/file/Queen%20Mary%20University%20of%20London%20coat%20of%20arms.svg","","https://upload.wikimedia.org/wikipedia/en/1/17/Arms_of_Queen_Mary_University_of_London.png?utm_source=en.wikipedia.org&utm_campaign=api&utm_content=thumbnail_unscaled | https://commons.wikimedia.org/wiki/Special:Redirect/file/Queens'%20Building%20(2899476115).jpg","https://www.qmul.ac.uk/：无法确认 robots.txt（HTTP 403），本来源停止抓取"
"英国","20","university-of-bath","University of Bath","巴斯大学","United Kingdom","Bath","","https://www.bath.ac.uk","","QS World University Rankings","2027","https://www.topuniversities.com/world-university-rankings","SUCCESS","2026-10-05T07:00:35.028Z","","","",""
"美国","1","massachusetts-institute-of-technology","Massachusetts Institute of Technology","麻省理工学院（MIT）","United States","Cambridge, Massachusetts","","https://www.mit.edu","","QS World University Rankings","2027","https://www.topuniversities.com/where-to-study/north-america/united-states/ranked-top-100-us-universities","SUCCESS","2026-10-05T06:59:41.783Z","","","",""
"美国","2","stanford-university","Stanford University","斯坦福大学","United States","Stanford, California","","https://www.stanford.edu","","QS World University Rankings","2027","https://www.topuniversities.com/where-to-study/north-america/united-states/ranked-top-100-us-universities","SUCCESS","2026-10-05T06:59:41.948Z","","","https://a-us.storyblok.com/f/1023936/1500x1000/edd739951b/20260613_commencement_n6a1207-1.jpg/m/1200x630/smart/filters:quality(60)",""
"美国","3","harvard-university","Harvard University","哈佛大学","United States","Cambridge, Massachusetts","","https://www.harvard.edu","","QS World University Rankings","2027","https://www.topuniversities.com/where-to-study/north-america/united-states/ranked-top-100-us-universities","SUCCESS","2026-10-05T06:59:42.047Z","","","https://www.harvard.edu/wp-content/uploads/2021/03/100408_Yard_045-1200x630.jpg",""
"美国","4","california-institute-of-technology","California Institute of Technology","加州理工学院（Caltech）","United States","Pasadena, California","","https://www.caltech.edu","","QS World University Rankings","2027","https://www.topuniversities.com/where-to-study/north-america/united-states/ranked-top-100-us-universities","SUCCESS","2026-10-05T06:59:42.819Z","","","https://main.oscweb.caltech.edu/static/core/img/caltech-logo-400x400.png",""
"美国","5","university-of-pennsylvania","University of Pennsylvania","宾夕法尼亚大学","United States","Philadelphia, Pennsylvania","","https://www.upenn.edu","","QS World University Rankings","2027","https://www.topuniversities.com/where-to-study/north-america/united-states/ranked-top-100-us-universities","SUCCESS","2026-10-05T06:59:43.148Z","","","https://www.upenn.edu/themes/custom/penn_global/assets/img/penn-graphic.jpg",""
"美国","6","cornell-university","Cornell University","康奈尔大学","United States","Ithaca, New York","","https://www.cornell.edu","","QS World University Rankings","2027","https://www.topuniversities.com/where-to-study/north-america/united-states/ranked-top-100-us-universities","SUCCESS","2026-10-05T06:59:44.200Z","","","",""
"美国","7","yale-university","Yale University","耶鲁大学","United States","New Haven, Connecticut","","https://www.yale.edu","","QS World University Rankings","2027","https://www.topuniversities.com/where-to-study/north-america/united-states/ranked-top-100-us-universities","SUCCESS","2026-10-05T06:59:44.513Z","","","",""
"美国","8","johns-hopkins-university","Johns Hopkins University","约翰斯·霍普金斯大学","United States","Baltimore, Maryland","","https://www.jhu.edu","Johns Hopkins University (JHU), often abbreviated as Hopkins, is a private research university in Baltimore, Maryland, United States. Incorporated in 1867 and opened in 1876 based on the European research institution model, Johns Hopkins is considered to be the first research university in the U.S.","QS World University Rankings","2027","https://www.topuniversities.com/where-to-study/north-america/united-states/ranked-top-100-us-universities","THIRD_PARTY_ENRICHED","","https://commons.wikimedia.org/wiki/Special:Redirect/file/Johns%20Hopkins%20University%20logo.png","","https://thumb.wikimedia.org/wikipedia/en/thumb/0/09/Johns_Hopkins_University%27s_Academic_Seal.svg/250px-Johns_Hopkins_University%27s_Academic_Seal.svg.png?utm_source=en.wikipedia.org&utm_campaign=api&utm_content=thumbnail | https://commons.wikimedia.org/wiki/Special:Redirect/file/Johns%20Hopkins'%20Historic%20Dome%20-%20panoramio.jpg","https://www.jhu.edu/：无法确认 robots.txt（HTTP 403），本来源停止抓取"
"美国","9","university-of-california-berkeley","University of California, Berkeley","加州大学伯克利分校（UC Berkeley）","United States","Berkeley, California","","https://www.berkeley.edu","","QS World University Rankings","2027","https://www.topuniversities.com/where-to-study/north-america/united-states/ranked-top-100-us-universities","SUCCESS","2026-10-05T06:59:51.455Z","","","",""
"美国","10","university-of-chicago","University of Chicago","芝加哥大学","United States","Chicago, Illinois","","https://www.uchicago.edu","","QS World University Rankings","2027","https://www.topuniversities.com/where-to-study/north-america/united-states/ranked-top-100-us-universities","SUCCESS","2026-10-05T06:59:53.143Z","","","https://www.uchicago.edu/-/media/images/logo-background/campus_aerial_2-min.png?h=627&iar=0&w=1200&hash=4B634222CA6B6F6F5AD375708EC6AA65",""
"美国","11","princeton-university","Princeton University","普林斯顿大学","United States","Princeton, New Jersey","","https://www.princeton.edu","Princeton University is a private Ivy League research university in Princeton, New Jersey, United States. Founded in 1746 in Elizabeth as the College of New Jersey, Princeton is the fourth-oldest institution of higher education in the United States and one of the nine colonial colleges chartered before the American Revolution. The institution moved to Newark in 1747 and then to its Mercer County campus in Princeton nine years later. It officially became a university in 1896 and was subsequently renamed Princeton University.","QS World University Rankings","2027","https://www.topuniversities.com/where-to-study/north-america/united-states/ranked-top-100-us-universities","THIRD_PARTY_ENRICHED","","https://commons.wikimedia.org/wiki/Special:Redirect/file/Princeton%20text%20logo.svg","","https://thumb.wikimedia.org/wikipedia/commons/thumb/d/d0/Princeton_seal.svg/330px-Princeton_seal.svg.png?utm_source=en.wikipedia.org&utm_campaign=api&utm_content=thumbnail | https://commons.wikimedia.org/wiki/Special:Redirect/file/ClevelandTowerWatercolor20060829.jpg","HTTP 403：https://www.princeton.edu/"
"美国","12","columbia-university","Columbia University","哥伦比亚大学","United States","New York City, New York","","https://www.columbia.edu","Columbia University in the City of New York, commonly referred to as Columbia University, is a private Ivy League research university in New York City, United States. Established in 1754 as King's College by royal charter under George II of Great Britain on the grounds of Trinity Church in Manhattan, it is the oldest institution of higher education in New York and the fifth-oldest in the United States.","QS World University Rankings","2027","https://www.topuniversities.com/where-to-study/north-america/united-states/ranked-top-100-us-universities","THIRD_PARTY_ENRICHED","","https://commons.wikimedia.org/wiki/Special:Redirect/file/Coat%20of%20Arms%20of%20Columbia%20University.svg","","https://thumb.wikimedia.org/wikipedia/commons/thumb/3/33/Coat_of_Arms_of_Columbia_University.svg/330px-Coat_of_Arms_of_Columbia_University.svg.png?utm_source=en.wikipedia.org&utm_campaign=api&utm_content=thumbnail | https://commons.wikimedia.org/wiki/Special:Redirect/file/Columbia%20University%20-%20Low%20Memorial%20Library%20(48170370506).jpg","HTTP 403：https://www.columbia.edu/"
"美国","13","northwestern-university","Northwestern University","西北大学","United States","Evanston, Illinois","","https://www.northwestern.edu","","QS World University Rankings","2027","https://www.topuniversities.com/where-to-study/north-america/united-states/ranked-top-100-us-universities","SUCCESS","2026-10-05T07:00:10.498Z","","","https://common.northwestern.edu/v8/images/northwestern-thumbnail.jpg",""
"美国","14","university-of-california-los-angeles","University of California, Los Angeles","加州大学洛杉矶分校（UCLA）","United States","Los Angeles, California","","https://www.ucla.edu","","QS World University Rankings","2027","https://www.topuniversities.com/where-to-study/north-america/united-states/ranked-top-100-us-universities","SUCCESS","2026-10-05T07:00:11.716Z","","","",""
"美国","15","university-of-michigan-ann-arbor","University of Michigan-Ann Arbor","密歇根大学安娜堡分校","United States","Ann Arbor, Michigan","","https://umich.edu","The University of Michigan is a public research university in Ann Arbor, Michigan, United States. It was founded in 1817 and is the oldest institution of higher education in the state. It is also one of the earliest American research universities and is a founding member of the Association of American Universities.","QS World University Rankings","2027","https://www.topuniversities.com/where-to-study/north-america/united-states/ranked-top-100-us-universities","THIRD_PARTY_ENRICHED","","https://commons.wikimedia.org/wiki/Special:Redirect/file/University%20of%20Michigan%20logo.svg","","https://thumb.wikimedia.org/wikipedia/commons/thumb/9/93/Seal_of_the_University_of_Michigan.svg/250px-Seal_of_the_University_of_Michigan.svg.png?utm_source=en.wikipedia.org&utm_campaign=api&utm_content=thumbnail | https://commons.wikimedia.org/wiki/Special:Redirect/file/AngellHall2010.JPG","HTTP 403：https://umich.edu/"
"美国","16","carnegie-mellon-university","Carnegie Mellon University","卡内基梅隆大学","United States","Pittsburgh, Pennsylvania","","https://www.cmu.edu","Carnegie Mellon University","QS World University Rankings","2027","https://www.topuniversities.com/where-to-study/north-america/united-states/ranked-top-100-us-universities","SUCCESS","2026-10-05T07:00:20.344Z","https://www.cmu.edu/themes/custom/cmu_base/images/wordmarksquare-red-600x600.png","","",""
"美国","17","new-york-university","New York University","纽约大学（NYU）","United States","New York City, New York","","https://www.nyu.edu","","QS World University Rankings","2027","https://www.topuniversities.com/where-to-study/north-america/united-states/ranked-top-100-us-universities","SUCCESS","2026-10-05T07:00:22.071Z","","","https://www.nyu.edu/jcr:content/cq:featuredimage.coreimg.82.1280.jpeg",""
"美国","18","brown-university","Brown University","布朗大学","United States","Providence, Rhode Island","","https://www.brown.edu","","QS World University Rankings","2027","https://www.topuniversities.com/where-to-study/north-america/united-states/ranked-top-100-us-universities","SUCCESS","2026-10-05T07:00:22.494Z","","","https://www.brown.edu/sites/default/files/2026-01/20211110-ADV-campusphotos-035-1_0.jpg",""
"美国","19","duke-university","Duke University","杜克大学","United States","Durham, North Carolina","","https://www.duke.edu","","QS World University Rankings","2027","https://www.topuniversities.com/where-to-study/north-america/united-states/ranked-top-100-us-universities","SUCCESS","2026-10-05T07:00:25.362Z","https://www.duke.edu/wp-content/uploads/2026/02/duke-logo.png","","https://www.duke.edu/wp-content/uploads/2026/08/america-250-og.jpg",""
"美国","20","university-of-texas-at-austin","The University of Texas at Austin","得克萨斯大学奥斯汀分校","United States","Austin, Texas","","https://www.utexas.edu","","QS World University Rankings","2027","https://www.topuniversities.com/where-to-study/north-america/united-states/ranked-top-100-us-universities","SUCCESS","2026-10-05T07:00:25.955Z","","","https://www.utexas.edu/sites/default/files/2026-07/homepage-parallax-background-image.jpg",""
"澳大利亚","1","unsw-sydney","UNSW Sydney","新南威尔士大学（UNSW Sydney）","Australia","Sydney","","https://www.unsw.edu.au","","QS World University Rankings","2027","https://www.topuniversities.com/where-to-study/oceania/australia/guide","SUCCESS","2026-10-05T06:59:42.826Z","","","https://www.unsw.edu.au/content/dam/images/unsw-wide/general/branding/2026-05-front-door/2026-05-symphony-homepage-yellow-banner.cropimg.width=700.crop=landscape.jpeg",""
"澳大利亚","2","university-of-melbourne","The University of Melbourne","墨尔本大学","Australia","Melbourne","","https://www.unimelb.edu.au","The University of Melbourne is a public research university located in Melbourne, Australia. Founded in 1853, it is Australia's second oldest university and the oldest in the state of Victoria. Its main campus is located in Parkville, an inner suburb north of Melbourne's central business district, with several other campuses located across the state of Victoria.","QS World University Rankings","2027","https://www.topuniversities.com/where-to-study/oceania/australia/guide","THIRD_PARTY_ENRICHED","","","https://commons.wikimedia.org/wiki/Special:Redirect/file/Arms%20of%20the%20University%20of%20Melbourne.svg","https://thumb.wikimedia.org/wikipedia/en/thumb/b/b4/The_University_of_Melbourne_Coat_of_Arms.svg/500px-The_University_of_Melbourne_Coat_of_Arms.svg.png?utm_source=en.wikipedia.org&utm_campaign=api&utm_content=thumbnail | https://commons.wikimedia.org/wiki/Special:Redirect/file/Trinity%20college%20university%20of%20melbourne.jpg","https://www.unimelb.edu.au/：无法确认 robots.txt（HTTP 403），本来源停止抓取"
"澳大利亚","3","university-of-sydney","The University of Sydney","悉尼大学","Australia","Sydney","","https://www.sydney.edu.au","","QS World University Rankings","2027","https://www.topuniversities.com/where-to-study/oceania/australia/guide","SUCCESS","2026-10-05T06:59:49.483Z","https://sydney.edu.au/content/dam/icons/logos/logo-usyd-dark.svg","","https://www.sydney.edu.au/content/dam/homepage-hero-2026/cs6259_cropv2_highres_heromage001.jpg",""
"澳大利亚","4","australian-national-university","The Australian National University","澳大利亚国立大学（ANU）","Australia","Canberra","","https://www.anu.edu.au","","QS World University Rankings","2027","https://www.topuniversities.com/where-to-study/oceania/australia/guide","SUCCESS","2026-10-05T06:59:51.133Z","","","",""
"澳大利亚","5","monash-university","Monash University","蒙纳士大学","Australia","Melbourne","","https://www.monash.edu","Monash University is a public research university based in Melbourne, Victoria, Australia. Named after World War I general Sir John Monash, it was founded in 1958. The university has a number of campuses, four of which are in Victoria, one in Malaysia and another one in Indonesia. Monash has a research and teaching centre in Prato, Italy, a graduate research school in Mumbai, India, and graduate schools in Suzhou, China, and Tangerang, Indonesia.","QS World University Rankings","2027","https://www.topuniversities.com/where-to-study/oceania/australia/guide","THIRD_PARTY_ENRICHED","","","https://commons.wikimedia.org/wiki/Special:Redirect/file/Arms%20of%20Monash%20University.svg","https://thumb.wikimedia.org/wikipedia/commons/thumb/7/74/Arms_of_Monash_University.svg/3840px-Arms_of_Monash_University.svg.png?utm_source=en.wikipedia.org&utm_campaign=api&utm_content=thumbnail | https://commons.wikimedia.org/wiki/Special:Redirect/file/Monashcaulfield2.jpg","https://www.monash.edu/：无法确认 robots.txt（HTTP 403），本来源停止抓取"
"澳大利亚","6","university-of-queensland","The University of Queensland","昆士兰大学","Australia","Brisbane","","https://www.uq.edu.au","","QS World University Rankings","2027","https://www.topuniversities.com/where-to-study/oceania/australia/guide","SUCCESS","2026-10-05T06:59:58.630Z","","","",""
"澳大利亚","7","university-of-western-australia","The University of Western Australia","西澳大学","Australia","Perth","","https://www.uwa.edu.au","","QS World University Rankings","2027","https://www.topuniversities.com/where-to-study/oceania/australia/guide","SUCCESS","2026-10-05T07:00:01.766Z","","","https://www.uwa.edu.au/_assets/opengraph.png",""
"澳大利亚","8","adelaide-university","Adelaide University","阿德莱德大学","AU","Adelaide","","https://adelaide.edu.au","Adelaide University is a public Australian university established in 2026 through the merger of the University of Adelaide and the University of South Australia.","QS World University Rankings","2027","https://www.topuniversities.com/where-to-study/oceania/australia/guide","SUCCESS","2026-10-05T07:00:02.608Z","https://adelaide.edu.au/content/dam/adelaideuniversity/images/global/logos/au-logo-dark-blue-horizontal.svg","","",""
"澳大利亚","9","university-of-technology-sydney","University of Technology Sydney","悉尼科技大学（UTS）","Australia","Sydney","","https://www.uts.edu.au","","QS World University Rankings","2027","https://www.topuniversities.com/where-to-study/oceania/australia/guide","SUCCESS","2026-10-05T07:00:03.163Z","","","https://www.uts.edu.au/AdaptiveImages/optimizely/635a5213-c94c-49f3-944b-d2430e3eff8e/original-image-uts-campus-building-8-hr-0022.jpg?stamp=f6fa06485846bf0359a5597e98b16a6a423583a1",""
"澳大利亚","10","rmit-university","RMIT University","皇家墨尔本理工大学（RMIT）","AU","Melbourne","","https://www.rmit.edu.au","RMIT University is an international university of technology, design and enterprise.","QS World University Rankings","2027","https://www.topuniversities.com/where-to-study/oceania/australia/guide","SUCCESS","2026-10-05T07:00:05.371Z","https://www.rmit.edu.au/content/dam/rmit/common-assets/logo/rmit-logo.png","","https://www.rmit.edu.au/assets/smart-crop/homepage-banner/homepage-mob-banner-bowen-st-particles-a-1440x1200.jpg",""
"澳大利亚","11","macquarie-university","Macquarie University","麦考瑞大学","Australia","Sydney","","https://www.mq.edu.au","Macquarie University is a public research university in Sydney, New South Wales, Australia. Founded in 1964 by the New South Wales Government, it was the third university to be established in the Sydney metropolitan area.","QS World University Rankings","2027","https://www.topuniversities.com/where-to-study/oceania/australia/guide","THIRD_PARTY_ENRICHED","","https://commons.wikimedia.org/wiki/Special:Redirect/file/Macquarie%20University%20International%20brandmark%20%E2%80%93%20Horizontal%20configuration.svg","","https://commons.wikimedia.org/wiki/Special:Redirect/file/Macquarie%20University%20New%20Library%202011.jpg","https://www.mq.edu.au/：无法确认 robots.txt（HTTP 403），本来源停止抓取"
"澳大利亚","12","curtin-university","Curtin University","科廷大学","Australia","Perth","","https://www.curtin.edu.au","","QS World University Rankings","2027","https://www.topuniversities.com/where-to-study/oceania/australia/guide","SUCCESS","2026-10-05T07:00:13.367Z","https://www.curtin.edu.au/wp-content/uploads/sites/4/2023/10/Logo.png","","",""
"澳大利亚","13","university-of-wollongong","University of Wollongong","伍伦贡大学","Australia","Wollongong","","https://www.uow.edu.au","","QS World University Rankings","2027","https://www.topuniversities.com/where-to-study/oceania/australia/guide","SUCCESS","2026-10-05T07:00:15.202Z","","","https://www.uow.edu.au/assets/logos/999x562.jpg",""
"澳大利亚","14","deakin-university","Deakin University","迪肯大学","Australia","Melbourne","","https://www.deakin.edu.au","Deakin University is a public research university in the state of Victoria, Australia. Its largest campus is in Victoria's state capital Melbourne, with regional campuses in Geelong and Warrnambool. The university was named after Alfred Deakin, the early Prime Minister of Australia and a founding father of Australian Federation.","QS World University Rankings","2027","https://www.topuniversities.com/where-to-study/oceania/australia/guide","THIRD_PARTY_ENRICHED","","https://commons.wikimedia.org/wiki/Special:Redirect/file/Deakin%20Worldly%20Strip%20Logo.jpg","","https://thumb.wikimedia.org/wikipedia/en/thumb/7/74/Deakin_University_Logo_2017.svg/1280px-Deakin_University_Logo_2017.svg.png?utm_source=en.wikipedia.org&utm_campaign=api&utm_content=thumbnail | https://commons.wikimedia.org/wiki/Special:Redirect/file/Deakin%20University%20Burwood%20Campus.jpg","https://www.deakin.edu.au/：无法确认 robots.txt（HTTP 403），本来源停止抓取"
"澳大利亚","15","griffith-university","Griffith University","格里菲斯大学","Australia","Brisbane","","https://www.griffith.edu.au","Griffith University is a public research university in South East Queensland, Australia. The university was founded in 1971 and officially opened in 1975. The university has five campuses, at Gold Coast, Nathan, Logan, South Bank, and Mount Gravatt. A sixth campus, to be located at the Treasury Building in the Brisbane CBD, will open in 2027. The university was named in honour of Sir Samuel Walker Griffith, who was twice Premier of Queensland and the first Chief Justice of the High Court of Australia.","QS World University Rankings","2027","https://www.topuniversities.com/where-to-study/oceania/australia/guide","THIRD_PARTY_ENRICHED","","","","https://thumb.wikimedia.org/wikipedia/en/thumb/a/a9/Griffith_University_Logo_Variant_2022.svg/330px-Griffith_University_Logo_Variant_2022.svg.png?utm_source=en.wikipedia.org&utm_campaign=api&utm_content=thumbnail | https://commons.wikimedia.org/wiki/Special:Redirect/file/Griffith%20University.jpg","https://www.griffith.edu.au/：无法确认 robots.txt（HTTP 403），本来源停止抓取 | 未找到可核验的官方 Logo 或校徽资源，品牌媒体保持为空"
"澳大利亚","16","queensland-university-of-technology","Queensland University of Technology","昆士兰科技大学（QUT）","Australia","Brisbane","","https://www.qut.edu.au","The Queensland University of Technology (QUT) is a public research university located in the city of Brisbane in Queensland, Australia. It has two major campuses, a city campus in Gardens Point and a campus in Kelvin Grove. The university offers courses in fields including architecture, engineering, information technology, healthcare, teaching, law, arts and design, science and mathematics.","QS World University Rankings","2027","https://www.topuniversities.com/where-to-study/oceania/australia/guide","THIRD_PARTY_ENRICHED","","","","https://upload.wikimedia.org/wikipedia/commons/b/be/Queensland_University_of_Technology%2C_Gardens_Point_campus.jpg?utm_source=en.wikipedia.org&utm_campaign=api&utm_content=thumbnail_unscaled | https://commons.wikimedia.org/wiki/Special:Redirect/file/QUT%20KG%20CtoA.jpg","https://www.qut.edu.au/：无法确认 robots.txt（HTTP 403），本来源停止抓取 | 未找到可核验的官方 Logo 或校徽资源，品牌媒体保持为空"
"澳大利亚","17","la-trobe-university","La Trobe University","拉筹伯大学","Australia","Melbourne","","https://www.latrobe.edu.au","La Trobe University is a public research university based in Melbourne, Victoria, Australia. Its main campus is located in the suburb of Bundoora. The university was established in 1964, becoming the third university in the state of Victoria and the twelfth university in Australia. La Trobe is one of the Australian verdant universities and also part of the Innovative Research Universities group.","QS World University Rankings","2027","https://www.topuniversities.com/where-to-study/oceania/australia/guide","THIRD_PARTY_ENRICHED","","","","https://upload.wikimedia.org/wikipedia/en/e/ed/LTU_Armorial_CMYK_small.PNG?utm_source=en.wikipedia.org&utm_campaign=api&utm_content=thumbnail_unscaled | https://commons.wikimedia.org/wiki/Special:Redirect/file/La%20Trobe%20University.jpg","https://www.latrobe.edu.au/：无法确认 robots.txt（HTTP 403），本来源停止抓取 | 未找到可核验的官方 Logo 或校徽资源，品牌媒体保持为空"
"澳大利亚","18","university-of-newcastle","The University of Newcastle","纽卡斯尔大学","Australia","Newcastle","","https://www.newcastle.edu.au","The University of Newcastle is a public university in Newcastle, New South Wales, Australia. Established in 1965, it has a primary campus in the Newcastle suburb of Callaghan. The university also operates campuses in Central Coast, Singapore, the Newcastle CBD and Sydney.","QS World University Rankings","2027","https://www.topuniversities.com/where-to-study/oceania/australia/guide","THIRD_PARTY_ENRICHED","","","","https://thumb.wikimedia.org/wikipedia/en/thumb/6/6b/The_University_of_Newcastle_Coat_of_Arms.svg/330px-The_University_of_Newcastle_Coat_of_Arms.svg.png?utm_source=en.wikipedia.org&utm_campaign=api&utm_content=thumbnail","https://www.newcastle.edu.au/：无法确认 robots.txt（HTTP 403），本来源停止抓取 | 未找到可核验的官方 Logo 或校徽资源，品牌媒体保持为空"
"澳大利亚","19","swinburne-university-of-technology","Swinburne University of Technology","斯威本科技大学","Australia","Melbourne","","https://www.swinburne.edu.au","","QS World University Rankings","2027","https://www.topuniversities.com/where-to-study/oceania/australia/guide","SUCCESS","2026-10-05T07:00:47.706Z","","","https://www.swinburne.edu.au/content/dam/media/campaigns-restricted/timely-reign-media-comms.jpeg/_jcr_content/renditions/cq5dam.web.1280.720.jpeg",""
"澳大利亚","20","university-of-tasmania","University of Tasmania","塔斯马尼亚大学","Australia","Hobart","","https://www.utas.edu.au","The University of Tasmania (UTAS) is a public research university, primarily located in Tasmania, Australia. Founded in 1890, it is Australia's fourth oldest university. Christ College, one of the university's residential colleges, first proposed in 1840 in Lieutenant-Governor Sir John Franklin's Legislative Council, was modelled on the Oxford and Cambridge colleges, and was founded in 1846, making it the oldest tertiary institution in the country. The university is a sandstone university, a member of the international Association of Commonwealth Universities, and the Association of Southeast Asian Institutions of Higher Learning.","QS World University Rankings","2027","https://www.topuniversities.com/where-to-study/oceania/australia/guide","THIRD_PARTY_ENRICHED","","","","https://upload.wikimedia.org/wikipedia/en/6/60/UTasLogo.png?utm_source=en.wikipedia.org&utm_campaign=api&utm_content=thumbnail_unscaled | https://commons.wikimedia.org/wiki/Special:Redirect/file/UniTas-Centenary%20Building.jpg","https://www.utas.edu.au/：无法确认 robots.txt（HTTP 403），本来源停止抓取 | 未找到可核验的官方 Logo 或校徽资源，品牌媒体保持为空"
"新加坡","1","national-university-of-singapore","National University of Singapore","新加坡国立大学（NUS）","Singapore","Singapore","Autonomous university","https://www.nus.edu.sg","The National University of Singapore (NUS) is a national public research university in Singapore. It was officially established in 1980 through the government-directed merger of the public University of Singapore and the private Nanyang University.","High-confidence institutional selection (MOE/ICA/CPE and official sites)","2026","https://www.ica.gov.sg/reside/LTVP/apply/graduate-from-an-institute-of-higher-learning-seeking-employment-in-singapore/list_ihl","THIRD_PARTY_ENRICHED","","","","https://thumb.wikimedia.org/wikipedia/en/thumb/b/b9/NUS_coat_of_arms.svg/250px-NUS_coat_of_arms.svg.png?utm_source=en.wikipedia.org&utm_campaign=api&utm_content=thumbnail | https://commons.wikimedia.org/wiki/Special:Redirect/file/NUS%2C%20University%20Cultural%20Centre%203%2C%20Nov%2006.JPG","https://www.nus.edu.sg/：无法确认 robots.txt（HTTP 406），本来源停止抓取 | 未找到可核验的官方 Logo 或校徽资源，品牌媒体保持为空"
"新加坡","2","nanyang-technological-university","Nanyang Technological University, Singapore","南洋理工大学（NTU）","Singapore","Singapore","Autonomous university","https://www.ntu.edu.sg","","High-confidence institutional selection (MOE/ICA/CPE and official sites)","2026","https://www.ica.gov.sg/reside/LTVP/apply/graduate-from-an-institute-of-higher-learning-seeking-employment-in-singapore/list_ihl","SUCCESS","2026-10-05T06:59:41.405Z","","","https://www.ntu.edu.sg/media/images/default-source/from-figma/ntu-placeholder-d.jpg?sfvrsn=d4050a9e_2",""
"新加坡","3","singapore-university-of-technology-and-design","Singapore University of Technology and Design","新加坡科技设计大学（SUTD）","Singapore","Singapore","Autonomous university","https://www.sutd.edu.sg","","High-confidence institutional selection (MOE/ICA/CPE and official sites)","2026","https://www.ica.gov.sg/reside/LTVP/apply/graduate-from-an-institute-of-higher-learning-seeking-employment-in-singapore/list_ihl","SUCCESS","2026-10-05T06:59:43.132Z","","","",""
"新加坡","4","singapore-management-university","Singapore Management University","新加坡管理大学（SMU）","Singapore","Singapore","Autonomous university","https://www.smu.edu.sg","","High-confidence institutional selection (MOE/ICA/CPE and official sites)","2026","https://www.ica.gov.sg/reside/LTVP/apply/graduate-from-an-institute-of-higher-learning-seeking-employment-in-singapore/list_ihl","SUCCESS","2026-10-05T06:59:43.514Z","","","",""
"新加坡","5","singapore-institute-of-technology","Singapore Institute of Technology","新加坡理工大学（SIT）","Singapore","Singapore","Autonomous university","https://www.singaporetech.edu.sg","","High-confidence institutional selection (MOE/ICA/CPE and official sites)","2026","https://www.ica.gov.sg/reside/LTVP/apply/graduate-from-an-institute-of-higher-learning-seeking-employment-in-singapore/list_ihl","SUCCESS","2026-10-05T06:59:43.607Z","","","",""
"新加坡","6","singapore-university-of-social-sciences","Singapore University of Social Sciences","新加坡社科大学（SUSS）","Singapore","Singapore","Autonomous university","https://www.suss.edu.sg","The Singapore University of Social Sciences (SUSS) is a public autonomous university in Singapore. Established in 2017 through the restructuring of SIM University, SUSS focuses on applied degree programmes primarily in the social sciences.","High-confidence institutional selection (MOE/ICA/CPE and official sites)","2026","https://www.ica.gov.sg/reside/LTVP/apply/graduate-from-an-institute-of-higher-learning-seeking-employment-in-singapore/list_ihl","THIRD_PARTY_ENRICHED","","https://commons.wikimedia.org/wiki/Special:Redirect/file/SUSS%20new%20logo.png","","https://thumb.wikimedia.org/wikipedia/en/thumb/5/50/SUSS_logo.svg/500px-SUSS_logo.svg.png?utm_source=en.wikipedia.org&utm_campaign=api&utm_content=thumbnail | https://commons.wikimedia.org/wiki/Special:Redirect/file/SUSS%20Building.jpg","https://www.suss.edu.sg/：无法确认 robots.txt（HTTP 403），本来源停止抓取"
"新加坡","7","university-of-the-arts-singapore","University of the Arts Singapore","新加坡艺术大学（UAS）","Singapore","Singapore","Government-supported arts university","https://uas.edu.sg","","High-confidence institutional selection (MOE/ICA/CPE and official sites)","2026","https://www.ica.gov.sg/reside/LTVP/apply/graduate-from-an-institute-of-higher-learning-seeking-employment-in-singapore/list_ihl","SUCCESS","2026-10-05T06:59:49.960Z","","","",""
"新加坡","8","insead-asia-campus","INSEAD Asia Campus","欧洲工商管理学院亚洲校区（INSEAD）","Singapore","Singapore","Offshore institution with local campus","https://www.insead.edu","INSEAD is a non-profit business school with locations in France (Fontainebleau), Singapore, the United Arab Emirates, and the United States.","High-confidence institutional selection (MOE/ICA/CPE and official sites)","2026","https://www.ica.gov.sg/reside/LTVP/apply/graduate-from-an-institute-of-higher-learning-seeking-employment-in-singapore/list_ihl","THIRD_PARTY_ENRICHED","","https://commons.wikimedia.org/wiki/Special:Redirect/file/Inseadlogo.jpg","","https://thumb.wikimedia.org/wikipedia/en/thumb/4/46/INSEAD_Strapline_Logo.svg/500px-INSEAD_Strapline_Logo.svg.png?utm_source=en.wikipedia.org&utm_campaign=api&utm_content=thumbnail | https://commons.wikimedia.org/wiki/Special:Redirect/file/Insead%20-%20Blue%20Ocean%20Institute.jpg","https://www.insead.edu/about-insead/asia-campus：无法确认 robots.txt（HTTP 403），本来源停止抓取"
"新加坡","9","essec-asia-pacific","ESSEC Asia-Pacific","埃塞克商学院亚太校区（ESSEC）","Singapore","Singapore","Offshore institution with local campus","https://www.essec.edu","ESSEC Business School is a French business school and Grande école. Its main campus is located in Cergy, with additional campuses in Paris, Rabat, and Singapore.","High-confidence institutional selection (MOE/ICA/CPE and official sites)","2026","https://www.ica.gov.sg/reside/LTVP/apply/graduate-from-an-institute-of-higher-learning-seeking-employment-in-singapore/list_ihl","THIRD_PARTY_ENRICHED","","https://commons.wikimedia.org/wiki/Special:Redirect/file/ESSEC%20Logo.svg","","https://thumb.wikimedia.org/wikipedia/commons/thumb/8/8a/Logo_essec2.svg/960px-Logo_essec2.svg.png?utm_source=en.wikipedia.org&utm_campaign=api&utm_content=thumbnail | https://commons.wikimedia.org/wiki/Special:Redirect/file/ESSEC%20campus%20cergy.jpg","HTTP 404：https://www.essec.edu/en/pages/asia-pacific/"
"新加坡","10","tum-asia","Technical University of Munich","慕尼黑工业大学亚洲校区（TUM Asia）","Singapore","Singapore","Offshore institution with local campus","https://tum-asia.edu.sg","","High-confidence institutional selection (MOE/ICA/CPE and official sites)","2026","https://www.ica.gov.sg/reside/LTVP/apply/graduate-from-an-institute-of-higher-learning-seeking-employment-in-singapore/list_ihl","SUCCESS","2026-10-05T06:59:58.951Z","","","https://tum-asia.edu.sg/wp-content/uploads/2024/12/tum-main-logo.png",""
"新加坡","11","sp-jain-singapore","SP Jain School of Global Management Singapore","SP Jain全球管理学院新加坡校区","Singapore","Singapore","Offshore institution with local campus","https://www.spjain.sg","","High-confidence institutional selection (MOE/ICA/CPE and official sites)","2026","https://www.ica.gov.sg/reside/LTVP/apply/graduate-from-an-institute-of-higher-learning-seeking-employment-in-singapore/list_ihl","SUCCESS","2026-10-05T06:59:59.542Z","https://www.spjain.sg/hubfs/home2017/sp-jain-mobile-logo.jpg","","https://www.spjain.sg/hubfs/LOGO/SP%20Jain%20Logo%20suare.png",""
"新加坡","12","digipen-singapore","DigiPen Institute of Technology Singapore","迪吉彭理工学院新加坡校区（DigiPen）","Singapore","Singapore","Offshore institution with local campus","https://www.digipen.edu.sg","","High-confidence institutional selection (MOE/ICA/CPE and official sites)","2026","https://www.ica.gov.sg/reside/LTVP/apply/graduate-from-an-institute-of-higher-learning-seeking-employment-in-singapore/list_ihl","SUCCESS","2026-10-05T06:59:59.691Z","","","https://www.digipen.edu.sg/sites/default/files/public/img/about/about-the-campus/04-social/digipen-institute-of-technology-singapore-punggol-campus-og.webp",""
"新加坡","13","sorbonne-assas-asia","Sorbonne-Assas International Law School – Asia","索邦—阿萨斯国际法学院亚洲校区","Singapore","Singapore","Offshore institution with local campus","https://www.assas-international.com","Paris-Panthéon-Assas University, abbreviated as Assas University and commonly known as Assas or Paris 2, is a public research university in Paris, France.","High-confidence institutional selection (MOE/ICA/CPE and official sites)","2026","https://www.ica.gov.sg/reside/LTVP/apply/graduate-from-an-institute-of-higher-learning-seeking-employment-in-singapore/list_ihl","THIRD_PARTY_ENRICHED","","https://commons.wikimedia.org/wiki/Special:Redirect/file/Logo%20Panth%C3%A9on-Assas.svg","","https://thumb.wikimedia.org/wikipedia/commons/thumb/4/45/Logo_Panth%C3%A9on-Assas.svg/960px-Logo_Panth%C3%A9on-Assas.svg.png?utm_source=en.wikipedia.org&utm_campaign=api&utm_content=thumbnail | https://commons.wikimedia.org/wiki/Special:Redirect/file/Pantheon-Assas%20University%20-%20Panth%C3%A9on.jpg","HTTP 404：https://www.assas-international.com/en/campuses/singapore"
"新加坡","14","ehl-campus-singapore","EHL Campus Singapore","洛桑酒店管理学院新加坡校区（EHL）","Singapore","Singapore","Offshore institution with local campus","https://www.ehl.edu","EHL Hospitality Business School, formerly known as École hôtelière de Lausanne, is a hospitality management school in Switzerland. The school is often seen as one of the best of its kind in the world, training its students to obtain managerial careers in the hotel and hospitality industries.","High-confidence institutional selection (MOE/ICA/CPE and official sites)","2026","https://www.ica.gov.sg/reside/LTVP/apply/graduate-from-an-institute-of-higher-learning-seeking-employment-in-singapore/list_ihl","THIRD_PARTY_ENRICHED","","https://commons.wikimedia.org/wiki/Special:Redirect/file/EHL%20Logo.png","","https://upload.wikimedia.org/wikipedia/commons/6/69/EHL_Logo.png?utm_source=en.wikipedia.org&utm_campaign=api&utm_content=thumbnail_unscaled | https://commons.wikimedia.org/wiki/Special:Redirect/file/Ecole-hoteliere-de-Lausanne%20-Lausanne-hospitality-management-school%20campus-aerial-view%20web.jpg","HTTP 404：https://www.ehl.edu/en/campuses/singapore-campus"
"新加坡","15","duke-nus-medical-school","Duke-NUS Medical School","杜克—新加坡国立大学医学院（Duke-NUS）","Singapore","Singapore","Graduate medical school","https://www.duke-nus.edu.sg","","High-confidence institutional selection (MOE/ICA/CPE and official sites)","2026","https://www.ica.gov.sg/reside/LTVP/apply/graduate-from-an-institute-of-higher-learning-seeking-employment-in-singapore/list_ihl","SUCCESS","2026-10-05T07:00:04.863Z","","","",""
"新加坡","16","james-cook-university-singapore","James Cook University Singapore","詹姆斯库克大学新加坡校区（JCU）","Singapore","Singapore","Private education institution / branch campus","https://www.jcu.edu.sg","James Cook University in Singapore is a branch campus of James Cook University, a public research university based in Australia. Established in 2003, it is currently the only overseas institution with university status in Singapore. It is located between Kallang and Geylang in the Central Region on the former site of the Manjusri Secondary School.","High-confidence institutional selection (MOE/ICA/CPE and official sites)","2026","https://www.ica.gov.sg/reside/LTVP/apply/graduate-from-an-institute-of-higher-learning-seeking-employment-in-singapore/list_ihl","THIRD_PARTY_ENRICHED","","","","https://upload.wikimedia.org/wikipedia/en/9/96/James_Cook_University_Armorial_Ensigns.png?utm_source=en.wikipedia.org&utm_campaign=api&utm_content=thumbnail_unscaled","https://www.jcu.edu.sg/：无法确认 robots.txt（HTTP 403），本来源停止抓取 | 未找到可核验的官方 Logo 或校徽资源，品牌媒体保持为空"
"新加坡","17","curtin-singapore","Curtin Singapore","科廷大学新加坡校区","Singapore","Singapore","Private education institution / branch campus","https://www.curtin.edu.sg","","High-confidence institutional selection (MOE/ICA/CPE and official sites)","2026","https://www.ica.gov.sg/reside/LTVP/apply/graduate-from-an-institute-of-higher-learning-seeking-employment-in-singapore/list_ihl","SUCCESS","2026-10-05T07:00:13.873Z","https://www.curtin.edu.sg/wp-content/uploads/2025/12/curtin-singapore-logo-696x696-1.jpg","","https://www.curtin.edu.sg/wp-content/uploads/2025/12/curtin-singapore-campus-1200x675-1.jpg.optimal.jpg",""
"新加坡","18","sim-global-education","Singapore Institute of Management","新加坡管理学院（SIM）","Singapore","Singapore","Private education institution","https://www.sim.edu.sg","","High-confidence institutional selection (MOE/ICA/CPE and official sites)","2026","https://www.ica.gov.sg/reside/LTVP/apply/graduate-from-an-institute-of-higher-learning-seeking-employment-in-singapore/list_ihl","SUCCESS","2026-10-05T07:00:17.623Z","https://onesim-production.s3.ap-southeast-1.amazonaws.com/onesim/media/sim-homepage/header%20logos/sim-logo-2023.svg?ext=.svg","","https://onesim-production.s3.ap-southeast-1.amazonaws.com/onesim/media/sim-homepage/og%20image/sim-ge-og.jpg?ext=.jpg",""
"新加坡","19","kaplan-singapore","Kaplan Singapore","新加坡楷博高等教育学院（Kaplan）","Singapore","Singapore","Private education institution","https://www.kaplan.com.sg","Kaplan provides a future-ready curriculum, giving students access to renowned universities around the world. From on-campus to online degrees in Singapore, we help you become the best version of yourself.","High-confidence institutional selection (MOE/ICA/CPE and official sites)","2026","https://www.ica.gov.sg/reside/LTVP/apply/graduate-from-an-institute-of-higher-learning-seeking-employment-in-singapore/list_ihl","SUCCESS","2026-10-05T07:00:18.236Z","https://www.kaplan.com.sg/themes/custom/ksg_theme/kaplan-logo.png","","",""
"新加坡","20","psb-academy","PSB Academy Singapore","新加坡PSB学院（PSB Academy）","SG","Singapore","Private education institution","https://www.psb-academy.edu.sg","PSB Academy is a leading private education institution in Singapore, offering a wide range of diploma, degree, and postgraduate programmes in disciplines such as business, engineering, IT, and life sciences. With modern facilities, industry-relevant curricula, and experienced faculty, we provide quality education that prepares students for global careers. As one of Singapore’s trusted learning institutions, PSB Academy is committed to shaping future-ready graduates through innovative teaching and holistic learning experiences.","High-confidence institutional selection (MOE/ICA/CPE and official sites)","2026","https://www.ica.gov.sg/reside/LTVP/apply/graduate-from-an-institute-of-higher-learning-seeking-employment-in-singapore/list_ihl","SUCCESS","2026-10-05T07:00:20.026Z","https://www.psb-academy.edu.sg/resources/others/common/logo-psb-academy.svg","","https://www.psb-academy.edu.sg/resources/others/common/psb-academy-elearning-month-sep2026-promotion-1080x1920.jpg",""
