"university_code","source_key","name_en","kind","asset_url","source_url","source_checked_at","licence_raw","licence_status","status"
"GB_IMPERIAL_COLLEGE_LONDON","imperial-college-london","Imperial College London","UNIVERSITY_IMAGE","https://www.imperial.ac.uk/T4Assets/favicon-196x196.png","https://www.imperial.ac.uk/","2026-10-05T06:59:42.028Z","","REVIEW_REQUIRED","DRAFT"
"GB_UNIVERSITY_OF_OXFORD","university-of-oxford","University of Oxford","UNIVERSITY_IMAGE","https://thumb.wikimedia.org/wikipedia/commons/thumb/e/e4/Arms_of_University_of_Oxford.svg/500px-Arms_of_University_of_Oxford.svg.png?utm_source=en.wikipedia.org&utm_campaign=api&utm_content=thumbnail","https://en.wikipedia.org/wiki/University_of_Oxford","2026-10-06T01:41:13.203Z","","REVIEW_REQUIRED","DRAFT"
"GB_UNIVERSITY_OF_OXFORD","university-of-oxford","University of Oxford","LOGO","https://commons.wikimedia.org/wiki/Special:Redirect/file/University%20of%20Oxford.svg","https://commons.wikimedia.org/wiki/File:University_of_Oxford.svg","2026-10-06T01:41:13.203Z","Public domain","HAS_LICENCE_METADATA","DRAFT"
"GB_UNIVERSITY_OF_OXFORD","university-of-oxford","University of Oxford","UNIVERSITY_IMAGE","https://commons.wikimedia.org/wiki/Special:Redirect/file/1%20oxford%20aerial%20panorama%202016.jpg","https://commons.wikimedia.org/wiki/File:1_oxford_aerial_panorama_2016.jpg","2026-10-06T01:41:13.203Z","CC BY-SA 4.0 | https://creativecommons.org/licenses/by-sa/4.0","HAS_LICENCE_METADATA","DRAFT"
"GB_UNIVERSITY_OF_OXFORD","university-of-oxford","University of Oxford","CREST","https://commons.wikimedia.org/wiki/Special:Redirect/file/Arms%20of%20University%20of%20Oxford.svg","https://commons.wikimedia.org/wiki/File:Arms_of_University_of_Oxford.svg","2026-10-06T01:48:23.391Z","Public domain","HAS_LICENCE_METADATA","DRAFT"
"GB_UNIVERSITY_OF_CAMBRIDGE","university-of-cambridge","University of Cambridge","UNIVERSITY_IMAGE","https://www.cam.ac.uk/sites/default/files/about-the-university/senate-house-5717258098-0cb6542b9b-b.jpg","https://www.cam.ac.uk/","2026-10-05T06:59:48.842Z","","REVIEW_REQUIRED","DRAFT"
"GB_UNIVERSITY_COLLEGE_LONDON","university-college-london","UCL","LOGO","https://commons.wikimedia.org/wiki/Special:Redirect/file/UCL%20Crest.svg","https://commons.wikimedia.org/wiki/File:UCL_Crest.svg","2026-10-06T01:41:16.354Z","Public domain","HAS_LICENCE_METADATA","DRAFT"
"GB_UNIVERSITY_COLLEGE_LONDON","university-college-london","UCL","UNIVERSITY_IMAGE","https://commons.wikimedia.org/wiki/Special:Redirect/file/Wilkins%20Building%201%2C%20UCL%2C%20London%20-%20Diliff.jpg","https://commons.wikimedia.org/wiki/File:Wilkins_Building_1%2C_UCL%2C_London_-_Diliff.jpg","2026-10-06T01:41:16.354Z","CC BY-SA 3.0 | https://creativecommons.org/licenses/by-sa/3.0","HAS_LICENCE_METADATA","DRAFT"
"GB_UNIVERSITY_OF_EDINBURGH","university-of-edinburgh","The University of Edinburgh","UNIVERSITY_IMAGE","https://www.ed.ac.uk/themes/upstream/wpp_theme/images/uoe-logo-centred-black.png","https://www.ed.ac.uk/","2026-10-05T06:59:55.612Z","","REVIEW_REQUIRED","DRAFT"
"GB_KINGS_COLLEGE_LONDON","kings-college-london","King’s College London","LOGO","https://kcl.ac.uk/SiteElements/2017/images/kcl-logo.jpg","https://www.kcl.ac.uk/","2026-10-05T06:59:57.322Z","","REVIEW_REQUIRED","DRAFT"
"GB_UNIVERSITY_OF_MANCHESTER","university-of-manchester","The University of Manchester","UNIVERSITY_IMAGE","https://www.manchester.ac.uk/Museum-1200x630.jpg","https://www.manchester.ac.uk/","2026-10-05T06:59:58.295Z","","REVIEW_REQUIRED","DRAFT"
"GB_UNIVERSITY_OF_BRISTOL","university-of-bristol","University of Bristol","UNIVERSITY_IMAGE","https://thumb.wikimedia.org/wikipedia/commons/thumb/d/d1/Shield_of_the_University_of_Bristol.svg/3840px-Shield_of_the_University_of_Bristol.svg.png?utm_source=en.wikipedia.org&utm_campaign=api&utm_content=thumbnail","https://en.wikipedia.org/wiki/University_of_Bristol","2026-10-06T01:41:19.145Z","","REVIEW_REQUIRED","DRAFT"
"GB_UNIVERSITY_OF_BRISTOL","university-of-bristol","University of Bristol","UNIVERSITY_IMAGE","https://commons.wikimedia.org/wiki/Special:Redirect/file/University%20of%20Bristol.jpg","https://commons.wikimedia.org/wiki/File:University_of_Bristol.jpg","2026-10-06T01:41:19.145Z","CC0 | http://creativecommons.org/publicdomain/zero/1.0/deed.en","HAS_LICENCE_METADATA","DRAFT"
"GB_UNIVERSITY_OF_BRISTOL","university-of-bristol","University of Bristol","CREST","https://commons.wikimedia.org/wiki/Special:Redirect/file/University%20of%20Bristol%20shield.svg","https://commons.wikimedia.org/wiki/File:University_of_Bristol_shield.svg","2026-10-06T01:48:23.392Z","Public domain","HAS_LICENCE_METADATA","DRAFT"
"GB_LONDON_SCHOOL_OF_ECONOMICS","london-school-of-economics","The London School of Economics and Political Science","UNIVERSITY_IMAGE","https://www.lse.ac.uk/all-images/london-westminster-june-24-0012.x26beb190.jpg","https://www.lse.ac.uk/","2026-10-05T07:00:08.465Z","","REVIEW_REQUIRED","DRAFT"
"GB_UNIVERSITY_OF_WARWICK","university-of-warwick","University of Warwick","LOGO","https://warwick.ac.uk/static_war/render/id7/images/wordmark.svg.136055278947","https://warwick.ac.uk/","2026-10-05T07:00:09.451Z","","REVIEW_REQUIRED","DRAFT"
"GB_UNIVERSITY_OF_WARWICK","university-of-warwick","University of Warwick","UNIVERSITY_IMAGE","https://warwick.ac.uk/250188_og-image_creation_-_lavender.jpg","https://warwick.ac.uk/","2026-10-05T07:00:09.451Z","","REVIEW_REQUIRED","DRAFT"
"GB_UNIVERSITY_OF_BIRMINGHAM","university-of-birmingham","University of Birmingham","UNIVERSITY_IMAGE","https://www.birmingham.ac.uk/media-library/study/campus-aston-webb.x3eed4ed1.jpg?w=1200&h=630&q=80&fit=crop","https://www.birmingham.ac.uk/","2026-10-05T07:00:11.116Z","","REVIEW_REQUIRED","DRAFT"
"GB_UNIVERSITY_OF_SHEFFIELD","university-of-sheffield","The University of Sheffield","UNIVERSITY_IMAGE","https://sheffield.ac.uk/sites/default/files/styles/two_thirds_2x/public/2026-03/Cover_v03_large%20%281%29.jpg?h=647c1a54&itok=KoMY2ZRi","https://sheffield.ac.uk/","2026-10-05T07:00:17.726Z","","REVIEW_REQUIRED","DRAFT"
"GB_DURHAM_UNIVERSITY","durham-university","Durham University","UNIVERSITY_IMAGE","https://thumb.wikimedia.org/wikipedia/commons/thumb/7/71/University_of_Durham_arms.svg/3840px-University_of_Durham_arms.svg.png?utm_source=en.wikipedia.org&utm_campaign=api&utm_content=thumbnail","https://en.wikipedia.org/wiki/Durham_University","2026-10-06T01:41:23.431Z","","REVIEW_REQUIRED","DRAFT"
"GB_DURHAM_UNIVERSITY","durham-university","Durham University","UNIVERSITY_IMAGE","https://commons.wikimedia.org/wiki/Special:Redirect/file/Durham%20-%20Castle%20-%2002.jpg","https://commons.wikimedia.org/wiki/File:Durham_-_Castle_-_02.jpg","2026-10-06T01:41:23.431Z","CC BY-SA 4.0 | https://creativecommons.org/licenses/by-sa/4.0","HAS_LICENCE_METADATA","DRAFT"
"GB_DURHAM_UNIVERSITY","durham-university","Durham University","CREST","https://commons.wikimedia.org/wiki/Special:Redirect/file/University%20of%20Durham%20arms.svg","https://commons.wikimedia.org/wiki/File:University_of_Durham_arms.svg","2026-10-06T01:48:23.392Z","Public domain","HAS_LICENCE_METADATA","DRAFT"
"GB_UNIVERSITY_OF_ST_ANDREWS","university-of-st-andrews","University of St Andrews","LOGO","https://www.st-andrews.ac.uk/php/meta/university-of-st-andrews-logo.png","https://www.st-andrews.ac.uk/","2026-10-05T07:00:26.939Z","","REVIEW_REQUIRED","DRAFT"
"GB_QUEEN_MARY_UNIVERSITY_OF_LONDON","queen-mary-university-of-london","Queen Mary University of London","UNIVERSITY_IMAGE","https://upload.wikimedia.org/wikipedia/en/1/17/Arms_of_Queen_Mary_University_of_London.png?utm_source=en.wikipedia.org&utm_campaign=api&utm_content=thumbnail_unscaled","https://en.wikipedia.org/wiki/Queen_Mary_University_of_London","2026-10-06T01:42:03.896Z","","REVIEW_REQUIRED","DRAFT"
"GB_QUEEN_MARY_UNIVERSITY_OF_LONDON","queen-mary-university-of-london","Queen Mary University of London","LOGO","https://commons.wikimedia.org/wiki/Special:Redirect/file/Queen%20Mary%20University%20of%20London%20coat%20of%20arms.svg","https://commons.wikimedia.org/wiki/File:Queen_Mary_University_of_London_coat_of_arms.svg","2026-10-06T01:42:03.896Z","CC BY-SA 3.0 | https://creativecommons.org/licenses/by-sa/3.0","HAS_LICENCE_METADATA","DRAFT"
"GB_QUEEN_MARY_UNIVERSITY_OF_LONDON","queen-mary-university-of-london","Queen Mary University of London","UNIVERSITY_IMAGE","https://commons.wikimedia.org/wiki/Special:Redirect/file/Queens'%20Building%20(2899476115).jpg","https://commons.wikimedia.org/wiki/File:Queens'_Building_(2899476115).jpg","2026-10-06T01:42:03.896Z","CC BY-SA 2.0 | https://creativecommons.org/licenses/by-sa/2.0","HAS_LICENCE_METADATA","DRAFT"
"US_STANFORD_UNIVERSITY","stanford-university","Stanford University","UNIVERSITY_IMAGE","https://a-us.storyblok.com/f/1023936/1500x1000/edd739951b/20260613_commencement_n6a1207-1.jpg/m/1200x630/smart/filters:quality(60)","https://www.stanford.edu/","2026-10-05T06:59:41.948Z","","REVIEW_REQUIRED","DRAFT"
"US_HARVARD_UNIVERSITY","harvard-university","Harvard University","UNIVERSITY_IMAGE","https://www.harvard.edu/wp-content/uploads/2021/03/100408_Yard_045-1200x630.jpg","https://www.harvard.edu/","2026-10-05T06:59:42.047Z","","REVIEW_REQUIRED","DRAFT"
"US_CALIFORNIA_INSTITUTE_OF_TECHNOLOGY","california-institute-of-technology","California Institute of Technology","UNIVERSITY_IMAGE","https://main.oscweb.caltech.edu/static/core/img/caltech-logo-400x400.png","https://www.caltech.edu/","2026-10-05T06:59:42.819Z","","REVIEW_REQUIRED","DRAFT"
"US_UNIVERSITY_OF_PENNSYLVANIA","university-of-pennsylvania","University of Pennsylvania","UNIVERSITY_IMAGE","https://www.upenn.edu/themes/custom/penn_global/assets/img/penn-graphic.jpg","https://www.upenn.edu/","2026-10-05T06:59:43.148Z","","REVIEW_REQUIRED","DRAFT"
"US_JOHNS_HOPKINS_UNIVERSITY","johns-hopkins-university","Johns Hopkins University","UNIVERSITY_IMAGE","https://thumb.wikimedia.org/wikipedia/en/thumb/0/09/Johns_Hopkins_University%27s_Academic_Seal.svg/250px-Johns_Hopkins_University%27s_Academic_Seal.svg.png?utm_source=en.wikipedia.org&utm_campaign=api&utm_content=thumbnail","https://en.wikipedia.org/wiki/Johns_Hopkins_University","2026-10-06T01:42:08.001Z","","REVIEW_REQUIRED","DRAFT"
"US_JOHNS_HOPKINS_UNIVERSITY","johns-hopkins-university","Johns Hopkins University","LOGO","https://commons.wikimedia.org/wiki/Special:Redirect/file/Johns%20Hopkins%20University%20logo.png","https://commons.wikimedia.org/wiki/File:Johns_Hopkins_University_logo.png","2026-10-06T01:42:08.001Z","Public domain","HAS_LICENCE_METADATA","DRAFT"
"US_JOHNS_HOPKINS_UNIVERSITY","johns-hopkins-university","Johns Hopkins University","UNIVERSITY_IMAGE","https://commons.wikimedia.org/wiki/Special:Redirect/file/Johns%20Hopkins'%20Historic%20Dome%20-%20panoramio.jpg","https://commons.wikimedia.org/wiki/File:Johns_Hopkins'_Historic_Dome_-_panoramio.jpg","2026-10-06T01:42:08.001Z","CC BY-SA 3.0 | https://creativecommons.org/licenses/by-sa/3.0","HAS_LICENCE_METADATA","DRAFT"
"US_UNIVERSITY_OF_CHICAGO","university-of-chicago","University of Chicago","UNIVERSITY_IMAGE","https://www.uchicago.edu/-/media/images/logo-background/campus_aerial_2-min.png?h=627&iar=0&w=1200&hash=4B634222CA6B6F6F5AD375708EC6AA65","https://www.uchicago.edu/","2026-10-05T06:59:53.143Z","","REVIEW_REQUIRED","DRAFT"
"US_PRINCETON_UNIVERSITY","princeton-university","Princeton University","UNIVERSITY_IMAGE","https://thumb.wikimedia.org/wikipedia/commons/thumb/d/d0/Princeton_seal.svg/330px-Princeton_seal.svg.png?utm_source=en.wikipedia.org&utm_campaign=api&utm_content=thumbnail","https://en.wikipedia.org/wiki/Princeton_University","2026-10-06T01:42:14.900Z","","REVIEW_REQUIRED","DRAFT"
"US_PRINCETON_UNIVERSITY","princeton-university","Princeton University","LOGO","https://commons.wikimedia.org/wiki/Special:Redirect/file/Princeton%20text%20logo.svg","https://commons.wikimedia.org/wiki/File:Princeton_text_logo.svg","2026-10-06T01:42:14.900Z","Public domain","HAS_LICENCE_METADATA","DRAFT"
"US_PRINCETON_UNIVERSITY","princeton-university","Princeton University","UNIVERSITY_IMAGE","https://commons.wikimedia.org/wiki/Special:Redirect/file/ClevelandTowerWatercolor20060829.jpg","https://commons.wikimedia.org/wiki/File:ClevelandTowerWatercolor20060829.jpg","2026-10-06T01:42:14.900Z","CC BY-SA 3.0 | http://creativecommons.org/licenses/by-sa/3.0/","HAS_LICENCE_METADATA","DRAFT"
"US_COLUMBIA_UNIVERSITY","columbia-university","Columbia University","UNIVERSITY_IMAGE","https://thumb.wikimedia.org/wikipedia/commons/thumb/3/33/Coat_of_Arms_of_Columbia_University.svg/330px-Coat_of_Arms_of_Columbia_University.svg.png?utm_source=en.wikipedia.org&utm_campaign=api&utm_content=thumbnail","https://en.wikipedia.org/wiki/Columbia_University","2026-10-06T01:42:18.009Z","","REVIEW_REQUIRED","DRAFT"
"US_COLUMBIA_UNIVERSITY","columbia-university","Columbia University","LOGO","https://commons.wikimedia.org/wiki/Special:Redirect/file/Coat%20of%20Arms%20of%20Columbia%20University.svg","https://commons.wikimedia.org/wiki/File:Coat_of_Arms_of_Columbia_University.svg","2026-10-06T01:42:18.009Z","CC0 | http://creativecommons.org/publicdomain/zero/1.0/deed.en","HAS_LICENCE_METADATA","DRAFT"
"US_COLUMBIA_UNIVERSITY","columbia-university","Columbia University","UNIVERSITY_IMAGE","https://commons.wikimedia.org/wiki/Special:Redirect/file/Columbia%20University%20-%20Low%20Memorial%20Library%20(48170370506).jpg","https://commons.wikimedia.org/wiki/File:Columbia_University_-_Low_Memorial_Library_(48170370506).jpg","2026-10-06T01:42:18.009Z","CC BY 2.0 | https://creativecommons.org/licenses/by/2.0","HAS_LICENCE_METADATA","DRAFT"
"US_NORTHWESTERN_UNIVERSITY","northwestern-university","Northwestern University","UNIVERSITY_IMAGE","https://common.northwestern.edu/v8/images/northwestern-thumbnail.jpg","https://www.northwestern.edu/","2026-10-05T07:00:10.498Z","","REVIEW_REQUIRED","DRAFT"
"US_UNIVERSITY_OF_MICHIGAN_ANN_ARBOR","university-of-michigan-ann-arbor","University of Michigan-Ann Arbor","UNIVERSITY_IMAGE","https://thumb.wikimedia.org/wikipedia/commons/thumb/9/93/Seal_of_the_University_of_Michigan.svg/250px-Seal_of_the_University_of_Michigan.svg.png?utm_source=en.wikipedia.org&utm_campaign=api&utm_content=thumbnail","https://en.wikipedia.org/wiki/University_of_Michigan","2026-10-06T01:43:04.582Z","","REVIEW_REQUIRED","DRAFT"
"US_UNIVERSITY_OF_MICHIGAN_ANN_ARBOR","university-of-michigan-ann-arbor","University of Michigan-Ann Arbor","LOGO","https://commons.wikimedia.org/wiki/Special:Redirect/file/University%20of%20Michigan%20logo.svg","https://commons.wikimedia.org/wiki/File:University_of_Michigan_logo.svg","2026-10-06T01:43:04.582Z","Public domain","HAS_LICENCE_METADATA","DRAFT"
"US_UNIVERSITY_OF_MICHIGAN_ANN_ARBOR","university-of-michigan-ann-arbor","University of Michigan-Ann Arbor","UNIVERSITY_IMAGE","https://commons.wikimedia.org/wiki/Special:Redirect/file/AngellHall2010.JPG","https://commons.wikimedia.org/wiki/File:AngellHall2010.JPG","2026-10-06T01:43:04.582Z","CC BY 3.0 | https://creativecommons.org/licenses/by/3.0","HAS_LICENCE_METADATA","DRAFT"
"US_CARNEGIE_MELLON_UNIVERSITY","carnegie-mellon-university","Carnegie Mellon University","LOGO","https://www.cmu.edu/themes/custom/cmu_base/images/wordmarksquare-red-600x600.png","https://www.cmu.edu/","2026-10-05T07:00:20.344Z","","REVIEW_REQUIRED","DRAFT"
"US_NEW_YORK_UNIVERSITY","new-york-university","New York University","UNIVERSITY_IMAGE","https://www.nyu.edu/jcr:content/cq:featuredimage.coreimg.82.1280.jpeg","https://www.nyu.edu/","2026-10-05T07:00:22.071Z","","REVIEW_REQUIRED","DRAFT"
"US_BROWN_UNIVERSITY","brown-university","Brown University","UNIVERSITY_IMAGE","https://www.brown.edu/sites/default/files/2026-01/20211110-ADV-campusphotos-035-1_0.jpg","https://www.brown.edu/","2026-10-05T07:00:22.494Z","","REVIEW_REQUIRED","DRAFT"
"US_DUKE_UNIVERSITY","duke-university","Duke University","LOGO","https://www.duke.edu/wp-content/uploads/2026/02/duke-logo.png","https://www.duke.edu/","2026-10-05T07:00:25.362Z","","REVIEW_REQUIRED","DRAFT"
"US_DUKE_UNIVERSITY","duke-university","Duke University","UNIVERSITY_IMAGE","https://www.duke.edu/wp-content/uploads/2026/08/america-250-og.jpg","https://www.duke.edu/","2026-10-05T07:00:25.362Z","","REVIEW_REQUIRED","DRAFT"
"US_UNIVERSITY_OF_TEXAS_AT_AUSTIN","university-of-texas-at-austin","The University of Texas at Austin","UNIVERSITY_IMAGE","https://www.utexas.edu/sites/default/files/2026-07/homepage-parallax-background-image.jpg","https://www.utexas.edu/","2026-10-05T07:00:25.955Z","","REVIEW_REQUIRED","DRAFT"
"AU_UNSW_SYDNEY","unsw-sydney","UNSW Sydney","UNIVERSITY_IMAGE","https://www.unsw.edu.au/content/dam/images/unsw-wide/general/branding/2026-05-front-door/2026-05-symphony-homepage-yellow-banner.cropimg.width=700.crop=landscape.jpeg","https://www.unsw.edu.au/","2026-10-05T06:59:42.826Z","","REVIEW_REQUIRED","DRAFT"
"AU_UNIVERSITY_OF_MELBOURNE","university-of-melbourne","The University of Melbourne","UNIVERSITY_IMAGE","https://thumb.wikimedia.org/wikipedia/en/thumb/b/b4/The_University_of_Melbourne_Coat_of_Arms.svg/500px-The_University_of_Melbourne_Coat_of_Arms.svg.png?utm_source=en.wikipedia.org&utm_campaign=api&utm_content=thumbnail","https://en.wikipedia.org/wiki/University_of_Melbourne","2026-10-06T01:43:08.923Z","","REVIEW_REQUIRED","DRAFT"
"AU_UNIVERSITY_OF_MELBOURNE","university-of-melbourne","The University of Melbourne","UNIVERSITY_IMAGE","https://commons.wikimedia.org/wiki/Special:Redirect/file/Trinity%20college%20university%20of%20melbourne.jpg","https://commons.wikimedia.org/wiki/File:Trinity_college_university_of_melbourne.jpg","2026-10-06T01:43:08.923Z","Public domain","HAS_LICENCE_METADATA","DRAFT"
"AU_UNIVERSITY_OF_MELBOURNE","university-of-melbourne","The University of Melbourne","CREST","https://commons.wikimedia.org/wiki/Special:Redirect/file/Arms%20of%20the%20University%20of%20Melbourne.svg","https://commons.wikimedia.org/wiki/File:Arms_of_the_University_of_Melbourne.svg","2026-10-06T01:48:23.392Z","CC BY-SA 4.0 | https://creativecommons.org/licenses/by-sa/4.0","HAS_LICENCE_METADATA","DRAFT"
"AU_UNIVERSITY_OF_SYDNEY","university-of-sydney","The University of Sydney","LOGO","https://sydney.edu.au/content/dam/icons/logos/logo-usyd-dark.svg","https://www.sydney.edu.au/","2026-10-05T06:59:49.483Z","","REVIEW_REQUIRED","DRAFT"
"AU_UNIVERSITY_OF_SYDNEY","university-of-sydney","The University of Sydney","UNIVERSITY_IMAGE","https://www.sydney.edu.au/content/dam/homepage-hero-2026/cs6259_cropv2_highres_heromage001.jpg","https://www.sydney.edu.au/","2026-10-05T06:59:49.483Z","","REVIEW_REQUIRED","DRAFT"
"AU_MONASH_UNIVERSITY","monash-university","Monash University","UNIVERSITY_IMAGE","https://thumb.wikimedia.org/wikipedia/commons/thumb/7/74/Arms_of_Monash_University.svg/3840px-Arms_of_Monash_University.svg.png?utm_source=en.wikipedia.org&utm_campaign=api&utm_content=thumbnail","https://en.wikipedia.org/wiki/Monash_University","2026-10-06T01:43:11.666Z","","REVIEW_REQUIRED","DRAFT"
"AU_MONASH_UNIVERSITY","monash-university","Monash University","UNIVERSITY_IMAGE","https://commons.wikimedia.org/wiki/Special:Redirect/file/Monashcaulfield2.jpg","https://commons.wikimedia.org/wiki/File:Monashcaulfield2.jpg","2026-10-06T01:43:11.666Z","Public domain","HAS_LICENCE_METADATA","DRAFT"
"AU_MONASH_UNIVERSITY","monash-university","Monash University","CREST","https://commons.wikimedia.org/wiki/Special:Redirect/file/Arms%20of%20Monash%20University.svg","https://commons.wikimedia.org/wiki/File:Arms_of_Monash_University.svg","2026-10-06T01:48:23.392Z","CC BY-SA 4.0 | https://creativecommons.org/licenses/by-sa/4.0","HAS_LICENCE_METADATA","DRAFT"
"AU_UNIVERSITY_OF_WESTERN_AUSTRALIA","university-of-western-australia","The University of Western Australia","UNIVERSITY_IMAGE","https://www.uwa.edu.au/_assets/opengraph.png","https://www.uwa.edu.au/home","2026-10-05T07:00:01.766Z","","REVIEW_REQUIRED","DRAFT"
"AU_ADELAIDE_UNIVERSITY","adelaide-university","Adelaide University","LOGO","https://adelaide.edu.au/content/dam/adelaideuniversity/images/global/logos/au-logo-dark-blue-horizontal.svg","https://adelaide.edu.au/","2026-10-05T07:00:02.608Z","","REVIEW_REQUIRED","DRAFT"
"AU_UNIVERSITY_OF_TECHNOLOGY_SYDNEY","university-of-technology-sydney","University of Technology Sydney","UNIVERSITY_IMAGE","https://www.uts.edu.au/AdaptiveImages/optimizely/635a5213-c94c-49f3-944b-d2430e3eff8e/original-image-uts-campus-building-8-hr-0022.jpg?stamp=f6fa06485846bf0359a5597e98b16a6a423583a1","https://www.uts.edu.au/","2026-10-05T07:00:03.163Z","","REVIEW_REQUIRED","DRAFT"
"AU_RMIT_UNIVERSITY","rmit-university","RMIT University","LOGO","https://www.rmit.edu.au/content/dam/rmit/common-assets/logo/rmit-logo.png","https://www.rmit.edu.au/","2026-10-05T07:00:05.371Z","","REVIEW_REQUIRED","DRAFT"
"AU_RMIT_UNIVERSITY","rmit-university","RMIT University","UNIVERSITY_IMAGE","https://www.rmit.edu.au/assets/smart-crop/homepage-banner/homepage-mob-banner-bowen-st-particles-a-1440x1200.jpg","https://www.rmit.edu.au/","2026-10-05T07:00:05.371Z","","REVIEW_REQUIRED","DRAFT"
"AU_MACQUARIE_UNIVERSITY","macquarie-university","Macquarie University","LOGO","https://commons.wikimedia.org/wiki/Special:Redirect/file/Macquarie%20University%20International%20brandmark%20%E2%80%93%20Horizontal%20configuration.svg","https://commons.wikimedia.org/wiki/File:Macquarie_University_International_brandmark_%E2%80%93_Horizontal_configuration.svg","2026-10-06T01:44:04.004Z","CC0 | http://creativecommons.org/publicdomain/zero/1.0/deed.en","HAS_LICENCE_METADATA","DRAFT"
"AU_MACQUARIE_UNIVERSITY","macquarie-university","Macquarie University","UNIVERSITY_IMAGE","https://commons.wikimedia.org/wiki/Special:Redirect/file/Macquarie%20University%20New%20Library%202011.jpg","https://commons.wikimedia.org/wiki/File:Macquarie_University_New_Library_2011.jpg","2026-10-06T01:44:04.004Z","CC BY-SA 3.0 | https://creativecommons.org/licenses/by-sa/3.0","HAS_LICENCE_METADATA","DRAFT"
"AU_CURTIN_UNIVERSITY","curtin-university","Curtin University","LOGO","https://www.curtin.edu.au/wp-content/uploads/sites/4/2023/10/Logo.png","https://www.curtin.edu.au/","2026-10-05T07:00:13.367Z","","REVIEW_REQUIRED","DRAFT"
"AU_UNIVERSITY_OF_WOLLONGONG","university-of-wollongong","University of Wollongong","UNIVERSITY_IMAGE","https://www.uow.edu.au/assets/logos/999x562.jpg","https://www.uow.edu.au/","2026-10-05T07:00:15.202Z","","REVIEW_REQUIRED","DRAFT"
"AU_DEAKIN_UNIVERSITY","deakin-university","Deakin University","UNIVERSITY_IMAGE","https://thumb.wikimedia.org/wikipedia/en/thumb/7/74/Deakin_University_Logo_2017.svg/1280px-Deakin_University_Logo_2017.svg.png?utm_source=en.wikipedia.org&utm_campaign=api&utm_content=thumbnail","https://en.wikipedia.org/wiki/Deakin_University","2026-10-06T01:44:06.784Z","","REVIEW_REQUIRED","DRAFT"
"AU_DEAKIN_UNIVERSITY","deakin-university","Deakin University","LOGO","https://commons.wikimedia.org/wiki/Special:Redirect/file/Deakin%20Worldly%20Strip%20Logo.jpg","https://commons.wikimedia.org/wiki/File:Deakin_Worldly_Strip_Logo.jpg","2026-10-06T01:44:06.784Z","CC BY-SA 3.0 | https://creativecommons.org/licenses/by-sa/3.0","HAS_LICENCE_METADATA","DRAFT"
"AU_DEAKIN_UNIVERSITY","deakin-university","Deakin University","UNIVERSITY_IMAGE","https://commons.wikimedia.org/wiki/Special:Redirect/file/Deakin%20University%20Burwood%20Campus.jpg","https://commons.wikimedia.org/wiki/File:Deakin_University_Burwood_Campus.jpg","2026-10-06T01:44:06.784Z","Public domain","HAS_LICENCE_METADATA","DRAFT"
"AU_GRIFFITH_UNIVERSITY","griffith-university","Griffith University","UNIVERSITY_IMAGE","https://thumb.wikimedia.org/wikipedia/en/thumb/a/a9/Griffith_University_Logo_Variant_2022.svg/330px-Griffith_University_Logo_Variant_2022.svg.png?utm_source=en.wikipedia.org&utm_campaign=api&utm_content=thumbnail","https://en.wikipedia.org/wiki/Griffith_University","2026-10-06T01:44:09.631Z","","REVIEW_REQUIRED","DRAFT"
"AU_GRIFFITH_UNIVERSITY","griffith-university","Griffith University","UNIVERSITY_IMAGE","https://commons.wikimedia.org/wiki/Special:Redirect/file/Griffith%20University.jpg","https://commons.wikimedia.org/wiki/File:Griffith_University.jpg","2026-10-06T01:44:09.631Z","CC BY-SA 2.0 | https://creativecommons.org/licenses/by-sa/2.0","HAS_LICENCE_METADATA","DRAFT"
"AU_QUEENSLAND_UNIVERSITY_OF_TECHNOLOGY","queensland-university-of-technology","Queensland University of Technology","UNIVERSITY_IMAGE","https://upload.wikimedia.org/wikipedia/commons/b/be/Queensland_University_of_Technology%2C_Gardens_Point_campus.jpg?utm_source=en.wikipedia.org&utm_campaign=api&utm_content=thumbnail_unscaled","https://en.wikipedia.org/wiki/Queensland_University_of_Technology","2026-10-06T01:44:12.248Z","","REVIEW_REQUIRED","DRAFT"
"AU_QUEENSLAND_UNIVERSITY_OF_TECHNOLOGY","queensland-university-of-technology","Queensland University of Technology","UNIVERSITY_IMAGE","https://commons.wikimedia.org/wiki/Special:Redirect/file/QUT%20KG%20CtoA.jpg","https://commons.wikimedia.org/wiki/File:QUT_KG_CtoA.jpg","2026-10-06T01:44:12.248Z","CC BY-SA 3.0 | http://creativecommons.org/licenses/by-sa/3.0/","HAS_LICENCE_METADATA","DRAFT"
"AU_LA_TROBE_UNIVERSITY","la-trobe-university","La Trobe University","UNIVERSITY_IMAGE","https://upload.wikimedia.org/wikipedia/en/e/ed/LTU_Armorial_CMYK_small.PNG?utm_source=en.wikipedia.org&utm_campaign=api&utm_content=thumbnail_unscaled","https://en.wikipedia.org/wiki/La_Trobe_University","2026-10-06T01:45:05.895Z","","REVIEW_REQUIRED","DRAFT"
"AU_LA_TROBE_UNIVERSITY","la-trobe-university","La Trobe University","UNIVERSITY_IMAGE","https://commons.wikimedia.org/wiki/Special:Redirect/file/La%20Trobe%20University.jpg","https://commons.wikimedia.org/wiki/File:La_Trobe_University.jpg","2026-10-06T01:45:05.895Z","CC BY-SA 2.0 | https://creativecommons.org/licenses/by-sa/2.0","HAS_LICENCE_METADATA","DRAFT"
"AU_UNIVERSITY_OF_NEWCASTLE","university-of-newcastle","The University of Newcastle","UNIVERSITY_IMAGE","https://thumb.wikimedia.org/wikipedia/en/thumb/6/6b/The_University_of_Newcastle_Coat_of_Arms.svg/330px-The_University_of_Newcastle_Coat_of_Arms.svg.png?utm_source=en.wikipedia.org&utm_campaign=api&utm_content=thumbnail","https://en.wikipedia.org/wiki/University_of_Newcastle_(Australia)","2026-10-06T01:45:08.688Z","","REVIEW_REQUIRED","DRAFT"
"AU_SWINBURNE_UNIVERSITY_OF_TECHNOLOGY","swinburne-university-of-technology","Swinburne University of Technology","UNIVERSITY_IMAGE","https://www.swinburne.edu.au/content/dam/media/campaigns-restricted/timely-reign-media-comms.jpeg/_jcr_content/renditions/cq5dam.web.1280.720.jpeg","https://www.swinburne.edu.au/","2026-10-05T07:00:47.706Z","","REVIEW_REQUIRED","DRAFT"
"AU_UNIVERSITY_OF_TASMANIA","university-of-tasmania","University of Tasmania","UNIVERSITY_IMAGE","https://upload.wikimedia.org/wikipedia/en/6/60/UTasLogo.png?utm_source=en.wikipedia.org&utm_campaign=api&utm_content=thumbnail_unscaled","https://en.wikipedia.org/wiki/University_of_Tasmania","2026-10-06T01:45:11.511Z","","REVIEW_REQUIRED","DRAFT"
"AU_UNIVERSITY_OF_TASMANIA","university-of-tasmania","University of Tasmania","UNIVERSITY_IMAGE","https://commons.wikimedia.org/wiki/Special:Redirect/file/UniTas-Centenary%20Building.jpg","https://commons.wikimedia.org/wiki/File:UniTas-Centenary_Building.jpg","2026-10-06T01:45:11.511Z","Public domain","HAS_LICENCE_METADATA","DRAFT"
"SG_NATIONAL_UNIVERSITY_OF_SINGAPORE","national-university-of-singapore","National University of Singapore","UNIVERSITY_IMAGE","https://thumb.wikimedia.org/wikipedia/en/thumb/b/b9/NUS_coat_of_arms.svg/250px-NUS_coat_of_arms.svg.png?utm_source=en.wikipedia.org&utm_campaign=api&utm_content=thumbnail","https://en.wikipedia.org/wiki/National_University_of_Singapore","2026-10-06T01:46:05.291Z","","REVIEW_REQUIRED","DRAFT"
"SG_NATIONAL_UNIVERSITY_OF_SINGAPORE","national-university-of-singapore","National University of Singapore","UNIVERSITY_IMAGE","https://commons.wikimedia.org/wiki/Special:Redirect/file/NUS%2C%20University%20Cultural%20Centre%203%2C%20Nov%2006.JPG","https://commons.wikimedia.org/wiki/File:NUS%2C_University_Cultural_Centre_3%2C_Nov_06.JPG","2026-10-06T01:46:05.291Z","Copyrighted free use","HAS_LICENCE_METADATA","DRAFT"
"SG_NANYANG_TECHNOLOGICAL_UNIVERSITY","nanyang-technological-university","Nanyang Technological University, Singapore","UNIVERSITY_IMAGE","https://www.ntu.edu.sg/media/images/default-source/from-figma/ntu-placeholder-d.jpg?sfvrsn=d4050a9e_2","https://www.ntu.edu.sg/","2026-10-05T06:59:41.405Z","","REVIEW_REQUIRED","DRAFT"
"SG_SINGAPORE_UNIVERSITY_OF_SOCIAL_SCIENCES","singapore-university-of-social-sciences","Singapore University of Social Sciences","UNIVERSITY_IMAGE","https://thumb.wikimedia.org/wikipedia/en/thumb/5/50/SUSS_logo.svg/500px-SUSS_logo.svg.png?utm_source=en.wikipedia.org&utm_campaign=api&utm_content=thumbnail","https://en.wikipedia.org/wiki/Singapore_University_of_Social_Sciences","2026-10-06T01:46:07.672Z","","REVIEW_REQUIRED","DRAFT"
"SG_SINGAPORE_UNIVERSITY_OF_SOCIAL_SCIENCES","singapore-university-of-social-sciences","Singapore University of Social Sciences","LOGO","https://commons.wikimedia.org/wiki/Special:Redirect/file/SUSS%20new%20logo.png","https://commons.wikimedia.org/wiki/File:SUSS_new_logo.png","2026-10-06T01:46:07.672Z","CC BY-SA 4.0 | https://creativecommons.org/licenses/by-sa/4.0","HAS_LICENCE_METADATA","DRAFT"
"SG_SINGAPORE_UNIVERSITY_OF_SOCIAL_SCIENCES","singapore-university-of-social-sciences","Singapore University of Social Sciences","UNIVERSITY_IMAGE","https://commons.wikimedia.org/wiki/Special:Redirect/file/SUSS%20Building.jpg","https://commons.wikimedia.org/wiki/File:SUSS_Building.jpg","2026-10-06T01:46:07.672Z","CC BY-SA 4.0 | https://creativecommons.org/licenses/by-sa/4.0","HAS_LICENCE_METADATA","DRAFT"
"SG_INSEAD_ASIA_CAMPUS","insead-asia-campus","INSEAD Asia Campus","UNIVERSITY_IMAGE","https://thumb.wikimedia.org/wikipedia/en/thumb/4/46/INSEAD_Strapline_Logo.svg/500px-INSEAD_Strapline_Logo.svg.png?utm_source=en.wikipedia.org&utm_campaign=api&utm_content=thumbnail","https://en.wikipedia.org/wiki/INSEAD","2026-10-06T01:46:10.496Z","","REVIEW_REQUIRED","DRAFT"
"SG_INSEAD_ASIA_CAMPUS","insead-asia-campus","INSEAD Asia Campus","LOGO","https://commons.wikimedia.org/wiki/Special:Redirect/file/Inseadlogo.jpg","https://commons.wikimedia.org/wiki/File:Inseadlogo.jpg","2026-10-06T01:46:10.496Z","Attribution","HAS_LICENCE_METADATA","DRAFT"
"SG_INSEAD_ASIA_CAMPUS","insead-asia-campus","INSEAD Asia Campus","UNIVERSITY_IMAGE","https://commons.wikimedia.org/wiki/Special:Redirect/file/Insead%20-%20Blue%20Ocean%20Institute.jpg","https://commons.wikimedia.org/wiki/File:Insead_-_Blue_Ocean_Institute.jpg","2026-10-06T01:46:10.496Z","CC BY-SA 4.0 | https://creativecommons.org/licenses/by-sa/4.0","HAS_LICENCE_METADATA","DRAFT"
"SG_ESSEC_ASIA_PACIFIC","essec-asia-pacific","ESSEC Asia-Pacific","UNIVERSITY_IMAGE","https://thumb.wikimedia.org/wikipedia/commons/thumb/8/8a/Logo_essec2.svg/960px-Logo_essec2.svg.png?utm_source=en.wikipedia.org&utm_campaign=api&utm_content=thumbnail","https://en.wikipedia.org/wiki/ESSEC_Business_School","2026-10-06T01:46:13.423Z","","REVIEW_REQUIRED","DRAFT"
"SG_ESSEC_ASIA_PACIFIC","essec-asia-pacific","ESSEC Asia-Pacific","LOGO","https://commons.wikimedia.org/wiki/Special:Redirect/file/ESSEC%20Logo.svg","https://commons.wikimedia.org/wiki/File:ESSEC_Logo.svg","2026-10-06T01:46:13.423Z","Public domain","HAS_LICENCE_METADATA","DRAFT"
"SG_ESSEC_ASIA_PACIFIC","essec-asia-pacific","ESSEC Asia-Pacific","UNIVERSITY_IMAGE","https://commons.wikimedia.org/wiki/Special:Redirect/file/ESSEC%20campus%20cergy.jpg","https://commons.wikimedia.org/wiki/File:ESSEC_campus_cergy.jpg","2026-10-06T01:46:13.423Z","CC BY-SA 2.5 | https://creativecommons.org/licenses/by-sa/2.5","HAS_LICENCE_METADATA","DRAFT"
"SG_TUM_ASIA","tum-asia","Technical University of Munich Asia (TUM Asia)","UNIVERSITY_IMAGE","https://tum-asia.edu.sg/wp-content/uploads/2024/12/tum-main-logo.png","https://tum-asia.edu.sg/","2026-10-05T06:59:58.951Z","","REVIEW_REQUIRED","DRAFT"
"SG_SP_JAIN_SINGAPORE","sp-jain-singapore","SP Jain School of Global Management Singapore","LOGO","https://www.spjain.sg/hubfs/home2017/sp-jain-mobile-logo.jpg","https://www.spjain.sg/","2026-10-05T06:59:59.542Z","","REVIEW_REQUIRED","DRAFT"
"SG_SP_JAIN_SINGAPORE","sp-jain-singapore","SP Jain School of Global Management Singapore","UNIVERSITY_IMAGE","https://www.spjain.sg/hubfs/LOGO/SP%20Jain%20Logo%20suare.png","https://www.spjain.sg/","2026-10-05T06:59:59.542Z","","REVIEW_REQUIRED","DRAFT"
"SG_DIGIPEN_SINGAPORE","digipen-singapore","DigiPen Institute of Technology Singapore","UNIVERSITY_IMAGE","https://www.digipen.edu.sg/sites/default/files/public/img/about/about-the-campus/04-social/digipen-institute-of-technology-singapore-punggol-campus-og.webp","https://www.digipen.edu.sg/","2026-10-05T06:59:59.691Z","","REVIEW_REQUIRED","DRAFT"
"SG_SORBONNE_ASSAS_ASIA","sorbonne-assas-asia","Sorbonne-Assas International Law School – Asia","UNIVERSITY_IMAGE","https://thumb.wikimedia.org/wikipedia/commons/thumb/4/45/Logo_Panth%C3%A9on-Assas.svg/960px-Logo_Panth%C3%A9on-Assas.svg.png?utm_source=en.wikipedia.org&utm_campaign=api&utm_content=thumbnail","https://en.wikipedia.org/wiki/Paris-Panth%C3%A9on-Assas_University","2026-10-06T01:47:03.919Z","","REVIEW_REQUIRED","DRAFT"
"SG_SORBONNE_ASSAS_ASIA","sorbonne-assas-asia","Sorbonne-Assas International Law School – Asia","LOGO","https://commons.wikimedia.org/wiki/Special:Redirect/file/Logo%20Panth%C3%A9on-Assas.svg","https://commons.wikimedia.org/wiki/File:Logo_Panth%C3%A9on-Assas.svg","2026-10-06T01:47:03.919Z","Public domain","HAS_LICENCE_METADATA","DRAFT"
"SG_SORBONNE_ASSAS_ASIA","sorbonne-assas-asia","Sorbonne-Assas International Law School – Asia","UNIVERSITY_IMAGE","https://commons.wikimedia.org/wiki/Special:Redirect/file/Pantheon-Assas%20University%20-%20Panth%C3%A9on.jpg","https://commons.wikimedia.org/wiki/File:Pantheon-Assas_University_-_Panth%C3%A9on.jpg","2026-10-06T01:47:03.919Z","CC BY-SA 3.0 | https://creativecommons.org/licenses/by-sa/3.0","HAS_LICENCE_METADATA","DRAFT"
"SG_EHL_CAMPUS_SINGAPORE","ehl-campus-singapore","EHL Campus Singapore","UNIVERSITY_IMAGE","https://upload.wikimedia.org/wikipedia/commons/6/69/EHL_Logo.png?utm_source=en.wikipedia.org&utm_campaign=api&utm_content=thumbnail_unscaled","https://en.wikipedia.org/wiki/%C3%89cole_h%C3%B4teli%C3%A8re_de_Lausanne","2026-10-06T01:47:06.030Z","","REVIEW_REQUIRED","DRAFT"
"SG_EHL_CAMPUS_SINGAPORE","ehl-campus-singapore","EHL Campus Singapore","LOGO","https://commons.wikimedia.org/wiki/Special:Redirect/file/EHL%20Logo.png","https://commons.wikimedia.org/wiki/File:EHL_Logo.png","2026-10-06T01:47:06.030Z","Public domain","HAS_LICENCE_METADATA","DRAFT"
"SG_EHL_CAMPUS_SINGAPORE","ehl-campus-singapore","EHL Campus Singapore","UNIVERSITY_IMAGE","https://commons.wikimedia.org/wiki/Special:Redirect/file/Ecole-hoteliere-de-Lausanne%20-Lausanne-hospitality-management-school%20campus-aerial-view%20web.jpg","https://commons.wikimedia.org/wiki/File:Ecole-hoteliere-de-Lausanne_-Lausanne-hospitality-management-school_campus-aerial-view_web.jpg","2026-10-06T01:47:06.030Z","CC BY-SA 3.0 | https://creativecommons.org/licenses/by-sa/3.0","HAS_LICENCE_METADATA","DRAFT"
"SG_JAMES_COOK_UNIVERSITY_SINGAPORE","james-cook-university-singapore","James Cook University Singapore","UNIVERSITY_IMAGE","https://upload.wikimedia.org/wikipedia/en/9/96/James_Cook_University_Armorial_Ensigns.png?utm_source=en.wikipedia.org&utm_campaign=api&utm_content=thumbnail_unscaled","https://en.wikipedia.org/wiki/James_Cook_University_Singapore","2026-10-06T01:47:09.156Z","","REVIEW_REQUIRED","DRAFT"
"SG_CURTIN_SINGAPORE","curtin-singapore","Curtin Singapore","LOGO","https://www.curtin.edu.sg/wp-content/uploads/2025/12/curtin-singapore-logo-696x696-1.jpg","https://www.curtin.edu.sg/","2026-10-05T07:00:13.873Z","","REVIEW_REQUIRED","DRAFT"
"SG_CURTIN_SINGAPORE","curtin-singapore","Curtin Singapore","UNIVERSITY_IMAGE","https://www.curtin.edu.sg/wp-content/uploads/2025/12/curtin-singapore-campus-1200x675-1.jpg.optimal.jpg","https://www.curtin.edu.sg/","2026-10-05T07:00:13.873Z","","REVIEW_REQUIRED","DRAFT"
"SG_SIM_GLOBAL_EDUCATION","sim-global-education","Singapore Institute of Management","LOGO","https://onesim-production.s3.ap-southeast-1.amazonaws.com/onesim/media/sim-homepage/header%20logos/sim-logo-2023.svg?ext=.svg","https://www.sim.edu.sg/","2026-10-05T07:00:17.623Z","","REVIEW_REQUIRED","DRAFT"
"SG_SIM_GLOBAL_EDUCATION","sim-global-education","Singapore Institute of Management","UNIVERSITY_IMAGE","https://onesim-production.s3.ap-southeast-1.amazonaws.com/onesim/media/sim-homepage/og%20image/sim-ge-og.jpg?ext=.jpg","https://www.sim.edu.sg/","2026-10-05T07:00:17.623Z","","REVIEW_REQUIRED","DRAFT"
"SG_KAPLAN_SINGAPORE","kaplan-singapore","Kaplan Singapore","LOGO","https://www.kaplan.com.sg/themes/custom/ksg_theme/kaplan-logo.png","https://www.kaplan.com.sg/","2026-10-05T07:00:18.236Z","","REVIEW_REQUIRED","DRAFT"
"SG_PSB_ACADEMY","psb-academy","PSB Academy Singapore","LOGO","https://www.psb-academy.edu.sg/resources/others/common/logo-psb-academy.svg","https://www.psb-academy.edu.sg/","2026-10-05T07:00:20.026Z","","REVIEW_REQUIRED","DRAFT"
"SG_PSB_ACADEMY","psb-academy","PSB Academy Singapore","UNIVERSITY_IMAGE","https://www.psb-academy.edu.sg/resources/others/common/psb-academy-elearning-month-sep2026-promotion-1080x1920.jpg","https://www.psb-academy.edu.sg/","2026-10-05T07:00:20.026Z","","REVIEW_REQUIRED","DRAFT"
