"university_code","source_key","source_type","provider","field","source_url","source_page_title","checked_at","source_hash","raw_text"
"GB_IMPERIAL_COLLEGE_LONDON","imperial-college-london","EVIDENCE","OFFICIAL_WEBSITE","name","https://www.imperial.ac.uk/","Imperial College London","2026-10-05T06:59:42.028Z","14c3e8bef191c11373342a843dcadc32543363bf2e9bb46a8292d9081e77ea66","Imperial College London"
"GB_IMPERIAL_COLLEGE_LONDON","imperial-college-london","SELECTION_RANKING","QS World University Rankings","selection_rank","https://www.topuniversities.com/university-rankings-articles/world-university-rankings/top-universities-uk","英国","2026-10-05T06:59:42.028Z","","1"
"GB_UNIVERSITY_OF_OXFORD","university-of-oxford","EVIDENCE","THIRD_PARTY","description","https://en.wikipedia.org/wiki/University_of_Oxford","University of Oxford","2026-10-06T01:41:13.203Z","1245686a1fcb2fa2a50995c70e09078e769627688f45f072a2ccee81e179324b","The University of Oxford is a collegiate research university in Oxford, England. There is evidence of teaching as early as 1096, making it the oldest university in the English-speaking world and the world’s second-oldest university in continuous operation. It grew rapidly from 1167, when Henry II prohibited English students from attending the University of Paris. After escalating conflict between students and the Oxford townspeople, some Oxford academics fled northeast to Cambridge, where they established the University of Cambridge in 1209. The two universities share many common features and are jointly referred to as Oxbridge."
"GB_UNIVERSITY_OF_OXFORD","university-of-oxford","THIRD_PARTY_SOURCE","Wikidata","","https://www.wikidata.org/wiki/Q34433","University of Oxford","2026-10-06T01:41:13.203Z","a27212f7b4dee3fddf859381b8cbd2d8bcc6f5b23a8557185fc0e340c8145253","Q34433"
"GB_UNIVERSITY_OF_OXFORD","university-of-oxford","THIRD_PARTY_SOURCE","Wikipedia","","https://en.wikipedia.org/wiki/University_of_Oxford","University of Oxford","2026-10-06T01:41:13.203Z","1245686a1fcb2fa2a50995c70e09078e769627688f45f072a2ccee81e179324b",""
"GB_UNIVERSITY_OF_OXFORD","university-of-oxford","SELECTION_RANKING","QS World University Rankings","selection_rank","https://www.topuniversities.com/university-rankings-articles/world-university-rankings/top-universities-uk","英国","2026-10-06T01:48:23.391Z","","2"
"GB_UNIVERSITY_OF_CAMBRIDGE","university-of-cambridge","EVIDENCE","OFFICIAL_WEBSITE","name","https://www.cam.ac.uk/","University of Cambridge","2026-10-05T06:59:48.842Z","9a9fd4b44e94db121c7aa11402ec566d0da92d506e495a0cfb0fd7001eaeb727","University of Cambridge"
"GB_UNIVERSITY_OF_CAMBRIDGE","university-of-cambridge","EVIDENCE","OFFICIAL_WEBSITE","description","https://www.cam.ac.uk/","University of Cambridge","2026-10-05T06:59:48.842Z","9a9fd4b44e94db121c7aa11402ec566d0da92d506e495a0cfb0fd7001eaeb727","The University of Cambridge is one of the world’s leading universities, with a rich history of radical thinking dating back to 1209."
"GB_UNIVERSITY_OF_CAMBRIDGE","university-of-cambridge","SELECTION_RANKING","QS World University Rankings","selection_rank","https://www.topuniversities.com/university-rankings-articles/world-university-rankings/top-universities-uk","英国","2026-10-05T06:59:48.842Z","","3"
"GB_UNIVERSITY_COLLEGE_LONDON","university-college-london","EVIDENCE","THIRD_PARTY","description","https://en.wikipedia.org/wiki/University_College_London","University College London","2026-10-06T01:41:16.354Z","166dcc94a779c708d9d91e374a748cd74950280d2e18985d655fd56a3bff0635","University College London, which operates as UCL, is a public research university in London, England. It is a member institution of the federal University of London, and is the second-largest university in the United Kingdom by total enrolment and the largest by postgraduate enrolment."
"GB_UNIVERSITY_COLLEGE_LONDON","university-college-london","THIRD_PARTY_SOURCE","Wikidata","","https://www.wikidata.org/wiki/Q193196","University College London","2026-10-06T01:41:16.354Z","66f67a2fc225b20f506e6413c87cd7645d00c800bb9dcd21dc2a006072a6c828","Q193196"
"GB_UNIVERSITY_COLLEGE_LONDON","university-college-london","THIRD_PARTY_SOURCE","Wikipedia","","https://en.wikipedia.org/wiki/University_College_London","University College London","2026-10-06T01:41:16.354Z","166dcc94a779c708d9d91e374a748cd74950280d2e18985d655fd56a3bff0635",""
"GB_UNIVERSITY_COLLEGE_LONDON","university-college-london","SELECTION_RANKING","QS World University Rankings","selection_rank","https://www.topuniversities.com/university-rankings-articles/world-university-rankings/top-universities-uk","英国","2026-10-06T01:41:16.354Z","","4"
"GB_UNIVERSITY_OF_EDINBURGH","university-of-edinburgh","EVIDENCE","OFFICIAL_WEBSITE","name","https://www.ed.ac.uk/","The University of Edinburgh","2026-10-05T06:59:55.612Z","3811d821782c694151539a47bd12981223fe1f2c816c198f0061d05db270f08e","The University of Edinburgh"
"GB_UNIVERSITY_OF_EDINBURGH","university-of-edinburgh","SELECTION_RANKING","QS World University Rankings","selection_rank","https://www.topuniversities.com/university-rankings-articles/world-university-rankings/top-universities-uk","英国","2026-10-05T06:59:55.612Z","","5"
"GB_KINGS_COLLEGE_LONDON","kings-college-london","EVIDENCE","OFFICIAL_WEBSITE","name","https://www.kcl.ac.uk/","King's College London","2026-10-05T06:59:57.322Z","3f32d7568b52cd2a89ff109d4a9d9d555efafb9052097671f28138d7972a2055","King’s College London"
"GB_KINGS_COLLEGE_LONDON","kings-college-london","SELECTION_RANKING","QS World University Rankings","selection_rank","https://www.topuniversities.com/university-rankings-articles/world-university-rankings/top-universities-uk","英国","2026-10-05T06:59:57.322Z","","6"
"GB_UNIVERSITY_OF_MANCHESTER","university-of-manchester","EVIDENCE","OFFICIAL_WEBSITE","name","https://www.manchester.ac.uk/","The University of Manchester","2026-10-05T06:59:58.295Z","fef8f6c0964c5d9763be55d31b61694677cd28968eed8686c0ba3d00988ebf2d","The University of Manchester"
"GB_UNIVERSITY_OF_MANCHESTER","university-of-manchester","SELECTION_RANKING","QS World University Rankings","selection_rank","https://www.topuniversities.com/university-rankings-articles/world-university-rankings/top-universities-uk","英国","2026-10-05T06:59:58.295Z","","7"
"GB_UNIVERSITY_OF_BRISTOL","university-of-bristol","EVIDENCE","THIRD_PARTY","description","https://en.wikipedia.org/wiki/University_of_Bristol","University of Bristol","2026-10-06T01:41:19.145Z","c31c412caaed190df229d2a375aae7ada6d0cfcd3673ad4992dd4874f87fb410","The University of Bristol is a public research university in Bristol, England. It received its royal charter in 1909, although it can trace its roots to University College, Bristol, established in 1876. Bristol Medical School, founded in 1833, was merged with the university college in 1893, and later became the university's school of medicine."
"GB_UNIVERSITY_OF_BRISTOL","university-of-bristol","THIRD_PARTY_SOURCE","Wikidata","","https://www.wikidata.org/wiki/Q459506","University of Bristol","2026-10-06T01:41:19.145Z","d27119b306aed23aba7f93a5a0234ffdfbafa48d47b55a1d9f951216d91b2df4","Q459506"
"GB_UNIVERSITY_OF_BRISTOL","university-of-bristol","THIRD_PARTY_SOURCE","Wikipedia","","https://en.wikipedia.org/wiki/University_of_Bristol","University of Bristol","2026-10-06T01:41:19.145Z","c31c412caaed190df229d2a375aae7ada6d0cfcd3673ad4992dd4874f87fb410",""
"GB_UNIVERSITY_OF_BRISTOL","university-of-bristol","SELECTION_RANKING","QS World University Rankings","selection_rank","https://www.topuniversities.com/university-rankings-articles/world-university-rankings/top-universities-uk","英国","2026-10-06T01:48:23.392Z","","8"
"GB_LONDON_SCHOOL_OF_ECONOMICS","london-school-of-economics","EVIDENCE","OFFICIAL_WEBSITE","name","https://www.lse.ac.uk/","The London School of Economics and Political Science - LSE","2026-10-05T07:00:08.465Z","e473e8a9ebb728239ff0684e4c90b7f8aeb042ddbd9d0f24f8efde1e128c3755","The London School of Economics and Political Science"
"GB_LONDON_SCHOOL_OF_ECONOMICS","london-school-of-economics","SELECTION_RANKING","QS World University Rankings","selection_rank","https://www.topuniversities.com/university-rankings-articles/world-university-rankings/top-universities-uk","英国","2026-10-05T07:00:08.465Z","","9"
"GB_UNIVERSITY_OF_WARWICK","university-of-warwick","EVIDENCE","OFFICIAL_WEBSITE","name","https://warwick.ac.uk/","University of Warwick - Study at a top 10 UK University","2026-10-05T07:00:09.451Z","e8c204d95c7a9ff7a6a0a19c7f7ffc63746a520c977bb04958bcac19694f078e","University of Warwick"
"GB_UNIVERSITY_OF_WARWICK","university-of-warwick","EVIDENCE","OFFICIAL_WEBSITE","description","https://warwick.ac.uk/","University of Warwick - Study at a top 10 UK University","2026-10-05T07:00:09.451Z","e8c204d95c7a9ff7a6a0a19c7f7ffc63746a520c977bb04958bcac19694f078e","A leading UK university offering undergraduate and postgraduate programmes across arts, sciences, engineering and social sciences."
"GB_UNIVERSITY_OF_WARWICK","university-of-warwick","EVIDENCE","OFFICIAL_WEBSITE","city","https://warwick.ac.uk/","University of Warwick - Study at a top 10 UK University","2026-10-05T07:00:09.451Z","e8c204d95c7a9ff7a6a0a19c7f7ffc63746a520c977bb04958bcac19694f078e","Coventry"
"GB_UNIVERSITY_OF_WARWICK","university-of-warwick","EVIDENCE","OFFICIAL_WEBSITE","countryRaw","https://warwick.ac.uk/","University of Warwick - Study at a top 10 UK University","2026-10-05T07:00:09.451Z","e8c204d95c7a9ff7a6a0a19c7f7ffc63746a520c977bb04958bcac19694f078e","GB"
"GB_UNIVERSITY_OF_WARWICK","university-of-warwick","SELECTION_RANKING","QS World University Rankings","selection_rank","https://www.topuniversities.com/university-rankings-articles/world-university-rankings/top-universities-uk","英国","2026-10-05T07:00:09.451Z","","10"
"GB_UNIVERSITY_OF_BIRMINGHAM","university-of-birmingham","EVIDENCE","OFFICIAL_WEBSITE","name","https://www.birmingham.ac.uk/","A leading global university - University of Birmingham","2026-10-05T07:00:11.116Z","3976956cc4c1952e1055ff70f36bab3718ea06dab05520729924f675ae81ecc9","University of Birmingham"
"GB_UNIVERSITY_OF_BIRMINGHAM","university-of-birmingham","SELECTION_RANKING","QS World University Rankings","selection_rank","https://www.topuniversities.com/world-university-rankings","英国","2026-10-05T07:00:11.116Z","","11"
"GB_UNIVERSITY_OF_GLASGOW","university-of-glasgow","EVIDENCE","OFFICIAL_WEBSITE","name","https://www.gla.ac.uk/","The University of Glasgow, Scotland, UK. A world top 100 university","2026-10-05T07:00:12.384Z","1cc131b90a6d8dc05f7879de2a8d377f76802d8bad66b028043ce3fb6e3df6f9","University of Glasgow"
"GB_UNIVERSITY_OF_GLASGOW","university-of-glasgow","SELECTION_RANKING","QS World University Rankings","selection_rank","https://www.topuniversities.com/world-university-rankings","英国","2026-10-05T07:00:12.384Z","","12"
"GB_UNIVERSITY_OF_SOUTHAMPTON","university-of-southampton","EVIDENCE","OFFICIAL_WEBSITE","name","https://www.southampton.ac.uk/","Changing the world starts with how we see it | University of Southampton","2026-10-05T07:00:14.508Z","924a8084b9d523bb409831f627b60dc2d0ebd2ae77396b27de7415cf0a10127b","University of Southampton"
"GB_UNIVERSITY_OF_SOUTHAMPTON","university-of-southampton","EVIDENCE","OFFICIAL_WEBSITE","city","https://www.southampton.ac.uk/","Changing the world starts with how we see it | University of Southampton","2026-10-05T07:00:14.508Z","924a8084b9d523bb409831f627b60dc2d0ebd2ae77396b27de7415cf0a10127b","Southampton"
"GB_UNIVERSITY_OF_SOUTHAMPTON","university-of-southampton","EVIDENCE","OFFICIAL_WEBSITE","countryRaw","https://www.southampton.ac.uk/","Changing the world starts with how we see it | University of Southampton","2026-10-05T07:00:14.508Z","924a8084b9d523bb409831f627b60dc2d0ebd2ae77396b27de7415cf0a10127b","United Kingdom"
"GB_UNIVERSITY_OF_SOUTHAMPTON","university-of-southampton","SELECTION_RANKING","QS World University Rankings","selection_rank","https://www.topuniversities.com/world-university-rankings","英国","2026-10-05T07:00:14.508Z","","13"
"GB_UNIVERSITY_OF_LEEDS","university-of-leeds","EVIDENCE","OFFICIAL_WEBSITE","name","https://www.leeds.ac.uk/","University of Leeds","2026-10-05T07:00:16.341Z","78096277c083d2abe0114983ccf39c603c01f0ab7793ed4777b9ff0cf9fcba42","University of Leeds"
"GB_UNIVERSITY_OF_LEEDS","university-of-leeds","SELECTION_RANKING","QS World University Rankings","selection_rank","https://www.topuniversities.com/world-university-rankings","英国","2026-10-05T07:00:16.341Z","","14"
"GB_UNIVERSITY_OF_SHEFFIELD","university-of-sheffield","EVIDENCE","OFFICIAL_WEBSITE","name","https://sheffield.ac.uk/","Home | The University of Sheffield","2026-10-05T07:00:17.726Z","21dd9477451dc21fe7f1304eff053ff0c678a708168fc48f5d07a95d910b2b86","The University of Sheffield"
"GB_UNIVERSITY_OF_SHEFFIELD","university-of-sheffield","SELECTION_RANKING","QS World University Rankings","selection_rank","https://www.topuniversities.com/world-university-rankings","英国","2026-10-05T07:00:17.726Z","","15"
"GB_DURHAM_UNIVERSITY","durham-university","EVIDENCE","THIRD_PARTY","description","https://en.wikipedia.org/wiki/Durham_University","Durham University","2026-10-06T01:41:23.431Z","81d4a6ba802360dc9599362bd50c76c1d901316d59037aa0adb1d46a0b4522fc","The University of Durham, which operates under the trading name of Durham University, is a collegiate public research university in Durham, England, founded by an Act of Parliament in 1832 and incorporated by royal charter in 1837. It was the first recognised university to open in England for more than 600 years, after Oxford and Cambridge, and is thus identified by historians as the third-oldest university in England. As a collegiate university, its main functions are divided between the academic departments of the university and its 17 colleges. In general, the departments perform research and provide teaching to students, while the colleges are responsible for their domestic arrangements and welfare."
"GB_DURHAM_UNIVERSITY","durham-university","THIRD_PARTY_SOURCE","Wikidata","","https://www.wikidata.org/wiki/Q458393","Durham University","2026-10-06T01:41:23.431Z","c58d50c4520d508f6f1bf46d157b034f00d839ded4ac4e93c55689dc20636cb9","Q458393"
"GB_DURHAM_UNIVERSITY","durham-university","THIRD_PARTY_SOURCE","Wikipedia","","https://en.wikipedia.org/wiki/Durham_University","Durham University","2026-10-06T01:41:23.431Z","81d4a6ba802360dc9599362bd50c76c1d901316d59037aa0adb1d46a0b4522fc",""
"GB_DURHAM_UNIVERSITY","durham-university","SELECTION_RANKING","QS World University Rankings","selection_rank","https://www.topuniversities.com/world-university-rankings","英国","2026-10-06T01:48:23.392Z","","16"
"GB_UNIVERSITY_OF_NOTTINGHAM","university-of-nottingham","EVIDENCE","OFFICIAL_WEBSITE","name","https://www.nottingham.ac.uk/","University of Nottingham","2026-10-05T07:00:25.864Z","e2df9eae85e2a527937e598c5314647f8d694b67dd0fe17cfe75f2ddd4b5ac11","University of Nottingham"
"GB_UNIVERSITY_OF_NOTTINGHAM","university-of-nottingham","SELECTION_RANKING","QS World University Rankings","selection_rank","https://www.topuniversities.com/world-university-rankings","英国","2026-10-05T07:00:25.864Z","","17"
"GB_UNIVERSITY_OF_ST_ANDREWS","university-of-st-andrews","EVIDENCE","OFFICIAL_WEBSITE","name","https://www.st-andrews.ac.uk/","","2026-10-05T07:00:26.939Z","d5b71d1edb3a713f968433f691c84ab969eab45d72688be7230de3e47e4c3df8","University of St Andrews"
"GB_UNIVERSITY_OF_ST_ANDREWS","university-of-st-andrews","EVIDENCE","OFFICIAL_WEBSITE","city","https://www.st-andrews.ac.uk/","","2026-10-05T07:00:26.939Z","d5b71d1edb3a713f968433f691c84ab969eab45d72688be7230de3e47e4c3df8","St Andrews"
"GB_UNIVERSITY_OF_ST_ANDREWS","university-of-st-andrews","EVIDENCE","OFFICIAL_WEBSITE","countryRaw","https://www.st-andrews.ac.uk/","","2026-10-05T07:00:26.939Z","d5b71d1edb3a713f968433f691c84ab969eab45d72688be7230de3e47e4c3df8","United Kingdom"
"GB_UNIVERSITY_OF_ST_ANDREWS","university-of-st-andrews","SELECTION_RANKING","QS World University Rankings","selection_rank","https://www.topuniversities.com/world-university-rankings","英国","2026-10-05T07:00:26.939Z","","18"
"GB_QUEEN_MARY_UNIVERSITY_OF_LONDON","queen-mary-university-of-london","EVIDENCE","THIRD_PARTY","description","https://en.wikipedia.org/wiki/Queen_Mary_University_of_London","Queen Mary University of London","2026-10-06T01:42:03.896Z","d4a3c14020d0bd528e928a0c847e8cd5916df68b57ba95489c52234b5bc9c5df","Queen Mary University of London is a public research university in Mile End, East London, England. It is a member institution of the federal University of London. Queen Mary is a member of the Russell Group of research-intensive British universities, the Association of Commonwealth Universities and Universities UK."
"GB_QUEEN_MARY_UNIVERSITY_OF_LONDON","queen-mary-university-of-london","THIRD_PARTY_SOURCE","Wikidata","","https://www.wikidata.org/wiki/Q195668","Queen Mary University of London","2026-10-06T01:42:03.896Z","bf664f7d7b7267a1d1e1a82e7933ebf672e755fd07a8e300613592cf100622a3","Q195668"
"GB_QUEEN_MARY_UNIVERSITY_OF_LONDON","queen-mary-university-of-london","THIRD_PARTY_SOURCE","Wikipedia","","https://en.wikipedia.org/wiki/Queen_Mary_University_of_London","Queen Mary University of London","2026-10-06T01:42:03.896Z","d4a3c14020d0bd528e928a0c847e8cd5916df68b57ba95489c52234b5bc9c5df",""
"GB_QUEEN_MARY_UNIVERSITY_OF_LONDON","queen-mary-university-of-london","SELECTION_RANKING","QS World University Rankings","selection_rank","https://www.topuniversities.com/world-university-rankings","英国","2026-10-06T01:42:03.896Z","","19"
"GB_UNIVERSITY_OF_BATH","university-of-bath","EVIDENCE","OFFICIAL_WEBSITE","name","https://www.bath.ac.uk/","University of Bath","2026-10-05T07:00:35.028Z","1588dea5d8ab2d8874393270de1b98f9e498a31ba568e0633a4b21a4e56fbe8c","University of Bath"
"GB_UNIVERSITY_OF_BATH","university-of-bath","SELECTION_RANKING","QS World University Rankings","selection_rank","https://www.topuniversities.com/world-university-rankings","英国","2026-10-05T07:00:35.028Z","","20"
"US_MASSACHUSETTS_INSTITUTE_OF_TECHNOLOGY","massachusetts-institute-of-technology","EVIDENCE","OFFICIAL_WEBSITE","name","https://www.mit.edu/","MIT - Massachusetts Institute of Technology","2026-10-05T06:59:41.783Z","2e608012e97b356211bdb60db5565604e94f0a7d66f4af41796b329986e8ef15","Massachusetts Institute of Technology"
"US_MASSACHUSETTS_INSTITUTE_OF_TECHNOLOGY","massachusetts-institute-of-technology","SELECTION_RANKING","QS World University Rankings","selection_rank","https://www.topuniversities.com/where-to-study/north-america/united-states/ranked-top-100-us-universities","美国","2026-10-05T06:59:41.783Z","","1"
"US_STANFORD_UNIVERSITY","stanford-university","EVIDENCE","OFFICIAL_WEBSITE","name","https://www.stanford.edu/","Stanford University","2026-10-05T06:59:41.948Z","1a9987181e8b2533211eb3cdf3d7d17f2bd98287ed5e551c03f38c7d21698ae6","Stanford University"
"US_STANFORD_UNIVERSITY","stanford-university","SELECTION_RANKING","QS World University Rankings","selection_rank","https://www.topuniversities.com/where-to-study/north-america/united-states/ranked-top-100-us-universities","美国","2026-10-05T06:59:41.948Z","","2"
"US_HARVARD_UNIVERSITY","harvard-university","EVIDENCE","OFFICIAL_WEBSITE","name","https://www.harvard.edu/","Harvard University","2026-10-05T06:59:42.047Z","af4c493a03b5cfe5df5df05e9aa13c9cc0070d0b775347472e689a9d8383c38d","Harvard University"
"US_HARVARD_UNIVERSITY","harvard-university","SELECTION_RANKING","QS World University Rankings","selection_rank","https://www.topuniversities.com/where-to-study/north-america/united-states/ranked-top-100-us-universities","美国","2026-10-05T06:59:42.047Z","","3"
"US_CALIFORNIA_INSTITUTE_OF_TECHNOLOGY","california-institute-of-technology","EVIDENCE","OFFICIAL_WEBSITE","name","https://www.caltech.edu/","Home - www.caltech.edu","2026-10-05T06:59:42.819Z","cb29c893d463a5e8708b1ecf058e79304615fcda032693155759065ae5686cbe","California Institute of Technology"
"US_CALIFORNIA_INSTITUTE_OF_TECHNOLOGY","california-institute-of-technology","SELECTION_RANKING","QS World University Rankings","selection_rank","https://www.topuniversities.com/where-to-study/north-america/united-states/ranked-top-100-us-universities","美国","2026-10-05T06:59:42.819Z","","4"
"US_UNIVERSITY_OF_PENNSYLVANIA","university-of-pennsylvania","EVIDENCE","OFFICIAL_WEBSITE","name","https://www.upenn.edu/","University of Pennsylvania","2026-10-05T06:59:43.148Z","67851d60501a5bf0535f3baad290ebea46e501b7c964e424dbaf9598c26b2974","University of Pennsylvania"
"US_UNIVERSITY_OF_PENNSYLVANIA","university-of-pennsylvania","SELECTION_RANKING","QS World University Rankings","selection_rank","https://www.topuniversities.com/where-to-study/north-america/united-states/ranked-top-100-us-universities","美国","2026-10-05T06:59:43.148Z","","5"
"US_CORNELL_UNIVERSITY","cornell-university","EVIDENCE","OFFICIAL_WEBSITE","name","https://www.cornell.edu/","Cornell University","2026-10-05T06:59:44.200Z","abc59afdc3c404161882e56d4057baa2fcdb34dd5938bea12ecf34943b2aad94","Cornell University"
"US_CORNELL_UNIVERSITY","cornell-university","SELECTION_RANKING","QS World University Rankings","selection_rank","https://www.topuniversities.com/where-to-study/north-america/united-states/ranked-top-100-us-universities","美国","2026-10-05T06:59:44.200Z","","6"
"US_YALE_UNIVERSITY","yale-university","EVIDENCE","OFFICIAL_WEBSITE","name","https://www.yale.edu/","Yale University","2026-10-05T06:59:44.513Z","f71fddc4bb7e76c6c581490c4ab372f2619bcd603b250c6925eee9058448cc33","Yale University"
"US_YALE_UNIVERSITY","yale-university","SELECTION_RANKING","QS World University Rankings","selection_rank","https://www.topuniversities.com/where-to-study/north-america/united-states/ranked-top-100-us-universities","美国","2026-10-05T06:59:44.513Z","","7"
"US_JOHNS_HOPKINS_UNIVERSITY","johns-hopkins-university","EVIDENCE","THIRD_PARTY","description","https://en.wikipedia.org/wiki/Johns_Hopkins_University","Johns Hopkins University","2026-10-06T01:42:08.001Z","90af95b0634d39ad907fd5908cd18152b6dcc742b4cb2566b309382448ff0c29","Johns Hopkins University (JHU), often abbreviated as Hopkins, is a private research university in Baltimore, Maryland, United States. Incorporated in 1867 and opened in 1876 based on the European research institution model, Johns Hopkins is considered to be the first research university in the U.S."
"US_JOHNS_HOPKINS_UNIVERSITY","johns-hopkins-university","THIRD_PARTY_SOURCE","Wikidata","","https://www.wikidata.org/wiki/Q193727","Johns Hopkins University","2026-10-06T01:42:08.001Z","6d5d22d11899a08706ce4ef1b7411408b2bd646c081c4143812bc3e1c972d13c","Q193727"
"US_JOHNS_HOPKINS_UNIVERSITY","johns-hopkins-university","THIRD_PARTY_SOURCE","Wikipedia","","https://en.wikipedia.org/wiki/Johns_Hopkins_University","Johns Hopkins University","2026-10-06T01:42:08.001Z","90af95b0634d39ad907fd5908cd18152b6dcc742b4cb2566b309382448ff0c29",""
"US_JOHNS_HOPKINS_UNIVERSITY","johns-hopkins-university","SELECTION_RANKING","QS World University Rankings","selection_rank","https://www.topuniversities.com/where-to-study/north-america/united-states/ranked-top-100-us-universities","美国","2026-10-06T01:42:08.001Z","","8"
"US_UNIVERSITY_OF_CALIFORNIA_BERKELEY","university-of-california-berkeley","EVIDENCE","OFFICIAL_WEBSITE","name","https://www.berkeley.edu/","University of California, Berkeley: Home","2026-10-05T06:59:51.455Z","520c8b6fcfb1cb2f85fc5d47e322abf63521de432973d2c28552b967ed759b06","University of California, Berkeley"
"US_UNIVERSITY_OF_CALIFORNIA_BERKELEY","university-of-california-berkeley","SELECTION_RANKING","QS World University Rankings","selection_rank","https://www.topuniversities.com/where-to-study/north-america/united-states/ranked-top-100-us-universities","美国","2026-10-05T06:59:51.455Z","","9"
"US_UNIVERSITY_OF_CHICAGO","university-of-chicago","EVIDENCE","OFFICIAL_WEBSITE","name","https://www.uchicago.edu/","The University of Chicago","2026-10-05T06:59:53.143Z","9a34c0f347094996c4fbd41bd3a4a9c5e84e40db914a10cb7bd3504fb474d2d8","University of Chicago"
"US_UNIVERSITY_OF_CHICAGO","university-of-chicago","SELECTION_RANKING","QS World University Rankings","selection_rank","https://www.topuniversities.com/where-to-study/north-america/united-states/ranked-top-100-us-universities","美国","2026-10-05T06:59:53.143Z","","10"
"US_PRINCETON_UNIVERSITY","princeton-university","EVIDENCE","THIRD_PARTY","description","https://en.wikipedia.org/wiki/Princeton_University","Princeton University","2026-10-06T01:42:14.900Z","3f8d75a7d95d45c30354fb87e2a99d31a5fef33d1e47e8b0d21f89e0e6631d29","Princeton University is a private Ivy League research university in Princeton, New Jersey, United States. Founded in 1746 in Elizabeth as the College of New Jersey, Princeton is the fourth-oldest institution of higher education in the United States and one of the nine colonial colleges chartered before the American Revolution. The institution moved to Newark in 1747 and then to its Mercer County campus in Princeton nine years later. It officially became a university in 1896 and was subsequently renamed Princeton University."
"US_PRINCETON_UNIVERSITY","princeton-university","THIRD_PARTY_SOURCE","Wikidata","","https://www.wikidata.org/wiki/Q21578","Princeton University","2026-10-06T01:42:14.900Z","a666f2026361876e2ca3ac466d2d7c3ef5277c3fce689e795141361242db5d46","Q21578"
"US_PRINCETON_UNIVERSITY","princeton-university","THIRD_PARTY_SOURCE","Wikipedia","","https://en.wikipedia.org/wiki/Princeton_University","Princeton University","2026-10-06T01:42:14.900Z","3f8d75a7d95d45c30354fb87e2a99d31a5fef33d1e47e8b0d21f89e0e6631d29",""
"US_PRINCETON_UNIVERSITY","princeton-university","SELECTION_RANKING","QS World University Rankings","selection_rank","https://www.topuniversities.com/where-to-study/north-america/united-states/ranked-top-100-us-universities","美国","2026-10-06T01:42:14.900Z","","11"
"US_COLUMBIA_UNIVERSITY","columbia-university","EVIDENCE","THIRD_PARTY","description","https://en.wikipedia.org/wiki/Columbia_University","Columbia University","2026-10-06T01:42:18.009Z","8fc5880816755fc617d48c27822f7184b0b19aee4280f6873a0be6f47f83b343","Columbia University in the City of New York, commonly referred to as Columbia University, is a private Ivy League research university in New York City, United States. Established in 1754 as King's College by royal charter under George II of Great Britain on the grounds of Trinity Church in Manhattan, it is the oldest institution of higher education in New York and the fifth-oldest in the United States."
"US_COLUMBIA_UNIVERSITY","columbia-university","THIRD_PARTY_SOURCE","Wikidata","","https://www.wikidata.org/wiki/Q49088","Columbia University","2026-10-06T01:42:18.009Z","a8b96002aaf2c9d685328c236fcfb6b0ded0ccdaa6ab0c9aed6aad466c316f84","Q49088"
"US_COLUMBIA_UNIVERSITY","columbia-university","THIRD_PARTY_SOURCE","Wikipedia","","https://en.wikipedia.org/wiki/Columbia_University","Columbia University","2026-10-06T01:42:18.009Z","8fc5880816755fc617d48c27822f7184b0b19aee4280f6873a0be6f47f83b343",""
"US_COLUMBIA_UNIVERSITY","columbia-university","SELECTION_RANKING","QS World University Rankings","selection_rank","https://www.topuniversities.com/where-to-study/north-america/united-states/ranked-top-100-us-universities","美国","2026-10-06T01:42:18.009Z","","12"
"US_NORTHWESTERN_UNIVERSITY","northwestern-university","EVIDENCE","OFFICIAL_WEBSITE","name","https://www.northwestern.edu/","Northwestern University","2026-10-05T07:00:10.498Z","3ff670d303c15201e5fb50ab8e1aee0b66ea1ff601aea2e8bc81df0abec508b1","Northwestern University"
"US_NORTHWESTERN_UNIVERSITY","northwestern-university","SELECTION_RANKING","QS World University Rankings","selection_rank","https://www.topuniversities.com/where-to-study/north-america/united-states/ranked-top-100-us-universities","美国","2026-10-05T07:00:10.498Z","","13"
"US_UNIVERSITY_OF_CALIFORNIA_LOS_ANGELES","university-of-california-los-angeles","EVIDENCE","OFFICIAL_WEBSITE","name","https://www.ucla.edu/","A World Leader in Education and Research Excellence | UCLA","2026-10-05T07:00:11.716Z","3612c74d84a632115c1e2c06c3c0925bb5cb2dfd0540a9ebcd1de1fe76151599","University of California, Los Angeles"
"US_UNIVERSITY_OF_CALIFORNIA_LOS_ANGELES","university-of-california-los-angeles","SELECTION_RANKING","QS World University Rankings","selection_rank","https://www.topuniversities.com/where-to-study/north-america/united-states/ranked-top-100-us-universities","美国","2026-10-05T07:00:11.716Z","","14"
"US_UNIVERSITY_OF_MICHIGAN_ANN_ARBOR","university-of-michigan-ann-arbor","EVIDENCE","THIRD_PARTY","description","https://en.wikipedia.org/wiki/University_of_Michigan","University of Michigan","2026-10-06T01:43:04.582Z","110eeb6cf98f24e0b4678e4f2242754e1348f799da05ad202278eb2cbc459620","The University of Michigan is a public research university in Ann Arbor, Michigan, United States. It was founded in 1817 and is the oldest institution of higher education in the state. It is also one of the earliest American research universities and is a founding member of the Association of American Universities."
"US_UNIVERSITY_OF_MICHIGAN_ANN_ARBOR","university-of-michigan-ann-arbor","THIRD_PARTY_SOURCE","Wikidata","","https://www.wikidata.org/wiki/Q230492","University of Michigan","2026-10-06T01:43:04.582Z","d9387515a7899707b34839c6e1c4a55f86926ca6f137014d5f32bc173f3b931f","Q230492"
"US_UNIVERSITY_OF_MICHIGAN_ANN_ARBOR","university-of-michigan-ann-arbor","THIRD_PARTY_SOURCE","Wikipedia","","https://en.wikipedia.org/wiki/University_of_Michigan","University of Michigan","2026-10-06T01:43:04.582Z","110eeb6cf98f24e0b4678e4f2242754e1348f799da05ad202278eb2cbc459620",""
"US_UNIVERSITY_OF_MICHIGAN_ANN_ARBOR","university-of-michigan-ann-arbor","SELECTION_RANKING","QS World University Rankings","selection_rank","https://www.topuniversities.com/where-to-study/north-america/united-states/ranked-top-100-us-universities","美国","2026-10-06T01:43:04.582Z","","15"
"US_CARNEGIE_MELLON_UNIVERSITY","carnegie-mellon-university","EVIDENCE","OFFICIAL_WEBSITE","name","https://www.cmu.edu/","Carnegie Mellon University | CMU","2026-10-05T07:00:20.344Z","a1bcf43df8649fd02856dbfa36b560044fa8fb01a40c0e7f3daf5674e1d580ff","Carnegie Mellon University"
"US_CARNEGIE_MELLON_UNIVERSITY","carnegie-mellon-university","EVIDENCE","OFFICIAL_WEBSITE","description","https://www.cmu.edu/","Carnegie Mellon University | CMU","2026-10-05T07:00:20.344Z","a1bcf43df8649fd02856dbfa36b560044fa8fb01a40c0e7f3daf5674e1d580ff","Carnegie Mellon University"
"US_CARNEGIE_MELLON_UNIVERSITY","carnegie-mellon-university","SELECTION_RANKING","QS World University Rankings","selection_rank","https://www.topuniversities.com/where-to-study/north-america/united-states/ranked-top-100-us-universities","美国","2026-10-05T07:00:20.344Z","","16"
"US_NEW_YORK_UNIVERSITY","new-york-university","EVIDENCE","OFFICIAL_WEBSITE","name","https://www.nyu.edu/","New York University","2026-10-05T07:00:22.071Z","6c730918ecb26652c6681a8e6788b07ced8b24fddcb29c177c13f63e7efc9c62","New York University"
"US_NEW_YORK_UNIVERSITY","new-york-university","SELECTION_RANKING","QS World University Rankings","selection_rank","https://www.topuniversities.com/where-to-study/north-america/united-states/ranked-top-100-us-universities","美国","2026-10-05T07:00:22.071Z","","17"
"US_BROWN_UNIVERSITY","brown-university","EVIDENCE","OFFICIAL_WEBSITE","name","https://www.brown.edu/","Brown University","2026-10-05T07:00:22.494Z","3e1a1744f5927d84dd5b85f2260db37db0ec98ec5dbe07ed9f1eb52bd5f599b1","Brown University"
"US_BROWN_UNIVERSITY","brown-university","SELECTION_RANKING","QS World University Rankings","selection_rank","https://www.topuniversities.com/where-to-study/north-america/united-states/ranked-top-100-us-universities","美国","2026-10-05T07:00:22.494Z","","18"
"US_DUKE_UNIVERSITY","duke-university","EVIDENCE","OFFICIAL_WEBSITE","name","https://www.duke.edu/","Duke University - Fueled by creativity, informed by scholarship","2026-10-05T07:00:25.362Z","dc3a3f84d6d2ab9b0f88ca2435c89eafc3db99489202c353b81c32dbe0ae4b98","Duke University"
"US_DUKE_UNIVERSITY","duke-university","SELECTION_RANKING","QS World University Rankings","selection_rank","https://www.topuniversities.com/where-to-study/north-america/united-states/ranked-top-100-us-universities","美国","2026-10-05T07:00:25.362Z","","19"
"US_UNIVERSITY_OF_TEXAS_AT_AUSTIN","university-of-texas-at-austin","EVIDENCE","OFFICIAL_WEBSITE","name","https://www.utexas.edu/","The University of Texas at Austin","2026-10-05T07:00:25.955Z","a8ddbad12c773bba06f618c53996b412bf34748dafda91521b1449ae9fe075ec","The University of Texas at Austin"
"US_UNIVERSITY_OF_TEXAS_AT_AUSTIN","university-of-texas-at-austin","SELECTION_RANKING","QS World University Rankings","selection_rank","https://www.topuniversities.com/where-to-study/north-america/united-states/ranked-top-100-us-universities","美国","2026-10-05T07:00:25.955Z","","20"
"AU_UNSW_SYDNEY","unsw-sydney","EVIDENCE","OFFICIAL_WEBSITE","name","https://www.unsw.edu.au/","UNSW Sydney | Australia's #1 university","2026-10-05T06:59:42.826Z","3ceba17663a5cd9cedd8bcae6551bddb7be022240c2170bbe0d66dc3fbd95396","UNSW Sydney"
"AU_UNSW_SYDNEY","unsw-sydney","SELECTION_RANKING","QS World University Rankings","selection_rank","https://www.topuniversities.com/where-to-study/oceania/australia/guide","澳大利亚","2026-10-05T06:59:42.826Z","","1"
"AU_UNIVERSITY_OF_MELBOURNE","university-of-melbourne","EVIDENCE","THIRD_PARTY","description","https://en.wikipedia.org/wiki/University_of_Melbourne","University of Melbourne","2026-10-06T01:43:08.923Z","8ac76c5495816f8fa45771809f89e52c92233bcf8e1ea3e541d9c9c2525837b1","The University of Melbourne is a public research university located in Melbourne, Australia. Founded in 1853, it is Australia's second oldest university and the oldest in the state of Victoria. Its main campus is located in Parkville, an inner suburb north of Melbourne's central business district, with several other campuses located across the state of Victoria."
"AU_UNIVERSITY_OF_MELBOURNE","university-of-melbourne","THIRD_PARTY_SOURCE","Wikidata","","https://www.wikidata.org/wiki/Q319078","University of Melbourne","2026-10-06T01:43:08.923Z","37540c60301cd62ba2a7480c2ead6bd75ddba1401ab285d6ffc9707714a8e6a4","Q319078"
"AU_UNIVERSITY_OF_MELBOURNE","university-of-melbourne","THIRD_PARTY_SOURCE","Wikipedia","","https://en.wikipedia.org/wiki/University_of_Melbourne","University of Melbourne","2026-10-06T01:43:08.923Z","8ac76c5495816f8fa45771809f89e52c92233bcf8e1ea3e541d9c9c2525837b1",""
"AU_UNIVERSITY_OF_MELBOURNE","university-of-melbourne","SELECTION_RANKING","QS World University Rankings","selection_rank","https://www.topuniversities.com/where-to-study/oceania/australia/guide","澳大利亚","2026-10-06T01:48:23.392Z","","2"
"AU_UNIVERSITY_OF_SYDNEY","university-of-sydney","EVIDENCE","OFFICIAL_WEBSITE","name","https://www.sydney.edu.au/","One of Australia’s top universities - The University of Sydney","2026-10-05T06:59:49.483Z","69a29fa69f20f1c102814d50babfe7ae992948326e37e8a82b17f0d1d167c360","The University of Sydney"
"AU_UNIVERSITY_OF_SYDNEY","university-of-sydney","SELECTION_RANKING","QS World University Rankings","selection_rank","https://www.topuniversities.com/where-to-study/oceania/australia/guide","澳大利亚","2026-10-05T06:59:49.483Z","","3"
"AU_AUSTRALIAN_NATIONAL_UNIVERSITY","australian-national-university","EVIDENCE","OFFICIAL_WEBSITE","name","https://www.anu.edu.au/","The Australian National University","2026-10-05T06:59:51.133Z","c6ede439b200a67d3eb02bafc00157b3845798f126f07d4506d9e13bd595b53d","The Australian National University"
"AU_AUSTRALIAN_NATIONAL_UNIVERSITY","australian-national-university","SELECTION_RANKING","QS World University Rankings","selection_rank","https://www.topuniversities.com/where-to-study/oceania/australia/guide","澳大利亚","2026-10-05T06:59:51.133Z","","4"
"AU_MONASH_UNIVERSITY","monash-university","EVIDENCE","THIRD_PARTY","description","https://en.wikipedia.org/wiki/Monash_University","Monash University","2026-10-06T01:43:11.666Z","d3c7268555b6e88b5019f9ff79f18ec53ccdf46826757abce0747b69fd7487bf","Monash University is a public research university based in Melbourne, Victoria, Australia. Named after World War I general Sir John Monash, it was founded in 1958. The university has a number of campuses, four of which are in Victoria, one in Malaysia and another one in Indonesia. Monash has a research and teaching centre in Prato, Italy, a graduate research school in Mumbai, India, and graduate schools in Suzhou, China, and Tangerang, Indonesia."
"AU_MONASH_UNIVERSITY","monash-university","THIRD_PARTY_SOURCE","Wikidata","","https://www.wikidata.org/wiki/Q598841","Monash University","2026-10-06T01:43:11.666Z","4fa6da58a313fb65599b333848ba314d564226fff497ecba1693c475d1486531","Q598841"
"AU_MONASH_UNIVERSITY","monash-university","THIRD_PARTY_SOURCE","Wikipedia","","https://en.wikipedia.org/wiki/Monash_University","Monash University","2026-10-06T01:43:11.666Z","d3c7268555b6e88b5019f9ff79f18ec53ccdf46826757abce0747b69fd7487bf",""
"AU_MONASH_UNIVERSITY","monash-university","SELECTION_RANKING","QS World University Rankings","selection_rank","https://www.topuniversities.com/where-to-study/oceania/australia/guide","澳大利亚","2026-10-06T01:48:23.392Z","","5"
"AU_UNIVERSITY_OF_QUEENSLAND","university-of-queensland","EVIDENCE","OFFICIAL_WEBSITE","name","https://www.uq.edu.au/","The University of Queensland","2026-10-05T06:59:58.630Z","b3c639d51d2197df7291b34c018e94d35b162f7add5c9dac5e749ad67b9aeb5b","The University of Queensland"
"AU_UNIVERSITY_OF_QUEENSLAND","university-of-queensland","SELECTION_RANKING","QS World University Rankings","selection_rank","https://www.topuniversities.com/where-to-study/oceania/australia/guide","澳大利亚","2026-10-05T06:59:58.630Z","","6"
"AU_UNIVERSITY_OF_WESTERN_AUSTRALIA","university-of-western-australia","EVIDENCE","OFFICIAL_WEBSITE","name","https://www.uwa.edu.au/home","The University of Western Australia | UWA","2026-10-05T07:00:01.766Z","c14108eea5fa45292f1252bfe15690b2fcb5a90f438996149a1071b56121f870","The University of Western Australia"
"AU_UNIVERSITY_OF_WESTERN_AUSTRALIA","university-of-western-australia","SELECTION_RANKING","QS World University Rankings","selection_rank","https://www.topuniversities.com/where-to-study/oceania/australia/guide","澳大利亚","2026-10-05T07:00:01.766Z","","7"
"AU_ADELAIDE_UNIVERSITY","adelaide-university","EVIDENCE","OFFICIAL_WEBSITE","name","https://adelaide.edu.au/","Adelaide University – South Australia's university for the future","2026-10-05T07:00:02.608Z","2c385767d7d631232576fa897f0e6a64abb4daf7308bda4a8f45580883fd986a","Adelaide University"
"AU_ADELAIDE_UNIVERSITY","adelaide-university","EVIDENCE","OFFICIAL_WEBSITE","description","https://adelaide.edu.au/","Adelaide University – South Australia's university for the future","2026-10-05T07:00:02.608Z","2c385767d7d631232576fa897f0e6a64abb4daf7308bda4a8f45580883fd986a","Adelaide University is a public Australian university established in 2026 through the merger of the University of Adelaide and the University of South Australia."
"AU_ADELAIDE_UNIVERSITY","adelaide-university","EVIDENCE","OFFICIAL_WEBSITE","city","https://adelaide.edu.au/","Adelaide University – South Australia's university for the future","2026-10-05T07:00:02.608Z","2c385767d7d631232576fa897f0e6a64abb4daf7308bda4a8f45580883fd986a","Adelaide"
"AU_ADELAIDE_UNIVERSITY","adelaide-university","EVIDENCE","OFFICIAL_WEBSITE","countryRaw","https://adelaide.edu.au/","Adelaide University – South Australia's university for the future","2026-10-05T07:00:02.608Z","2c385767d7d631232576fa897f0e6a64abb4daf7308bda4a8f45580883fd986a","AU"
"AU_ADELAIDE_UNIVERSITY","adelaide-university","SELECTION_RANKING","QS World University Rankings","selection_rank","https://www.topuniversities.com/where-to-study/oceania/australia/guide","澳大利亚","2026-10-05T07:00:02.608Z","","8"
"AU_UNIVERSITY_OF_TECHNOLOGY_SYDNEY","university-of-technology-sydney","EVIDENCE","OFFICIAL_WEBSITE","name","https://www.uts.edu.au/","UTS | University of Technology Sydney | #7 in Australia | Top 100 globally","2026-10-05T07:00:03.163Z","4de54a3db597391200e2dcad59f700bc6edfa3e6a21be75183d2f88974c66efb","University of Technology Sydney"
"AU_UNIVERSITY_OF_TECHNOLOGY_SYDNEY","university-of-technology-sydney","SELECTION_RANKING","QS World University Rankings","selection_rank","https://www.topuniversities.com/where-to-study/oceania/australia/guide","澳大利亚","2026-10-05T07:00:03.163Z","","9"
"AU_RMIT_UNIVERSITY","rmit-university","EVIDENCE","OFFICIAL_WEBSITE","name","https://www.rmit.edu.au/","RMIT University: A world leader in technology, design & enterprise","2026-10-05T07:00:05.371Z","5c5eee16ea357be6f2543ada91b89c6c4fa09f73cc39b59a5110aa3bc686db6a","RMIT University"
"AU_RMIT_UNIVERSITY","rmit-university","EVIDENCE","OFFICIAL_WEBSITE","description","https://www.rmit.edu.au/","RMIT University: A world leader in technology, design & enterprise","2026-10-05T07:00:05.371Z","5c5eee16ea357be6f2543ada91b89c6c4fa09f73cc39b59a5110aa3bc686db6a","RMIT University is an international university of technology, design and enterprise."
"AU_RMIT_UNIVERSITY","rmit-university","EVIDENCE","OFFICIAL_WEBSITE","city","https://www.rmit.edu.au/","RMIT University: A world leader in technology, design & enterprise","2026-10-05T07:00:05.371Z","5c5eee16ea357be6f2543ada91b89c6c4fa09f73cc39b59a5110aa3bc686db6a","Melbourne"
"AU_RMIT_UNIVERSITY","rmit-university","EVIDENCE","OFFICIAL_WEBSITE","countryRaw","https://www.rmit.edu.au/","RMIT University: A world leader in technology, design & enterprise","2026-10-05T07:00:05.371Z","5c5eee16ea357be6f2543ada91b89c6c4fa09f73cc39b59a5110aa3bc686db6a","AU"
"AU_RMIT_UNIVERSITY","rmit-university","SELECTION_RANKING","QS World University Rankings","selection_rank","https://www.topuniversities.com/where-to-study/oceania/australia/guide","澳大利亚","2026-10-05T07:00:05.371Z","","10"
"AU_MACQUARIE_UNIVERSITY","macquarie-university","EVIDENCE","THIRD_PARTY","description","https://en.wikipedia.org/wiki/Macquarie_University","Macquarie University","2026-10-06T01:44:04.004Z","303131c53fb0b3c86b37918ab07d23dd90e62ce82d2fcdcaab79464bcc071c7a","Macquarie University is a public research university in Sydney, New South Wales, Australia. Founded in 1964 by the New South Wales Government, it was the third university to be established in the Sydney metropolitan area."
"AU_MACQUARIE_UNIVERSITY","macquarie-university","THIRD_PARTY_SOURCE","Wikidata","","https://www.wikidata.org/wiki/Q741082","Macquarie University","2026-10-06T01:44:04.004Z","bd3f12fa7de27bbbf4d3eb25abecc76a2272af9adf2254f46cea949011b5c871","Q741082"
"AU_MACQUARIE_UNIVERSITY","macquarie-university","THIRD_PARTY_SOURCE","Wikipedia","","https://en.wikipedia.org/wiki/Macquarie_University","Macquarie University","2026-10-06T01:44:04.004Z","303131c53fb0b3c86b37918ab07d23dd90e62ce82d2fcdcaab79464bcc071c7a",""
"AU_MACQUARIE_UNIVERSITY","macquarie-university","SELECTION_RANKING","QS World University Rankings","selection_rank","https://www.topuniversities.com/where-to-study/oceania/australia/guide","澳大利亚","2026-10-06T01:44:04.004Z","","11"
"AU_CURTIN_UNIVERSITY","curtin-university","EVIDENCE","OFFICIAL_WEBSITE","name","https://www.curtin.edu.au/","Curtin University | Make tomorrow better","2026-10-05T07:00:13.367Z","17fd80ba080ce2b8d9393aabb1e5c3543fe89d82ae086bd6dcf5134fff13373a","Curtin University"
"AU_CURTIN_UNIVERSITY","curtin-university","SELECTION_RANKING","QS World University Rankings","selection_rank","https://www.topuniversities.com/where-to-study/oceania/australia/guide","澳大利亚","2026-10-05T07:00:13.367Z","","12"
"AU_UNIVERSITY_OF_WOLLONGONG","university-of-wollongong","EVIDENCE","OFFICIAL_WEBSITE","name","https://www.uow.edu.au/","University of Wollongong &ndash; UOW - A world-class University","2026-10-05T07:00:15.202Z","1dcab4eb83c8b3d7930d33f75b600c63050df55e10035a8ea055f34b50344903","University of Wollongong"
"AU_UNIVERSITY_OF_WOLLONGONG","university-of-wollongong","SELECTION_RANKING","QS World University Rankings","selection_rank","https://www.topuniversities.com/where-to-study/oceania/australia/guide","澳大利亚","2026-10-05T07:00:15.202Z","","13"
"AU_DEAKIN_UNIVERSITY","deakin-university","EVIDENCE","THIRD_PARTY","description","https://en.wikipedia.org/wiki/Deakin_University","Deakin University","2026-10-06T01:44:06.784Z","28dbadd26480ca2893f2655b6dd4ea3fd47338ead17dc6561ec0d4c0c948bc23","Deakin University is a public research university in the state of Victoria, Australia. Its largest campus is in Victoria's state capital Melbourne, with regional campuses in Geelong and Warrnambool. The university was named after Alfred Deakin, the early Prime Minister of Australia and a founding father of Australian Federation."
"AU_DEAKIN_UNIVERSITY","deakin-university","THIRD_PARTY_SOURCE","Wikidata","","https://www.wikidata.org/wiki/Q1180978","Deakin University","2026-10-06T01:44:06.784Z","50656ee941f17da6487b6de99cf618ecda389c17ba1d9ebb3c9e6087597af776","Q1180978"
"AU_DEAKIN_UNIVERSITY","deakin-university","THIRD_PARTY_SOURCE","Wikipedia","","https://en.wikipedia.org/wiki/Deakin_University","Deakin University","2026-10-06T01:44:06.784Z","28dbadd26480ca2893f2655b6dd4ea3fd47338ead17dc6561ec0d4c0c948bc23",""
"AU_DEAKIN_UNIVERSITY","deakin-university","SELECTION_RANKING","QS World University Rankings","selection_rank","https://www.topuniversities.com/where-to-study/oceania/australia/guide","澳大利亚","2026-10-06T01:44:06.784Z","","14"
"AU_GRIFFITH_UNIVERSITY","griffith-university","EVIDENCE","THIRD_PARTY","description","https://en.wikipedia.org/wiki/Griffith_University","Griffith University","2026-10-06T01:44:09.631Z","818e771e2f3ee662b604076a87e6af59c77cb448bdd7510083e66e15901c6a06","Griffith University is a public research university in South East Queensland, Australia. The university was founded in 1971 and officially opened in 1975. The university has five campuses, at Gold Coast, Nathan, Logan, South Bank, and Mount Gravatt. A sixth campus, to be located at the Treasury Building in the Brisbane CBD, will open in 2027. The university was named in honour of Sir Samuel Walker Griffith, who was twice Premier of Queensland and the first Chief Justice of the High Court of Australia."
"AU_GRIFFITH_UNIVERSITY","griffith-university","THIRD_PARTY_SOURCE","Wikidata","","https://www.wikidata.org/wiki/Q1202292","Griffith University","2026-10-06T01:44:09.631Z","59103a2128b1023d79b7a3073124d1b335611efeb692be528425ecf46de78182","Q1202292"
"AU_GRIFFITH_UNIVERSITY","griffith-university","THIRD_PARTY_SOURCE","Wikipedia","","https://en.wikipedia.org/wiki/Griffith_University","Griffith University","2026-10-06T01:44:09.631Z","818e771e2f3ee662b604076a87e6af59c77cb448bdd7510083e66e15901c6a06",""
"AU_GRIFFITH_UNIVERSITY","griffith-university","SELECTION_RANKING","QS World University Rankings","selection_rank","https://www.topuniversities.com/where-to-study/oceania/australia/guide","澳大利亚","2026-10-06T01:44:09.631Z","","15"
"AU_QUEENSLAND_UNIVERSITY_OF_TECHNOLOGY","queensland-university-of-technology","EVIDENCE","THIRD_PARTY","description","https://en.wikipedia.org/wiki/Queensland_University_of_Technology","Queensland University of Technology","2026-10-06T01:44:12.248Z","55689b33a587b01e10702d7bbebcd658e80da1da88da2abedd13f41507376c06","The Queensland University of Technology (QUT) is a public research university located in the city of Brisbane in Queensland, Australia. It has two major campuses, a city campus in Gardens Point and a campus in Kelvin Grove. The university offers courses in fields including architecture, engineering, information technology, healthcare, teaching, law, arts and design, science and mathematics."
"AU_QUEENSLAND_UNIVERSITY_OF_TECHNOLOGY","queensland-university-of-technology","THIRD_PARTY_SOURCE","Wikidata","","https://www.wikidata.org/wiki/Q1144750","Queensland University of Technology","2026-10-06T01:44:12.248Z","bf8b7c4153fde83b8c2ce80e36a72097cbe94237bf60dc618a61eeb1309bd4d0","Q1144750"
"AU_QUEENSLAND_UNIVERSITY_OF_TECHNOLOGY","queensland-university-of-technology","THIRD_PARTY_SOURCE","Wikipedia","","https://en.wikipedia.org/wiki/Queensland_University_of_Technology","Queensland University of Technology","2026-10-06T01:44:12.248Z","55689b33a587b01e10702d7bbebcd658e80da1da88da2abedd13f41507376c06",""
"AU_QUEENSLAND_UNIVERSITY_OF_TECHNOLOGY","queensland-university-of-technology","SELECTION_RANKING","QS World University Rankings","selection_rank","https://www.topuniversities.com/where-to-study/oceania/australia/guide","澳大利亚","2026-10-06T01:44:12.248Z","","16"
"AU_LA_TROBE_UNIVERSITY","la-trobe-university","EVIDENCE","THIRD_PARTY","description","https://en.wikipedia.org/wiki/La_Trobe_University","La Trobe University","2026-10-06T01:45:05.895Z","6b3489fc58f744d545665d3ecaf2bff484de25d44a7680930ee6b944bd729d05","La Trobe University is a public research university based in Melbourne, Victoria, Australia. Its main campus is located in the suburb of Bundoora. The university was established in 1964, becoming the third university in the state of Victoria and the twelfth university in Australia. La Trobe is one of the Australian verdant universities and also part of the Innovative Research Universities group."
"AU_LA_TROBE_UNIVERSITY","la-trobe-university","THIRD_PARTY_SOURCE","Wikidata","","https://www.wikidata.org/wiki/Q1478723","La Trobe University","2026-10-06T01:45:05.895Z","c31f51dec1d10ab4fbf756d265de87807ef5b50290456da030c4a04d5976aed8","Q1478723"
"AU_LA_TROBE_UNIVERSITY","la-trobe-university","THIRD_PARTY_SOURCE","Wikipedia","","https://en.wikipedia.org/wiki/La_Trobe_University","La Trobe University","2026-10-06T01:45:05.895Z","6b3489fc58f744d545665d3ecaf2bff484de25d44a7680930ee6b944bd729d05",""
"AU_LA_TROBE_UNIVERSITY","la-trobe-university","SELECTION_RANKING","QS World University Rankings","selection_rank","https://www.topuniversities.com/where-to-study/oceania/australia/guide","澳大利亚","2026-10-06T01:45:05.895Z","","17"
"AU_UNIVERSITY_OF_NEWCASTLE","university-of-newcastle","EVIDENCE","THIRD_PARTY","description","https://en.wikipedia.org/wiki/University_of_Newcastle_(Australia)","University of Newcastle (Australia)","2026-10-06T01:45:08.688Z","41dae70345e24024cbdd1cb3a368f33383ba657f8268d8ae65a6a4d03dddec69","The University of Newcastle is a public university in Newcastle, New South Wales, Australia. Established in 1965, it has a primary campus in the Newcastle suburb of Callaghan. The university also operates campuses in Central Coast, Singapore, the Newcastle CBD and Sydney."
"AU_UNIVERSITY_OF_NEWCASTLE","university-of-newcastle","THIRD_PARTY_SOURCE","Wikidata","","https://www.wikidata.org/wiki/Q531285","University of Newcastle","2026-10-06T01:45:08.688Z","ab6440b7f0c9ce8f38a6e61acdee093db9199ed969643835788666f1467b71d7","Q531285"
"AU_UNIVERSITY_OF_NEWCASTLE","university-of-newcastle","THIRD_PARTY_SOURCE","Wikipedia","","https://en.wikipedia.org/wiki/University_of_Newcastle_(Australia)","University of Newcastle (Australia)","2026-10-06T01:45:08.688Z","41dae70345e24024cbdd1cb3a368f33383ba657f8268d8ae65a6a4d03dddec69",""
"AU_UNIVERSITY_OF_NEWCASTLE","university-of-newcastle","SELECTION_RANKING","QS World University Rankings","selection_rank","https://www.topuniversities.com/where-to-study/oceania/australia/guide","澳大利亚","2026-10-06T01:45:08.688Z","","18"
"AU_SWINBURNE_UNIVERSITY_OF_TECHNOLOGY","swinburne-university-of-technology","EVIDENCE","OFFICIAL_WEBSITE","name","https://www.swinburne.edu.au/","Swinburne University of Technology | Melbourne | Australia","2026-10-05T07:00:47.706Z","3bdab49d1d88ced71a9db70777b15f8c6f316b4343e405a136edd809f1fb17bd","Swinburne University of Technology"
"AU_SWINBURNE_UNIVERSITY_OF_TECHNOLOGY","swinburne-university-of-technology","SELECTION_RANKING","QS World University Rankings","selection_rank","https://www.topuniversities.com/where-to-study/oceania/australia/guide","澳大利亚","2026-10-05T07:00:47.706Z","","19"
"AU_UNIVERSITY_OF_TASMANIA","university-of-tasmania","EVIDENCE","THIRD_PARTY","description","https://en.wikipedia.org/wiki/University_of_Tasmania","University of Tasmania","2026-10-06T01:45:11.511Z","0f46aa781700e7fdaa0dd687ff109a7a3ec1d39f05f88762f28c011280aed2de","The University of Tasmania (UTAS) is a public research university, primarily located in Tasmania, Australia. Founded in 1890, it is Australia's fourth oldest university. Christ College, one of the university's residential colleges, first proposed in 1840 in Lieutenant-Governor Sir John Franklin's Legislative Council, was modelled on the Oxford and Cambridge colleges, and was founded in 1846, making it the oldest tertiary institution in the country. The university is a sandstone university, a member of the international Association of Commonwealth Universities, and the Association of Southeast Asian Institutions of Higher Learning."
"AU_UNIVERSITY_OF_TASMANIA","university-of-tasmania","THIRD_PARTY_SOURCE","Wikidata","","https://www.wikidata.org/wiki/Q962011","University of Tasmania","2026-10-06T01:45:11.511Z","d8a63c5b2f37ffb3011231f0d66219016044e26bae43b83ef9aefc03dc83687b","Q962011"
"AU_UNIVERSITY_OF_TASMANIA","university-of-tasmania","THIRD_PARTY_SOURCE","Wikipedia","","https://en.wikipedia.org/wiki/University_of_Tasmania","University of Tasmania","2026-10-06T01:45:11.511Z","0f46aa781700e7fdaa0dd687ff109a7a3ec1d39f05f88762f28c011280aed2de",""
"AU_UNIVERSITY_OF_TASMANIA","university-of-tasmania","SELECTION_RANKING","QS World University Rankings","selection_rank","https://www.topuniversities.com/where-to-study/oceania/australia/guide","澳大利亚","2026-10-06T01:45:11.511Z","","20"
"SG_NATIONAL_UNIVERSITY_OF_SINGAPORE","national-university-of-singapore","EVIDENCE","THIRD_PARTY","description","https://en.wikipedia.org/wiki/National_University_of_Singapore","National University of Singapore","2026-10-06T01:46:05.291Z","2598978ce306c67a65aff819ae04fdb18c95416ab574e1662488a8e53a8f56a3","The National University of Singapore (NUS) is a national public research university in Singapore. It was officially established in 1980 through the government-directed merger of the public University of Singapore and the private Nanyang University."
"SG_NATIONAL_UNIVERSITY_OF_SINGAPORE","national-university-of-singapore","THIRD_PARTY_SOURCE","Wikidata","","https://www.wikidata.org/wiki/Q738236","National University of Singapore","2026-10-06T01:46:05.291Z","d44f6579b1d8426cb1b4d4bfc1b2d30582be7b90592dca9868115e555bdcb79b","Q738236"
"SG_NATIONAL_UNIVERSITY_OF_SINGAPORE","national-university-of-singapore","THIRD_PARTY_SOURCE","Wikipedia","","https://en.wikipedia.org/wiki/National_University_of_Singapore","National University of Singapore","2026-10-06T01:46:05.291Z","2598978ce306c67a65aff819ae04fdb18c95416ab574e1662488a8e53a8f56a3",""
"SG_NATIONAL_UNIVERSITY_OF_SINGAPORE","national-university-of-singapore","SELECTION_RANKING","High-confidence institutional selection (MOE/ICA/CPE and official sites)","selection_rank","https://www.ica.gov.sg/reside/LTVP/apply/graduate-from-an-institute-of-higher-learning-seeking-employment-in-singapore/list_ihl","新加坡","2026-10-06T01:46:05.291Z","","1"
"SG_NANYANG_TECHNOLOGICAL_UNIVERSITY","nanyang-technological-university","EVIDENCE","OFFICIAL_WEBSITE","name","https://www.ntu.edu.sg/","Nanyang Technological University - NTU Singapore","2026-10-05T06:59:41.405Z","c95337de88b48bd1a7a3266bcf34f99d476180b35db84ea1a1cb542fcd07edaa","Nanyang Technological University, Singapore"
"SG_NANYANG_TECHNOLOGICAL_UNIVERSITY","nanyang-technological-university","SELECTION_RANKING","High-confidence institutional selection (MOE/ICA/CPE and official sites)","selection_rank","https://www.ica.gov.sg/reside/LTVP/apply/graduate-from-an-institute-of-higher-learning-seeking-employment-in-singapore/list_ihl","新加坡","2026-10-05T06:59:41.405Z","","2"
"SG_SINGAPORE_UNIVERSITY_OF_TECHNOLOGY_AND_DESIGN","singapore-university-of-technology-and-design","EVIDENCE","OFFICIAL_WEBSITE","name","https://www.sutd.edu.sg/","Singapore University of Technology and Design (SUTD)","2026-10-05T06:59:43.132Z","aeb597ae7eef11d9b45d75ad7252d571e0a017ed4d0e84361675634cfee6b5f2","Singapore University of Technology and Design"
"SG_SINGAPORE_UNIVERSITY_OF_TECHNOLOGY_AND_DESIGN","singapore-university-of-technology-and-design","SELECTION_RANKING","High-confidence institutional selection (MOE/ICA/CPE and official sites)","selection_rank","https://www.ica.gov.sg/reside/LTVP/apply/graduate-from-an-institute-of-higher-learning-seeking-employment-in-singapore/list_ihl","新加坡","2026-10-05T06:59:43.132Z","","3"
"SG_SINGAPORE_MANAGEMENT_UNIVERSITY","singapore-management-university","EVIDENCE","OFFICIAL_WEBSITE","name","https://www.smu.edu.sg/","","2026-10-05T06:59:43.514Z","d02032286070b4dd9d8fbd985a7bdca8af8edf52b89ff177db3bfcb2c8a9c43d","Singapore Management University"
"SG_SINGAPORE_MANAGEMENT_UNIVERSITY","singapore-management-university","SELECTION_RANKING","High-confidence institutional selection (MOE/ICA/CPE and official sites)","selection_rank","https://www.ica.gov.sg/reside/LTVP/apply/graduate-from-an-institute-of-higher-learning-seeking-employment-in-singapore/list_ihl","新加坡","2026-10-05T06:59:43.514Z","","4"
"SG_SINGAPORE_INSTITUTE_OF_TECHNOLOGY","singapore-institute-of-technology","EVIDENCE","OFFICIAL_WEBSITE","name","https://www.singaporetech.edu.sg/","","2026-10-05T06:59:43.607Z","d02032286070b4dd9d8fbd985a7bdca8af8edf52b89ff177db3bfcb2c8a9c43d","Singapore Institute of Technology"
"SG_SINGAPORE_INSTITUTE_OF_TECHNOLOGY","singapore-institute-of-technology","SELECTION_RANKING","High-confidence institutional selection (MOE/ICA/CPE and official sites)","selection_rank","https://www.ica.gov.sg/reside/LTVP/apply/graduate-from-an-institute-of-higher-learning-seeking-employment-in-singapore/list_ihl","新加坡","2026-10-05T06:59:43.607Z","","5"
"SG_SINGAPORE_UNIVERSITY_OF_SOCIAL_SCIENCES","singapore-university-of-social-sciences","EVIDENCE","THIRD_PARTY","description","https://en.wikipedia.org/wiki/Singapore_University_of_Social_Sciences","Singapore University of Social Sciences","2026-10-06T01:46:07.672Z","59e2b951803701c61010e9bfa03790405b4e34b7f3beee90c4e2d5a874093eac","The Singapore University of Social Sciences (SUSS) is a public autonomous university in Singapore. Established in 2017 through the restructuring of SIM University, SUSS focuses on applied degree programmes primarily in the social sciences."
"SG_SINGAPORE_UNIVERSITY_OF_SOCIAL_SCIENCES","singapore-university-of-social-sciences","THIRD_PARTY_SOURCE","Wikidata","","https://www.wikidata.org/wiki/Q494179","Singapore University of Social Sciences","2026-10-06T01:46:07.672Z","277bcd1663921261e4c408220d22a0497a1d07b4a05db4f751f16b9bf928b2d5","Q494179"
"SG_SINGAPORE_UNIVERSITY_OF_SOCIAL_SCIENCES","singapore-university-of-social-sciences","THIRD_PARTY_SOURCE","Wikipedia","","https://en.wikipedia.org/wiki/Singapore_University_of_Social_Sciences","Singapore University of Social Sciences","2026-10-06T01:46:07.672Z","59e2b951803701c61010e9bfa03790405b4e34b7f3beee90c4e2d5a874093eac",""
"SG_SINGAPORE_UNIVERSITY_OF_SOCIAL_SCIENCES","singapore-university-of-social-sciences","SELECTION_RANKING","High-confidence institutional selection (MOE/ICA/CPE and official sites)","selection_rank","https://www.ica.gov.sg/reside/LTVP/apply/graduate-from-an-institute-of-higher-learning-seeking-employment-in-singapore/list_ihl","新加坡","2026-10-06T01:46:07.672Z","","6"
"SG_UNIVERSITY_OF_THE_ARTS_SINGAPORE","university-of-the-arts-singapore","EVIDENCE","OFFICIAL_WEBSITE","name","https://uas.edu.sg/","University of the Arts Singapore (UAS)","2026-10-05T06:59:49.960Z","4605905b216f35060785aede084765e4d8fc50e62a40e4c7f79bf01492c25e51","University of the Arts Singapore"
"SG_UNIVERSITY_OF_THE_ARTS_SINGAPORE","university-of-the-arts-singapore","SELECTION_RANKING","High-confidence institutional selection (MOE/ICA/CPE and official sites)","selection_rank","https://www.ica.gov.sg/reside/LTVP/apply/graduate-from-an-institute-of-higher-learning-seeking-employment-in-singapore/list_ihl","新加坡","2026-10-05T06:59:49.960Z","","7"
"SG_INSEAD_ASIA_CAMPUS","insead-asia-campus","EVIDENCE","THIRD_PARTY","description","https://en.wikipedia.org/wiki/INSEAD","INSEAD","2026-10-06T01:46:10.496Z","83f0d52e4f02501d90908e8332bbe341b0e365b5cb9bd780f36057db50c057a9","INSEAD is a non-profit business school with locations in France (Fontainebleau), Singapore, the United Arab Emirates, and the United States."
"SG_INSEAD_ASIA_CAMPUS","insead-asia-campus","THIRD_PARTY_SOURCE","Wikidata","","https://www.wikidata.org/wiki/Q1136829","INSEAD","2026-10-06T01:46:10.496Z","c2c7a9b36da409e0bc84285b487a70e57553be4cab7b00a3a211f97499a4a7b2","Q1136829"
"SG_INSEAD_ASIA_CAMPUS","insead-asia-campus","THIRD_PARTY_SOURCE","Wikipedia","","https://en.wikipedia.org/wiki/INSEAD","INSEAD","2026-10-06T01:46:10.496Z","83f0d52e4f02501d90908e8332bbe341b0e365b5cb9bd780f36057db50c057a9",""
"SG_INSEAD_ASIA_CAMPUS","insead-asia-campus","SELECTION_RANKING","High-confidence institutional selection (MOE/ICA/CPE and official sites)","selection_rank","https://www.ica.gov.sg/reside/LTVP/apply/graduate-from-an-institute-of-higher-learning-seeking-employment-in-singapore/list_ihl","新加坡","2026-10-06T01:46:10.496Z","","8"
"SG_ESSEC_ASIA_PACIFIC","essec-asia-pacific","EVIDENCE","THIRD_PARTY","description","https://en.wikipedia.org/wiki/ESSEC_Business_School","ESSEC Business School","2026-10-06T01:46:13.423Z","9016ae46fddf0c82d2661032dfd8e5bc89b4c8d5b778280a66269226b6965011","ESSEC Business School is a French business school and Grande école. Its main campus is located in Cergy, with additional campuses in Paris, Rabat, and Singapore."
"SG_ESSEC_ASIA_PACIFIC","essec-asia-pacific","THIRD_PARTY_SOURCE","Wikidata","","https://www.wikidata.org/wiki/Q273642","ESSEC Business School","2026-10-06T01:46:13.423Z","390e93c1a85dfab930e1873273ea22fbe05d065bdd18e7346fe8172da31b4235","Q273642"
"SG_ESSEC_ASIA_PACIFIC","essec-asia-pacific","THIRD_PARTY_SOURCE","Wikipedia","","https://en.wikipedia.org/wiki/ESSEC_Business_School","ESSEC Business School","2026-10-06T01:46:13.423Z","9016ae46fddf0c82d2661032dfd8e5bc89b4c8d5b778280a66269226b6965011",""
"SG_ESSEC_ASIA_PACIFIC","essec-asia-pacific","SELECTION_RANKING","High-confidence institutional selection (MOE/ICA/CPE and official sites)","selection_rank","https://www.ica.gov.sg/reside/LTVP/apply/graduate-from-an-institute-of-higher-learning-seeking-employment-in-singapore/list_ihl","新加坡","2026-10-06T01:46:13.423Z","","9"
"SG_TUM_ASIA","tum-asia","EVIDENCE","OFFICIAL_WEBSITE","name","https://tum-asia.edu.sg/","TUM Asia – Technical University of Munich Asia","2026-10-05T06:59:58.951Z","682e7bea3c868448289fa00283a46f8330bb14437c2e22ceb446ee8a351d2099","Technical University of Munich"
"SG_TUM_ASIA","tum-asia","SELECTION_RANKING","High-confidence institutional selection (MOE/ICA/CPE and official sites)","selection_rank","https://www.ica.gov.sg/reside/LTVP/apply/graduate-from-an-institute-of-higher-learning-seeking-employment-in-singapore/list_ihl","新加坡","2026-10-05T06:59:58.951Z","","10"
"SG_SP_JAIN_SINGAPORE","sp-jain-singapore","EVIDENCE","OFFICIAL_WEBSITE","name","https://www.spjain.sg/","World's leading B-School | SP Jain School of Global Management","2026-10-05T06:59:59.542Z","51d3b14cf438b9202277084212358b62c14d7d5e26d350339a9c28cdd48f20fb","SP Jain School of Global Management Singapore"
"SG_SP_JAIN_SINGAPORE","sp-jain-singapore","SELECTION_RANKING","High-confidence institutional selection (MOE/ICA/CPE and official sites)","selection_rank","https://www.ica.gov.sg/reside/LTVP/apply/graduate-from-an-institute-of-higher-learning-seeking-employment-in-singapore/list_ihl","新加坡","2026-10-05T06:59:59.542Z","","11"
"SG_DIGIPEN_SINGAPORE","digipen-singapore","EVIDENCE","OFFICIAL_WEBSITE","name","https://www.digipen.edu.sg/","DigiPen (Singapore) | Education for the Digital Economy","2026-10-05T06:59:59.691Z","e4783e63ed11655e39e349af8138b538161d31053f71fd1d6bf4a020f0f0ff7b","DigiPen Institute of Technology Singapore"
"SG_DIGIPEN_SINGAPORE","digipen-singapore","SELECTION_RANKING","High-confidence institutional selection (MOE/ICA/CPE and official sites)","selection_rank","https://www.ica.gov.sg/reside/LTVP/apply/graduate-from-an-institute-of-higher-learning-seeking-employment-in-singapore/list_ihl","新加坡","2026-10-05T06:59:59.691Z","","12"
"SG_SORBONNE_ASSAS_ASIA","sorbonne-assas-asia","EVIDENCE","THIRD_PARTY","description","https://en.wikipedia.org/wiki/Paris-Panth%C3%A9on-Assas_University","Paris-Panthéon-Assas University","2026-10-06T01:47:03.919Z","0d73d6a3a7a742a184f6b203b503df772f1715cde8e702f87fb6c476cf917d6e","Paris-Panthéon-Assas University, abbreviated as Assas University and commonly known as Assas or Paris 2, is a public research university in Paris, France."
"SG_SORBONNE_ASSAS_ASIA","sorbonne-assas-asia","THIRD_PARTY_SOURCE","Wikidata","","https://www.wikidata.org/wiki/Q662976","Panthéon-Assas University Paris","2026-10-06T01:47:03.919Z","e22a3290f74082dbd815aacb1478cb358da5a62b165488ee9c5066f3536b5d93","Q662976"
"SG_SORBONNE_ASSAS_ASIA","sorbonne-assas-asia","THIRD_PARTY_SOURCE","Wikipedia","","https://en.wikipedia.org/wiki/Paris-Panth%C3%A9on-Assas_University","Paris-Panthéon-Assas University","2026-10-06T01:47:03.919Z","0d73d6a3a7a742a184f6b203b503df772f1715cde8e702f87fb6c476cf917d6e",""
"SG_SORBONNE_ASSAS_ASIA","sorbonne-assas-asia","SELECTION_RANKING","High-confidence institutional selection (MOE/ICA/CPE and official sites)","selection_rank","https://www.ica.gov.sg/reside/LTVP/apply/graduate-from-an-institute-of-higher-learning-seeking-employment-in-singapore/list_ihl","新加坡","2026-10-06T01:47:03.919Z","","13"
"SG_EHL_CAMPUS_SINGAPORE","ehl-campus-singapore","EVIDENCE","THIRD_PARTY","description","https://en.wikipedia.org/wiki/%C3%89cole_h%C3%B4teli%C3%A8re_de_Lausanne","École hôtelière de Lausanne","2026-10-06T01:47:06.030Z","f8806eeb79770fd2daaf3e9b9eafb447cce18ae8f0ce72cd4ffbf4adacd24fe4","EHL Hospitality Business School, formerly known as École hôtelière de Lausanne, is a hospitality management school in Switzerland. The school is often seen as one of the best of its kind in the world, training its students to obtain managerial careers in the hotel and hospitality industries."
"SG_EHL_CAMPUS_SINGAPORE","ehl-campus-singapore","THIRD_PARTY_SOURCE","Wikidata","","https://www.wikidata.org/wiki/Q273551","École hôtelière de Lausanne","2026-10-06T01:47:06.030Z","189158ac6391f23f4cc503f9b5e762a463182ed1668aa2d4de1d3fc74ea593e2","Q273551"
"SG_EHL_CAMPUS_SINGAPORE","ehl-campus-singapore","THIRD_PARTY_SOURCE","Wikipedia","","https://en.wikipedia.org/wiki/%C3%89cole_h%C3%B4teli%C3%A8re_de_Lausanne","École hôtelière de Lausanne","2026-10-06T01:47:06.030Z","f8806eeb79770fd2daaf3e9b9eafb447cce18ae8f0ce72cd4ffbf4adacd24fe4",""
"SG_EHL_CAMPUS_SINGAPORE","ehl-campus-singapore","SELECTION_RANKING","High-confidence institutional selection (MOE/ICA/CPE and official sites)","selection_rank","https://www.ica.gov.sg/reside/LTVP/apply/graduate-from-an-institute-of-higher-learning-seeking-employment-in-singapore/list_ihl","新加坡","2026-10-06T01:47:06.030Z","","14"
"SG_DUKE_NUS_MEDICAL_SCHOOL","duke-nus-medical-school","EVIDENCE","OFFICIAL_WEBSITE","name","https://www.duke-nus.edu.sg/","","2026-10-05T07:00:04.863Z","d02032286070b4dd9d8fbd985a7bdca8af8edf52b89ff177db3bfcb2c8a9c43d","Duke-NUS Medical School"
"SG_DUKE_NUS_MEDICAL_SCHOOL","duke-nus-medical-school","SELECTION_RANKING","High-confidence institutional selection (MOE/ICA/CPE and official sites)","selection_rank","https://www.ica.gov.sg/reside/LTVP/apply/graduate-from-an-institute-of-higher-learning-seeking-employment-in-singapore/list_ihl","新加坡","2026-10-05T07:00:04.863Z","","15"
"SG_JAMES_COOK_UNIVERSITY_SINGAPORE","james-cook-university-singapore","EVIDENCE","THIRD_PARTY","description","https://en.wikipedia.org/wiki/James_Cook_University_Singapore","James Cook University Singapore","2026-10-06T01:47:09.156Z","483077ad9c65ba1bc04d502923ac83b3aa4f41961a1f970c728935819f642ed4","James Cook University in Singapore is a branch campus of James Cook University, a public research university based in Australia. Established in 2003, it is currently the only overseas institution with university status in Singapore. It is located between Kallang and Geylang in the Central Region on the former site of the Manjusri Secondary School."
"SG_JAMES_COOK_UNIVERSITY_SINGAPORE","james-cook-university-singapore","THIRD_PARTY_SOURCE","Wikidata","","https://www.wikidata.org/wiki/Q720304","James Cook University Singapore","2026-10-06T01:47:09.156Z","095844b943527e20477a4e31aef6585fc24fbd3d75ba00b747941913f5823e2a","Q720304"
"SG_JAMES_COOK_UNIVERSITY_SINGAPORE","james-cook-university-singapore","THIRD_PARTY_SOURCE","Wikipedia","","https://en.wikipedia.org/wiki/James_Cook_University_Singapore","James Cook University Singapore","2026-10-06T01:47:09.156Z","483077ad9c65ba1bc04d502923ac83b3aa4f41961a1f970c728935819f642ed4",""
"SG_JAMES_COOK_UNIVERSITY_SINGAPORE","james-cook-university-singapore","SELECTION_RANKING","High-confidence institutional selection (MOE/ICA/CPE and official sites)","selection_rank","https://www.ica.gov.sg/reside/LTVP/apply/graduate-from-an-institute-of-higher-learning-seeking-employment-in-singapore/list_ihl","新加坡","2026-10-06T01:47:09.156Z","","16"
"SG_CURTIN_SINGAPORE","curtin-singapore","EVIDENCE","OFFICIAL_WEBSITE","name","https://www.curtin.edu.sg/","Home - Curtin Singapore","2026-10-05T07:00:13.873Z","e4bba6952a9116f74804e24bcc97647b8a1e2b737c956c28062acc55f8447abb","Curtin Singapore"
"SG_CURTIN_SINGAPORE","curtin-singapore","SELECTION_RANKING","High-confidence institutional selection (MOE/ICA/CPE and official sites)","selection_rank","https://www.ica.gov.sg/reside/LTVP/apply/graduate-from-an-institute-of-higher-learning-seeking-employment-in-singapore/list_ihl","新加坡","2026-10-05T07:00:13.873Z","","17"
"SG_SIM_GLOBAL_EDUCATION","sim-global-education","EVIDENCE","OFFICIAL_WEBSITE","name","https://www.sim.edu.sg/","Singapore Institute of Management | Degree & Diploma Programmes | Professional Short Courses","2026-10-05T07:00:17.623Z","b99620e7a0e8f5b8504eacc175998465623f7496377faa7d0191488a57d1fc98","Singapore Institute of Management"
"SG_SIM_GLOBAL_EDUCATION","sim-global-education","EVIDENCE","OFFICIAL_WEBSITE","city","https://www.sim.edu.sg/","Singapore Institute of Management | Degree & Diploma Programmes | Professional Short Courses","2026-10-05T07:00:17.623Z","b99620e7a0e8f5b8504eacc175998465623f7496377faa7d0191488a57d1fc98","Singapore"
"SG_SIM_GLOBAL_EDUCATION","sim-global-education","SELECTION_RANKING","High-confidence institutional selection (MOE/ICA/CPE and official sites)","selection_rank","https://www.ica.gov.sg/reside/LTVP/apply/graduate-from-an-institute-of-higher-learning-seeking-employment-in-singapore/list_ihl","新加坡","2026-10-05T07:00:17.623Z","","18"
"SG_KAPLAN_SINGAPORE","kaplan-singapore","EVIDENCE","OFFICIAL_WEBSITE","name","https://www.kaplan.com.sg/","From Diploma to Degree (Online & Onsite) - Kaplan (Singapore)","2026-10-05T07:00:18.236Z","e27ccd62df689534d9c5985b74e71b8e543672ac01005f46bec4222df71b777e","Kaplan Singapore"
"SG_KAPLAN_SINGAPORE","kaplan-singapore","EVIDENCE","OFFICIAL_WEBSITE","description","https://www.kaplan.com.sg/","From Diploma to Degree (Online & Onsite) - Kaplan (Singapore)","2026-10-05T07:00:18.236Z","e27ccd62df689534d9c5985b74e71b8e543672ac01005f46bec4222df71b777e","Kaplan provides a future-ready curriculum, giving students access to renowned universities around the world. From on-campus to online degrees in Singapore, we help you become the best version of yourself."
"SG_KAPLAN_SINGAPORE","kaplan-singapore","SELECTION_RANKING","High-confidence institutional selection (MOE/ICA/CPE and official sites)","selection_rank","https://www.ica.gov.sg/reside/LTVP/apply/graduate-from-an-institute-of-higher-learning-seeking-employment-in-singapore/list_ihl","新加坡","2026-10-05T07:00:18.236Z","","19"
"SG_PSB_ACADEMY","psb-academy","EVIDENCE","OFFICIAL_WEBSITE","name","https://www.psb-academy.edu.sg/","Apply for Diploma, Degree and More Programmes | PSB Academy","2026-10-05T07:00:20.026Z","083febdd6cd7ca979659b26ad7443768fe8bd6737a5c79f31e995cac5f72cf39","PSB Academy Singapore"
"SG_PSB_ACADEMY","psb-academy","EVIDENCE","OFFICIAL_WEBSITE","description","https://www.psb-academy.edu.sg/","Apply for Diploma, Degree and More Programmes | PSB Academy","2026-10-05T07:00:20.026Z","083febdd6cd7ca979659b26ad7443768fe8bd6737a5c79f31e995cac5f72cf39","PSB Academy is a leading private education institution in Singapore, offering a wide range of diploma, degree, and postgraduate programmes in disciplines such as business, engineering, IT, and life sciences. With modern facilities, industry-relevant curricula, and experienced faculty, we provide quality education that prepares students for global careers. As one of Singapore’s trusted learning institutions, PSB Academy is committed to shaping future-ready graduates through innovative teaching and holistic learning experiences."
"SG_PSB_ACADEMY","psb-academy","EVIDENCE","OFFICIAL_WEBSITE","city","https://www.psb-academy.edu.sg/","Apply for Diploma, Degree and More Programmes | PSB Academy","2026-10-05T07:00:20.026Z","083febdd6cd7ca979659b26ad7443768fe8bd6737a5c79f31e995cac5f72cf39","Singapore"
"SG_PSB_ACADEMY","psb-academy","EVIDENCE","OFFICIAL_WEBSITE","countryRaw","https://www.psb-academy.edu.sg/","Apply for Diploma, Degree and More Programmes | PSB Academy","2026-10-05T07:00:20.026Z","083febdd6cd7ca979659b26ad7443768fe8bd6737a5c79f31e995cac5f72cf39","SG"
"SG_PSB_ACADEMY","psb-academy","SELECTION_RANKING","High-confidence institutional selection (MOE/ICA/CPE and official sites)","selection_rank","https://www.ica.gov.sg/reside/LTVP/apply/graduate-from-an-institute-of-higher-learning-seeking-employment-in-singapore/list_ihl","新加坡","2026-10-05T07:00:20.026Z","","20"
